{"type":"FeatureCollection","features":[{"type":"Feature","geometry":{"type":"Polygon","coordinates":[[[141.021617188,37.609785211],[141.021848142,37.60979136],[141.021847782,37.60976876],[141.021811642,37.609729569],[141.021816272,37.609574122],[141.021652834,37.609570117],[141.021633146,37.609672032],[141.021617188,37.609785211]]]},"properties":{"field_id":"maff-2026-00393a5c-30ce-4bce-b517-3613803aa3c7","source_polygon_id":"00393a5c-30ce-4bce-b517-3613803aa3c7","field_id_method":"source_id","municipality":"南相馬市","area_ha":0.03952,"source_land_type":200,"declaration_source":"synthetic_demo","is_synthetic_declaration":true,"baseline_year":2024,"target_year":2025,"baseline_status":"review_required","status":"review_required","baseline_confidence":0.79,"confidence":0.79,"reason_codes":["NO_SAR_FLOOD_SIGNAL","NDVI_PEAK_LOW","NDVI_AMPLITUDE_LOW","NEAR_THRESHOLD","SMALL_FIELD_SEVERE"],"baseline_subtype":"mixed_or_unknown","cultivation_subtype":"mixed_or_unknown","subtype_confidence":null,"subtype_reason_codes":["NO_SAR_FLOOD_SIGNAL"],"change_type":"change_uncertain","change_confidence":0.79,"change_reason_codes":["YEAR_STATUS_COMPARISON","BOUNDARY_VINTAGE_DIFFERENCE"],"reference_label":null,"evidence_strength":null,"evidence_sources":[],"evidence_dates":[],"review_status":"not_reviewed","polygon_vintage":2026,"valid_s2_count":44,"valid_s1_count":29,"observation_quality":1.0,"quality_flags":["BOUNDARY_VINTAGE_DIFFERENCE","SMALL_FIELD_SEVERE","SMALL_FIELD_MIXED_PIXEL"],"ndvi_max":0.4555595517158508,"ndvi_amplitude":0.28970417380332947,"ndvi_may":0.2638519406318664,"ndvi_aug":0.2585629522800445,"vh_may_db":-15.290425300598145,"vh_aug_db":-12.727914333343506,"centroid_lat":37.6096862,"centroid_lon":141.0217271,"declaration_match":"match","declared_crop":"unknown","declared_status":"unknown","priority_components":{"declaration":0,"status":23,"change":9,"evidence_uncertainty":2.1,"area":2.6642},"priority_score":36.76,"auto_candidate":true}},{"type":"Feature","geometry":{"type":"Polygon","coordinates":[[[141.014479745,37.613694427],[141.014639543,37.613617482],[141.01532805,37.613274076],[141.01542232,37.613216883],[141.01531405,37.613095213],[141.015083207,37.612774823],[141.014897685,37.612572777],[141.014740167,37.612644048],[141.014249208,37.612891952],[141.013955387,37.613028631],[141.013962877,37.613053043],[141.014120039,37.61325867],[141.014298748,37.61347915],[141.014479745,37.613694427]]]},"properties":{"field_id":"maff-2026-003f2e01-bf84-40c6-a705-5f1500a92c0d","source_polygon_id":"003f2e01-bf84-40c6-a705-5f1500a92c0d","field_id_method":"source_id","municipality":"南相馬市","area_ha":0.859402,"source_land_type":100,"declaration_source":"synthetic_demo","is_synthetic_declaration":true,"baseline_year":2024,"target_year":2025,"baseline_status":"review_required","status":"cultivation_signal","baseline_confidence":0.8399,"confidence":0.959,"reason_codes":["NO_SAR_FLOOD_SIGNAL","NDVI_GROWTH_RISE","NDVI_PEAK_REACHED","NDVI_HARVEST_DROP"],"baseline_subtype":"mixed_or_unknown","cultivation_subtype":"upland_crop_signal","subtype_confidence":0.6721,"subtype_reason_codes":["NO_SAR_FLOOD_SIGNAL","NDVI_GROWTH_RISE","NDVI_PEAK_REACHED"],"change_type":"change_uncertain","change_confidence":0.8399,"change_reason_codes":["YEAR_STATUS_COMPARISON","BOUNDARY_VINTAGE_DIFFERENCE"],"reference_label":null,"evidence_strength":null,"evidence_sources":[],"evidence_dates":[],"review_status":"not_reviewed","polygon_vintage":2026,"valid_s2_count":40,"valid_s1_count":29,"observation_quality":1.0,"quality_flags":["BOUNDARY_VINTAGE_DIFFERENCE"],"ndvi_max":0.6394732594490051,"ndvi_amplitude":0.6085694693028927,"ndvi_may":0.07164647988975045,"ndvi_aug":0.6140748858451843,"vh_may_db":-20.634096145629883,"vh_aug_db":-13.847329139709473,"centroid_lat":37.6131313,"centroid_lon":141.0146873,"declaration_match":"match","declared_crop":"unknown","declared_status":"unknown","priority_components":{"declaration":0,"status":0,"change":9,"evidence_uncertainty":0,"area":8.7591},"priority_score":17.76,"auto_candidate":true}},{"type":"Feature","geometry":{"type":"Polygon","coordinates":[[[141.016483085,37.612697069],[141.01707224,37.612410582],[141.016544952,37.611759562],[141.016002435,37.612021302],[141.01597864,37.612061753],[141.016483085,37.612697069]]]},"properties":{"field_id":"maff-2026-007687c1-1299-4bcf-bb09-f26368737815","source_polygon_id":"007687c1-1299-4bcf-bb09-f26368737815","field_id_method":"source_id","municipality":"南相馬市","area_ha":0.520213,"source_land_type":100,"declaration_source":"synthetic_demo","is_synthetic_declaration":true,"baseline_year":2024,"target_year":2025,"baseline_status":"review_required","status":"cultivation_signal","baseline_confidence":0.7915,"confidence":0.951,"reason_codes":["NO_SAR_FLOOD_SIGNAL","NDVI_GROWTH_RISE","NDVI_PEAK_REACHED","NDVI_HARVEST_DROP"],"baseline_subtype":"mixed_or_unknown","cultivation_subtype":"upland_crop_signal","subtype_confidence":0.8649,"subtype_reason_codes":["NO_SAR_FLOOD_SIGNAL","NDVI_GROWTH_RISE","NDVI_PEAK_REACHED"],"change_type":"change_uncertain","change_confidence":0.7915,"change_reason_codes":["YEAR_STATUS_COMPARISON","BOUNDARY_VINTAGE_DIFFERENCE"],"reference_label":null,"evidence_strength":null,"evidence_sources":[],"evidence_dates":[],"review_status":"not_reviewed","polygon_vintage":2026,"valid_s2_count":41,"valid_s1_count":29,"observation_quality":0.9956,"quality_flags":["BOUNDARY_VINTAGE_DIFFERENCE"],"ndvi_max":0.6065338253974915,"ndvi_amplitude":0.5991177959367634,"ndvi_may":0.027044462971389252,"ndvi_aug":0.5753922462463379,"vh_may_db":-22.1672306060791,"vh_aug_db":-14.632386207580566,"centroid_lat":37.612228,"centroid_lon":141.0165166,"declaration_match":"match","declared_crop":"upland_crop","declared_status":"planned_cultivation","priority_components":{"declaration":0,"status":0,"change":9,"evidence_uncertainty":0,"area":6.7883},"priority_score":15.79,"auto_candidate":true}},{"type":"Feature","geometry":{"type":"Polygon","coordinates":[[[141.01711055,37.613492999],[141.017174794,37.613483481],[141.01776728,37.613169392],[141.017181933,37.612419862],[141.016527581,37.612741089],[141.01711055,37.613492999]]]},"properties":{"field_id":"maff-2026-00ccb26a-150e-4a60-b752-2943edafe1d5","source_polygon_id":"00ccb26a-150e-4a60-b752-2943edafe1d5","field_id_method":"source_id","municipality":"南相馬市","area_ha":0.673409,"source_land_type":100,"declaration_source":"synthetic_demo","is_synthetic_declaration":true,"baseline_year":2024,"target_year":2025,"baseline_status":"review_required","status":"review_required","baseline_confidence":0.8345,"confidence":0.7869,"reason_codes":["NO_SAR_FLOOD_SIGNAL","NDVI_GROWTH_RISE","NDVI_PEAK_REACHED","NDVI_HARVEST_DROP","NEAR_THRESHOLD"],"baseline_subtype":"mixed_or_unknown","cultivation_subtype":"mixed_or_unknown","subtype_confidence":null,"subtype_reason_codes":["NO_SAR_FLOOD_SIGNAL","NDVI_GROWTH_RISE","NDVI_PEAK_REACHED"],"change_type":"change_uncertain","change_confidence":0.7869,"change_reason_codes":["YEAR_STATUS_COMPARISON","BOUNDARY_VINTAGE_DIFFERENCE"],"reference_label":null,"evidence_strength":null,"evidence_sources":[],"evidence_dates":[],"review_status":"not_reviewed","polygon_vintage":2026,"valid_s2_count":41,"valid_s1_count":29,"observation_quality":0.9947,"quality_flags":["BOUNDARY_VINTAGE_DIFFERENCE"],"ndvi_max":0.5531255602836609,"ndvi_amplitude":0.5541094894288107,"ndvi_may":0.07879168167710296,"ndvi_aug":0.5198245048522949,"vh_may_db":-21.83545684814453,"vh_aug_db":-14.70080852508545,"centroid_lat":37.6129607,"centroid_lon":141.0171492,"declaration_match":"not_comparable","declared_crop":"unknown","declared_status":"unknown","priority_components":{"declaration":20,"status":23,"change":9,"evidence_uncertainty":2.131,"area":7.5912},"priority_score":61.72,"auto_candidate":true}},{"type":"Feature","geometry":{"type":"Polygon","coordinates":[[[141.011028777,37.619816953],[141.01182672,37.619360681],[141.011490894,37.618938334],[141.011314332,37.618704172],[141.011297966,37.618717521],[141.011247769,37.618687884],[141.010505259,37.619055068],[141.010522397,37.619090687],[141.010487179,37.619109875],[141.010651626,37.619326734],[141.010813648,37.619539852],[141.011028777,37.619816953]]]},"properties":{"field_id":"maff-2026-01808e97-bd12-4328-91d0-c0fcedd5c95d","source_polygon_id":"01808e97-bd12-4328-91d0-c0fcedd5c95d","field_id_method":"source_id","municipality":"南相馬市","area_ha":0.798973,"source_land_type":100,"declaration_source":"synthetic_demo","is_synthetic_declaration":true,"baseline_year":2024,"target_year":2025,"baseline_status":"cultivation_signal","status":"cultivation_signal","baseline_confidence":1.0,"confidence":0.9388,"reason_codes":["NO_SAR_FLOOD_SIGNAL","NDVI_GROWTH_RISE","NDVI_PEAK_REACHED","NDVI_HARVEST_DROP"],"baseline_subtype":"upland_crop_signal","cultivation_subtype":"upland_crop_signal","subtype_confidence":0.9388,"subtype_reason_codes":["NO_SAR_FLOOD_SIGNAL","NDVI_GROWTH_RISE","NDVI_PEAK_REACHED"],"change_type":"stable","change_confidence":0.9388,"change_reason_codes":["YEAR_STATUS_COMPARISON","BOUNDARY_VINTAGE_DIFFERENCE"],"reference_label":null,"evidence_strength":null,"evidence_sources":[],"evidence_dates":[],"review_status":"not_reviewed","polygon_vintage":2026,"valid_s2_count":41,"valid_s1_count":29,"observation_quality":1.0,"quality_flags":["BOUNDARY_VINTAGE_DIFFERENCE"],"ndvi_max":0.5727839469909668,"ndvi_amplitude":0.550942961126566,"ndvi_may":0.104101076722145,"ndvi_aug":0.5510034561157227,"vh_may_db":-20.869709014892575,"vh_aug_db":-14.018365859985352,"centroid_lat":37.6192358,"centroid_lon":141.0111469,"declaration_match":"match","declared_crop":"paddy_rice","declared_status":"planned_cultivation","priority_components":{"declaration":0,"status":0,"change":0,"evidence_uncertainty":0,"area":8.2117},"priority_score":8.21,"auto_candidate":false}},{"type":"Feature","geometry":{"type":"Polygon","coordinates":[[[141.007808676,37.609826255],[141.007834245,37.609846092],[141.007883487,37.609865695],[141.007935866,37.609884009],[141.008000514,37.609879598],[141.008008248,37.609869475],[141.007916018,37.609826442],[141.007842766,37.609785731],[141.007820927,37.609802274],[141.007808676,37.609826255]]]},"properties":{"field_id":"maff-2026-01925628-0566-47b1-a9e2-eb6e8f13bbda","source_polygon_id":"01925628-0566-47b1-a9e2-eb6e8f13bbda","field_id_method":"source_id","municipality":"南相馬市","area_ha":0.008372,"source_land_type":100,"declaration_source":"synthetic_demo","is_synthetic_declaration":true,"baseline_year":2024,"target_year":2025,"baseline_status":"insufficient_observation","status":"insufficient_observation","baseline_confidence":null,"confidence":null,"reason_codes":["INSUFFICIENT_OPTICAL_OBSERVATIONS"],"baseline_subtype":"not_evaluated","cultivation_subtype":"not_evaluated","subtype_confidence":null,"subtype_reason_codes":[],"change_type":"change_uncertain","change_confidence":null,"change_reason_codes":["OBSERVATION_LIMITS_YEAR_COMPARISON"],"reference_label":null,"evidence_strength":null,"evidence_sources":[],"evidence_dates":[],"review_status":"not_reviewed","polygon_vintage":2026,"valid_s2_count":0,"valid_s1_count":0,"observation_quality":0.0,"quality_flags":["BOUNDARY_VINTAGE_DIFFERENCE","SMALL_FIELD_SEVERE","SMALL_FIELD_MIXED_PIXEL","HARVEST_WINDOW_INCOMPLETE"],"ndvi_max":null,"ndvi_amplitude":null,"ndvi_may":null,"ndvi_aug":null,"vh_may_db":null,"vh_aug_db":null,"centroid_lat":37.6098419,"centroid_lon":141.0078969,"declaration_match":"mismatch","declared_crop":"paddy_rice","declared_status":"planned_cultivation","priority_components":{"declaration":40,"status":20,"change":9,"evidence_uncertainty":10.0,"area":0.219},"priority_score":79.22,"auto_candidate":true}},{"type":"Feature","geometry":{"type":"Polygon","coordinates":[[[141.015785576,37.618144412],[141.015880755,37.61821877],[141.016219828,37.618290154],[141.016374493,37.617531701],[141.016338801,37.617522778],[141.01552681,37.617496009],[141.015467324,37.617513855],[141.01576773,37.617790467],[141.015943215,37.618019491],[141.015821268,37.618105745],[141.015785576,37.618144412]]]},"properties":{"field_id":"maff-2026-02081da9-b9de-4dde-b98e-ea35c8ae4aaa","source_polygon_id":"02081da9-b9de-4dde-b98e-ea35c8ae4aaa","field_id_method":"source_id","municipality":"南相馬市","area_ha":0.392826,"source_land_type":100,"declaration_source":"synthetic_demo","is_synthetic_declaration":true,"baseline_year":2024,"target_year":2025,"baseline_status":"review_required","status":"review_required","baseline_confidence":0.8,"confidence":0.6634,"reason_codes":["SIGNAL_CONFLICT","NEAR_THRESHOLD"],"baseline_subtype":"mixed_or_unknown","cultivation_subtype":"mixed_or_unknown","subtype_confidence":null,"subtype_reason_codes":[],"change_type":"change_uncertain","change_confidence":0.6634,"change_reason_codes":["YEAR_STATUS_COMPARISON","BOUNDARY_VINTAGE_DIFFERENCE"],"reference_label":null,"evidence_strength":null,"evidence_sources":[],"evidence_dates":[],"review_status":"not_reviewed","polygon_vintage":2026,"valid_s2_count":44,"valid_s1_count":29,"observation_quality":1.0,"quality_flags":["BOUNDARY_VINTAGE_DIFFERENCE"],"ndvi_max":0.490774929523468,"ndvi_amplitude":0.3302275538444519,"ndvi_may":0.2092673629522323,"ndvi_aug":0.4010173082351684,"vh_may_db":-20.358619689941406,"vh_aug_db":-17.36300563812256,"centroid_lat":37.6178198,"centroid_lon":141.0160162,"declaration_match":"match","declared_crop":"paddy_rice","declared_status":"planned_cultivation","priority_components":{"declaration":0,"status":23,"change":9,"evidence_uncertainty":3.366,"area":6.1314},"priority_score":41.5,"auto_candidate":true}},{"type":"Feature","geometry":{"type":"Polygon","coordinates":[[[141.012350698,37.614840261],[141.012423527,37.614803744],[141.012360632,37.614719609],[141.012280731,37.61475808],[141.012350698,37.614840261]]]},"properties":{"field_id":"maff-2026-023bcfaa-c30e-449f-a571-0cc9f698c8ba","source_polygon_id":"023bcfaa-c30e-449f-a571-0cc9f698c8ba","field_id_method":"source_id","municipality":"南相馬市","area_ha":0.008657,"source_land_type":100,"declaration_source":"synthetic_demo","is_synthetic_declaration":true,"baseline_year":2024,"target_year":2025,"baseline_status":"insufficient_observation","status":"insufficient_observation","baseline_confidence":null,"confidence":null,"reason_codes":["INSUFFICIENT_OPTICAL_OBSERVATIONS"],"baseline_subtype":"not_evaluated","cultivation_subtype":"not_evaluated","subtype_confidence":null,"subtype_reason_codes":[],"change_type":"change_uncertain","change_confidence":null,"change_reason_codes":["OBSERVATION_LIMITS_YEAR_COMPARISON"],"reference_label":null,"evidence_strength":null,"evidence_sources":[],"evidence_dates":[],"review_status":"not_reviewed","polygon_vintage":2026,"valid_s2_count":0,"valid_s1_count":0,"observation_quality":0.0,"quality_flags":["BOUNDARY_VINTAGE_DIFFERENCE","SMALL_FIELD_SEVERE","SMALL_FIELD_MIXED_PIXEL","HARVEST_WINDOW_INCOMPLETE"],"ndvi_max":null,"ndvi_amplitude":null,"ndvi_may":null,"ndvi_aug":null,"vh_may_db":null,"vh_aug_db":null,"centroid_lat":37.6147799,"centroid_lon":141.0123534,"declaration_match":"unavailable","declared_crop":"not_declared","declared_status":"not_submitted","priority_components":{"declaration":0,"status":20,"change":9,"evidence_uncertainty":10.0,"area":0.2555},"priority_score":39.26,"auto_candidate":true}},{"type":"Feature","geometry":{"type":"Polygon","coordinates":[[[141.013232934,37.616591299],[141.013488514,37.616475919],[141.013701613,37.616331712],[141.01354094,37.616136921],[141.013166011,37.616345426],[141.013145332,37.616366527],[141.013188209,37.61642042],[141.013120324,37.616446172],[141.013121183,37.616500485],[141.013180411,37.616591824],[141.013232934,37.616591299]]]},"properties":{"field_id":"maff-2026-02911801-2f8d-4060-8600-02be85e4f382","source_polygon_id":"02911801-2f8d-4060-8600-02be85e4f382","field_id_method":"source_id","municipality":"南相馬市","area_ha":0.135394,"source_land_type":200,"declaration_source":"synthetic_demo","is_synthetic_declaration":true,"baseline_year":2024,"target_year":2025,"baseline_status":"review_required","status":"review_required","baseline_confidence":0.9196,"confidence":0.8703,"reason_codes":["NO_SAR_FLOOD_SIGNAL","NDVI_PEAK_LOW","NDVI_AMPLITUDE_LOW","NEAR_THRESHOLD"],"baseline_subtype":"mixed_or_unknown","cultivation_subtype":"mixed_or_unknown","subtype_confidence":null,"subtype_reason_codes":["NO_SAR_FLOOD_SIGNAL"],"change_type":"change_uncertain","change_confidence":0.8703,"change_reason_codes":["YEAR_STATUS_COMPARISON","BOUNDARY_VINTAGE_DIFFERENCE"],"reference_label":null,"evidence_strength":null,"evidence_sources":[],"evidence_dates":[],"review_status":"not_reviewed","polygon_vintage":2026,"valid_s2_count":41,"valid_s1_count":29,"observation_quality":0.958,"quality_flags":["BOUNDARY_VINTAGE_DIFFERENCE"],"ndvi_max":0.430508941411972,"ndvi_amplitude":0.29224270582199097,"ndvi_may":0.25597395747900004,"ndvi_aug":0.308002233505249,"vh_may_db":-14.227840423583984,"vh_aug_db":-16.02058506011963,"centroid_lat":37.6163733,"centroid_lon":141.0133936,"declaration_match":"unavailable","declared_crop":"not_declared","declared_status":"not_submitted","priority_components":{"declaration":0,"status":23,"change":9,"evidence_uncertainty":1.297,"area":4.854},"priority_score":38.15,"auto_candidate":true}},{"type":"Feature","geometry":{"type":"Polygon","coordinates":[[[141.013340056,37.612249017],[141.014299454,37.611769318],[141.014031051,37.611447614],[141.013755033,37.611481878],[141.013258202,37.611445711],[141.012871778,37.611407639],[141.012650964,37.611346725],[141.012639542,37.6113867],[141.013340056,37.612249017]]]},"properties":{"field_id":"maff-2026-02f5b67b-922a-4a00-a778-52364b20ff97","source_polygon_id":"02f5b67b-922a-4a00-a778-52364b20ff97","field_id_method":"source_id","municipality":"南相馬市","area_ha":0.750779,"source_land_type":100,"declaration_source":"synthetic_demo","is_synthetic_declaration":true,"baseline_year":2024,"target_year":2025,"baseline_status":"review_required","status":"cultivation_signal","baseline_confidence":0.7789,"confidence":0.9227,"reason_codes":["NO_SAR_FLOOD_SIGNAL","NDVI_GROWTH_RISE","NDVI_PEAK_REACHED","NDVI_HARVEST_DROP"],"baseline_subtype":"mixed_or_unknown","cultivation_subtype":"upland_crop_signal","subtype_confidence":0.5442,"subtype_reason_codes":["NO_SAR_FLOOD_SIGNAL","NDVI_GROWTH_RISE","NDVI_PEAK_REACHED"],"change_type":"change_uncertain","change_confidence":0.7789,"change_reason_codes":["YEAR_STATUS_COMPARISON","BOUNDARY_VINTAGE_DIFFERENCE"],"reference_label":null,"evidence_strength":null,"evidence_sources":[],"evidence_dates":[],"review_status":"not_reviewed","polygon_vintage":2026,"valid_s2_count":41,"valid_s1_count":29,"observation_quality":1.0,"quality_flags":["BOUNDARY_VINTAGE_DIFFERENCE"],"ndvi_max":0.608562707901001,"ndvi_amplitude":0.5482795834541322,"ndvi_may":0.1059976182878017,"ndvi_aug":0.5837090611457825,"vh_may_db":-20.836856842041016,"vh_aug_db":-13.852703094482422,"centroid_lat":37.6117406,"centroid_lon":141.0134854,"declaration_match":"unavailable","declared_crop":"not_declared","declared_status":"not_submitted","priority_components":{"declaration":0,"status":0,"change":9,"evidence_uncertainty":0,"area":7.9562},"priority_score":16.96,"auto_candidate":true}},{"type":"Feature","geometry":{"type":"Polygon","coordinates":[[[141.004348191,37.614762488],[141.005136389,37.61439962],[141.004835981,37.614004035],[141.004806238,37.613995112],[141.004050759,37.614384748],[141.004348191,37.614762488]]]},"properties":{"field_id":"maff-2026-03386dc1-b467-4a9e-b305-428a7aa173f1","source_polygon_id":"03386dc1-b467-4a9e-b305-428a7aa173f1","field_id_method":"source_id","municipality":"南相馬市","area_ha":0.415639,"source_land_type":100,"declaration_source":"synthetic_demo","is_synthetic_declaration":true,"baseline_year":2024,"target_year":2025,"baseline_status":"insufficient_observation","status":"insufficient_observation","baseline_confidence":null,"confidence":null,"reason_codes":["INSUFFICIENT_OPTICAL_OBSERVATIONS"],"baseline_subtype":"not_evaluated","cultivation_subtype":"not_evaluated","subtype_confidence":null,"subtype_reason_codes":[],"change_type":"change_uncertain","change_confidence":null,"change_reason_codes":["OBSERVATION_LIMITS_YEAR_COMPARISON"],"reference_label":null,"evidence_strength":null,"evidence_sources":[],"evidence_dates":[],"review_status":"not_reviewed","polygon_vintage":2026,"valid_s2_count":0,"valid_s1_count":0,"observation_quality":0.0,"quality_flags":["BOUNDARY_VINTAGE_DIFFERENCE","HARVEST_WINDOW_INCOMPLETE"],"ndvi_max":null,"ndvi_amplitude":null,"ndvi_may":null,"ndvi_aug":null,"vh_may_db":null,"vh_aug_db":null,"centroid_lat":37.6143807,"centroid_lon":141.0045943,"declaration_match":"match","declared_crop":"paddy_rice","declared_status":"planned_cultivation","priority_components":{"declaration":0,"status":20,"change":9,"evidence_uncertainty":10.0,"area":6.2044},"priority_score":45.2,"auto_candidate":true}},{"type":"Feature","geometry":{"type":"Polygon","coordinates":[[[141.008256694,37.62004179],[141.009173205,37.619594715],[141.00879144,37.619036255],[141.00870243,37.619023014],[141.007824591,37.619444271],[141.007842704,37.619466695],[141.007811052,37.619486788],[141.007999466,37.61972225],[141.00815201,37.619935466],[141.008256694,37.62004179]]]},"properties":{"field_id":"maff-2026-0871bb38-9901-4a56-93e3-009e6b9ca634","source_polygon_id":"0871bb38-9901-4a56-93e3-009e6b9ca634","field_id_method":"source_id","municipality":"南相馬市","area_ha":0.742874,"source_land_type":100,"declaration_source":"synthetic_demo","is_synthetic_declaration":true,"baseline_year":2024,"target_year":2025,"baseline_status":"fallow_candidate","status":"review_required","baseline_confidence":0.9977,"confidence":0.6894,"reason_codes":["SIGNAL_CONFLICT","NDVI_HARVEST_DROP","NEAR_THRESHOLD"],"baseline_subtype":"mixed_or_unknown","cultivation_subtype":"mixed_or_unknown","subtype_confidence":null,"subtype_reason_codes":[],"change_type":"change_uncertain","change_confidence":0.6894,"change_reason_codes":["YEAR_STATUS_COMPARISON","BOUNDARY_VINTAGE_DIFFERENCE"],"reference_label":null,"evidence_strength":null,"evidence_sources":[],"evidence_dates":[],"review_status":"not_reviewed","polygon_vintage":2026,"valid_s2_count":42,"valid_s1_count":29,"observation_quality":0.9925,"quality_flags":["BOUNDARY_VINTAGE_DIFFERENCE"],"ndvi_max":0.6548720598220825,"ndvi_amplitude":0.5544447079300882,"ndvi_may":0.6306768655776978,"ndvi_aug":0.513286292552948,"vh_may_db":-15.862695693969728,"vh_aug_db":-13.68729829788208,"centroid_lat":37.6195233,"centroid_lon":141.0084918,"declaration_match":"unavailable","declared_crop":"not_declared","declared_status":"not_submitted","priority_components":{"declaration":0,"status":23,"change":9,"evidence_uncertainty":3.106,"area":7.8467},"priority_score":42.95,"auto_candidate":true}},{"type":"Feature","geometry":{"type":"Polygon","coordinates":[[[141.014777526,37.615829716],[141.014900133,37.615796466],[141.015162218,37.615748634],[141.015134893,37.615667912],[141.015087256,37.615500746],[141.014844201,37.615554038],[141.014864722,37.615653665],[141.014843414,37.615653878],[141.014814824,37.615642863],[141.014779281,37.615641335],[141.014770287,37.615671563],[141.014779089,37.615778842],[141.014777526,37.615829716]]]},"properties":{"field_id":"maff-2026-0956849a-dfba-451e-88cd-6a4bf0515789","source_polygon_id":"0956849a-dfba-451e-88cd-6a4bf0515789","field_id_method":"source_id","municipality":"南相馬市","area_ha":0.081379,"source_land_type":200,"declaration_source":"synthetic_demo","is_synthetic_declaration":true,"baseline_year":2024,"target_year":2025,"baseline_status":"insufficient_observation","status":"insufficient_observation","baseline_confidence":null,"confidence":null,"reason_codes":["INSUFFICIENT_OPTICAL_OBSERVATIONS"],"baseline_subtype":"not_evaluated","cultivation_subtype":"not_evaluated","subtype_confidence":null,"subtype_reason_codes":[],"change_type":"change_uncertain","change_confidence":null,"change_reason_codes":["OBSERVATION_LIMITS_YEAR_COMPARISON"],"reference_label":null,"evidence_strength":null,"evidence_sources":[],"evidence_dates":[],"review_status":"not_reviewed","polygon_vintage":2026,"valid_s2_count":0,"valid_s1_count":0,"observation_quality":0.0,"quality_flags":["BOUNDARY_VINTAGE_DIFFERENCE","SMALL_FIELD_WARNING","SMALL_FIELD_MIXED_PIXEL","HARVEST_WINDOW_INCOMPLETE"],"ndvi_max":null,"ndvi_amplitude":null,"ndvi_may":null,"ndvi_aug":null,"vh_may_db":null,"vh_aug_db":null,"centroid_lat":37.6156693,"centroid_lon":141.0149613,"declaration_match":"unavailable","declared_crop":"not_declared","declared_status":"not_submitted","priority_components":{"declaration":0,"status":20,"change":9,"evidence_uncertainty":10.0,"area":3.8686},"priority_score":42.87,"auto_candidate":true}},{"type":"Feature","geometry":{"type":"Polygon","coordinates":[[[141.010276806,37.619057332],[141.011168034,37.618609398],[141.010723074,37.618062122],[141.010646931,37.618064502],[141.00986171,37.618473769],[141.009856951,37.618530876],[141.010276806,37.619057332]]]},"properties":{"field_id":"maff-2026-096a5896-2f23-4c95-9b3f-e1936719ef5a","source_polygon_id":"096a5896-2f23-4c95-9b3f-e1936719ef5a","field_id_method":"source_id","municipality":"南相馬市","area_ha":0.693377,"source_land_type":100,"declaration_source":"synthetic_demo","is_synthetic_declaration":true,"baseline_year":2024,"target_year":2025,"baseline_status":"cultivation_signal","status":"cultivation_signal","baseline_confidence":0.9984,"confidence":0.941,"reason_codes":["NO_SAR_FLOOD_SIGNAL","NDVI_GROWTH_RISE","NDVI_PEAK_REACHED","NDVI_HARVEST_DROP"],"baseline_subtype":"upland_crop_signal","cultivation_subtype":"upland_crop_signal","subtype_confidence":0.941,"subtype_reason_codes":["NO_SAR_FLOOD_SIGNAL","NDVI_GROWTH_RISE","NDVI_PEAK_REACHED"],"change_type":"stable","change_confidence":0.941,"change_reason_codes":["YEAR_STATUS_COMPARISON","BOUNDARY_VINTAGE_DIFFERENCE"],"reference_label":null,"evidence_strength":null,"evidence_sources":[],"evidence_dates":[],"review_status":"not_reviewed","polygon_vintage":2026,"valid_s2_count":41,"valid_s1_count":29,"observation_quality":0.9945,"quality_flags":["BOUNDARY_VINTAGE_DIFFERENCE"],"ndvi_max":0.5759768486022949,"ndvi_amplitude":0.4900323525071144,"ndvi_may":0.108632393181324,"ndvi_aug":0.5522388219833374,"vh_may_db":-19.82998275756836,"vh_aug_db":-14.347831726074219,"centroid_lat":37.6185491,"centroid_lon":141.0104956,"declaration_match":"match","declared_crop":"upland_crop","declared_status":"planned_cultivation","priority_components":{"declaration":0,"status":0,"change":0,"evidence_uncertainty":0,"area":7.7007},"priority_score":7.7,"auto_candidate":false}},{"type":"Feature","geometry":{"type":"Polygon","coordinates":[[[141.015317917,37.61740812],[141.015611067,37.617400505],[141.016005581,37.617405264],[141.015467228,37.616741989],[141.015157898,37.61693532],[141.014958619,37.617078088],[141.015317917,37.61740812]]]},"properties":{"field_id":"maff-2026-0a19f083-73d4-422b-aa17-acf254dbdf8a","source_polygon_id":"0a19f083-73d4-422b-aa17-acf254dbdf8a","field_id_method":"source_id","municipality":"南相馬市","area_ha":0.365942,"source_land_type":100,"declaration_source":"synthetic_demo","is_synthetic_declaration":true,"baseline_year":2024,"target_year":2025,"baseline_status":"review_required","status":"review_required","baseline_confidence":0.7513,"confidence":0.7119,"reason_codes":["SIGNAL_CONFLICT","NEAR_THRESHOLD"],"baseline_subtype":"mixed_or_unknown","cultivation_subtype":"mixed_or_unknown","subtype_confidence":null,"subtype_reason_codes":[],"change_type":"change_uncertain","change_confidence":0.7119,"change_reason_codes":["YEAR_STATUS_COMPARISON","BOUNDARY_VINTAGE_DIFFERENCE"],"reference_label":null,"evidence_strength":null,"evidence_sources":[],"evidence_dates":[],"review_status":"not_reviewed","polygon_vintage":2026,"valid_s2_count":42,"valid_s1_count":29,"observation_quality":0.9848,"quality_flags":["BOUNDARY_VINTAGE_DIFFERENCE"],"ndvi_max":0.5098567605018616,"ndvi_amplitude":0.37016004323959356,"ndvi_may":0.16685482859611506,"ndvi_aug":0.3579892516136169,"vh_may_db":-21.49015045166016,"vh_aug_db":-18.260519981384277,"centroid_lat":37.6171397,"centroid_lon":141.0154588,"declaration_match":"unavailable","declared_crop":"not_declared","declared_status":"not_submitted","priority_components":{"declaration":0,"status":23,"change":9,"evidence_uncertainty":2.881,"area":5.9489},"priority_score":40.83,"auto_candidate":true}},{"type":"Feature","geometry":{"type":"Polygon","coordinates":[[[141.009706211,37.616100975],[141.010124138,37.615874538],[141.00993552,37.615625896],[141.009768894,37.615420358],[141.009602438,37.615225649],[141.009559022,37.615175224],[141.009352041,37.615263934],[141.009122066,37.615396197],[141.00921411,37.615527134],[141.009472513,37.615846659],[141.009651275,37.616070913],[141.009687382,37.616108226],[141.009706211,37.616100975]]]},"properties":{"field_id":"maff-2026-0a7d330f-263d-47b4-ad07-417bef01dd1d","source_polygon_id":"0a7d330f-263d-47b4-ad07-417bef01dd1d","field_id_method":"source_id","municipality":"南相馬市","area_ha":0.442409,"source_land_type":100,"declaration_source":"synthetic_demo","is_synthetic_declaration":true,"baseline_year":2024,"target_year":2025,"baseline_status":"cultivation_signal","status":"review_required","baseline_confidence":0.9968,"confidence":0.8414,"reason_codes":["NO_SAR_FLOOD_SIGNAL","NDVI_GROWTH_RISE","NDVI_PEAK_REACHED","NDVI_HARVEST_DROP","NEAR_THRESHOLD"],"baseline_subtype":"upland_crop_signal","cultivation_subtype":"mixed_or_unknown","subtype_confidence":null,"subtype_reason_codes":["NO_SAR_FLOOD_SIGNAL","NDVI_GROWTH_RISE","NDVI_PEAK_REACHED"],"change_type":"change_uncertain","change_confidence":0.8414,"change_reason_codes":["YEAR_STATUS_COMPARISON","BOUNDARY_VINTAGE_DIFFERENCE"],"reference_label":null,"evidence_strength":null,"evidence_sources":[],"evidence_dates":[],"review_status":"not_reviewed","polygon_vintage":2026,"valid_s2_count":40,"valid_s1_count":29,"observation_quality":0.9963,"quality_flags":["BOUNDARY_VINTAGE_DIFFERENCE"],"ndvi_max":0.5412402153015137,"ndvi_amplitude":0.43938454240560537,"ndvi_may":0.11203303560614586,"ndvi_aug":0.5133729577064514,"vh_may_db":-18.55275154113769,"vh_aug_db":-14.036359310150146,"centroid_lat":37.6156372,"centroid_lon":141.0096214,"declaration_match":"match","declared_crop":"unknown","declared_status":"unknown","priority_components":{"declaration":0,"status":23,"change":9,"evidence_uncertainty":1.586,"area":6.4234},"priority_score":40.01,"auto_candidate":true}},{"type":"Feature","geometry":{"type":"Polygon","coordinates":[[[141.010257199,37.614297988],[141.01031783,37.614312008],[141.010422741,37.614302604],[141.010724246,37.614268256],[141.010673594,37.614220707],[141.010696734,37.614189136],[141.01071971,37.61414712],[141.010729786,37.614119858],[141.010695417,37.614105575],[141.010647785,37.614083068],[141.010561091,37.614081843],[141.010464025,37.61408908],[141.01039578,37.61409185],[141.010309482,37.614115694],[141.010207,37.614112537],[141.010121945,37.614048616],[141.010095256,37.614021721],[141.010024386,37.614024517],[141.010131601,37.614161344],[141.010214623,37.614262894],[141.010257199,37.614297988]]]},"properties":{"field_id":"maff-2026-0c409b0d-490c-485c-8e66-a72b97911a4f","source_polygon_id":"0c409b0d-490c-485c-8e66-a72b97911a4f","field_id_method":"source_id","municipality":"南相馬市","area_ha":0.111433,"source_land_type":200,"declaration_source":"synthetic_demo","is_synthetic_declaration":true,"baseline_year":2024,"target_year":2025,"baseline_status":"review_required","status":"review_required","baseline_confidence":0.9039,"confidence":0.8419,"reason_codes":["NO_SAR_FLOOD_SIGNAL","NDVI_GROWTH_RISE","NDVI_PEAK_REACHED","NEAR_THRESHOLD"],"baseline_subtype":"mixed_or_unknown","cultivation_subtype":"mixed_or_unknown","subtype_confidence":null,"subtype_reason_codes":["NO_SAR_FLOOD_SIGNAL","NDVI_GROWTH_RISE","NDVI_PEAK_REACHED"],"change_type":"change_uncertain","change_confidence":0.8419,"change_reason_codes":["YEAR_STATUS_COMPARISON","BOUNDARY_VINTAGE_DIFFERENCE"],"reference_label":null,"evidence_strength":null,"evidence_sources":[],"evidence_dates":[],"review_status":"not_reviewed","polygon_vintage":2026,"valid_s2_count":41,"valid_s1_count":29,"observation_quality":1.0,"quality_flags":["BOUNDARY_VINTAGE_DIFFERENCE"],"ndvi_max":0.5550122261047363,"ndvi_amplitude":0.4171676188707352,"ndvi_may":0.2028892561793327,"ndvi_aug":0.4952906668186188,"vh_may_db":-15.342355728149414,"vh_aug_db":-14.603989124298096,"centroid_lat":37.6141824,"centroid_lon":141.0104124,"declaration_match":"mismatch","declared_crop":"paddy_rice","declared_status":"planned_cultivation","priority_components":{"declaration":40,"status":23,"change":9,"evidence_uncertainty":1.581,"area":4.635},"priority_score":78.22,"auto_candidate":true}},{"type":"Feature","geometry":{"type":"Polygon","coordinates":[[[141.018422792,37.618526493],[141.019419787,37.618521734],[141.01944834,37.616741897],[141.018413275,37.617253481],[141.018422792,37.618526493]]]},"properties":{"field_id":"maff-2026-0c466c73-5377-405c-bd23-aa209d4fbda7","source_polygon_id":"0c466c73-5377-405c-bd23-aa209d4fbda7","field_id_method":"source_id","municipality":"南相馬市","area_ha":1.516074,"source_land_type":100,"declaration_source":"synthetic_demo","is_synthetic_declaration":true,"baseline_year":2024,"target_year":2025,"baseline_status":"insufficient_observation","status":"review_required","baseline_confidence":null,"confidence":0.8862,"reason_codes":["NO_SAR_FLOOD_SIGNAL","NDVI_GROWTH_RISE","NDVI_PEAK_REACHED","NEAR_THRESHOLD"],"baseline_subtype":"not_evaluated","cultivation_subtype":"mixed_or_unknown","subtype_confidence":null,"subtype_reason_codes":["NO_SAR_FLOOD_SIGNAL","NDVI_GROWTH_RISE","NDVI_PEAK_REACHED"],"change_type":"change_uncertain","change_confidence":null,"change_reason_codes":["OBSERVATION_LIMITS_YEAR_COMPARISON"],"reference_label":null,"evidence_strength":null,"evidence_sources":[],"evidence_dates":[],"review_status":"not_reviewed","polygon_vintage":2026,"valid_s2_count":44,"valid_s1_count":29,"observation_quality":1.0,"quality_flags":["BOUNDARY_VINTAGE_DIFFERENCE"],"ndvi_max":0.6178189516067505,"ndvi_amplitude":0.5136299058794975,"ndvi_may":0.1054212749004364,"ndvi_aug":0.5835275650024414,"vh_may_db":-17.016429901123047,"vh_aug_db":-14.477020740509033,"centroid_lat":37.6177495,"centroid_lon":141.0189537,"declaration_match":"unavailable","declared_crop":"not_declared","declared_status":"not_submitted","priority_components":{"declaration":0,"status":23,"change":9,"evidence_uncertainty":1.138,"area":9.9635},"priority_score":43.1,"auto_candidate":true}},{"type":"Feature","geometry":{"type":"Polygon","coordinates":[[[141.004389346,37.619800914],[141.004464299,37.619797344],[141.005463673,37.619301227],[141.005063923,37.618780125],[141.004750231,37.618613721],[141.004697407,37.618633709],[141.003826167,37.619078073],[141.004389346,37.619800914]]]},"properties":{"field_id":"maff-2026-0ed77616-b048-48ea-b6bf-6986508ea118","source_polygon_id":"0ed77616-b048-48ea-b6bf-6986508ea118","field_id_method":"source_id","municipality":"南相馬市","area_ha":1.057992,"source_land_type":100,"declaration_source":"synthetic_demo","is_synthetic_declaration":true,"baseline_year":2024,"target_year":2025,"baseline_status":"insufficient_observation","status":"insufficient_observation","baseline_confidence":null,"confidence":null,"reason_codes":["INSUFFICIENT_OPTICAL_OBSERVATIONS"],"baseline_subtype":"not_evaluated","cultivation_subtype":"not_evaluated","subtype_confidence":null,"subtype_reason_codes":[],"change_type":"change_uncertain","change_confidence":null,"change_reason_codes":["OBSERVATION_LIMITS_YEAR_COMPARISON"],"reference_label":null,"evidence_strength":null,"evidence_sources":[],"evidence_dates":[],"review_status":"not_reviewed","polygon_vintage":2026,"valid_s2_count":0,"valid_s1_count":0,"observation_quality":0.0,"quality_flags":["BOUNDARY_VINTAGE_DIFFERENCE","HARVEST_WINDOW_INCOMPLETE"],"ndvi_max":null,"ndvi_amplitude":null,"ndvi_may":null,"ndvi_aug":null,"vh_may_db":null,"vh_aug_db":null,"centroid_lat":37.6191962,"centroid_lon":141.0046404,"declaration_match":"mismatch","declared_crop":"upland_crop","declared_status":"planned_cultivation","priority_components":{"declaration":40,"status":20,"change":9,"evidence_uncertainty":10.0,"area":9.635},"priority_score":88.64,"auto_candidate":true}},{"type":"Feature","geometry":{"type":"Polygon","coordinates":[[[141.01784116,37.611194379],[141.017858581,37.611197971],[141.017963046,37.611215759],[141.018124649,37.611253065],[141.018143548,37.611250364],[141.018152321,37.611206324],[141.018168526,37.611133328],[141.018187968,37.611065321],[141.01818615,37.611050271],[141.017892093,37.611021829],[141.01787281,37.611099879],[141.01784116,37.611194379]]]},"properties":{"field_id":"maff-2026-0ef577dc-75a5-4a24-99cc-c28ffc87354f","source_polygon_id":"0ef577dc-75a5-4a24-99cc-c28ffc87354f","field_id_method":"source_id","municipality":"南相馬市","area_ha":0.056614,"source_land_type":100,"declaration_source":"synthetic_demo","is_synthetic_declaration":true,"baseline_year":2024,"target_year":2025,"baseline_status":"review_required","status":"review_required","baseline_confidence":0.79,"confidence":0.79,"reason_codes":["NO_SAR_FLOOD_SIGNAL","NDVI_GROWTH_RISE","NDVI_PEAK_REACHED","NDVI_HARVEST_DROP","NEAR_THRESHOLD"],"baseline_subtype":"mixed_or_unknown","cultivation_subtype":"mixed_or_unknown","subtype_confidence":null,"subtype_reason_codes":["NO_SAR_FLOOD_SIGNAL","NDVI_GROWTH_RISE","NDVI_PEAK_REACHED"],"change_type":"change_uncertain","change_confidence":0.79,"change_reason_codes":["YEAR_STATUS_COMPARISON","BOUNDARY_VINTAGE_DIFFERENCE"],"reference_label":null,"evidence_strength":null,"evidence_sources":[],"evidence_dates":[],"review_status":"not_reviewed","polygon_vintage":2026,"valid_s2_count":42,"valid_s1_count":29,"observation_quality":0.8826,"quality_flags":["BOUNDARY_VINTAGE_DIFFERENCE","SMALL_FIELD_WARNING","SMALL_FIELD_MIXED_PIXEL"],"ndvi_max":0.5602660179138184,"ndvi_amplitude":0.47606510668992996,"ndvi_may":0.1511933803558349,"ndvi_aug":0.5264374017715454,"vh_may_db":-16.03936004638672,"vh_aug_db":-14.791716575622559,"centroid_lat":37.6111312,"centroid_lon":141.0180209,"declaration_match":"match","declared_crop":"paddy_rice","declared_status":"planned_cultivation","priority_components":{"declaration":0,"status":23,"change":9,"evidence_uncertainty":2.1,"area":3.3942},"priority_score":37.49,"auto_candidate":true}},{"type":"Feature","geometry":{"type":"Polygon","coordinates":[[[141.01862468,37.613103759],[141.01910771,37.612637385],[141.019133885,37.612599313],[141.019293309,37.612182908],[141.018615162,37.612002068],[141.018500947,37.612475581],[141.018462876,37.612520791],[141.018365319,37.612539826],[141.018434323,37.612813465],[141.018503327,37.613022857],[141.018555676,37.613094241],[141.01862468,37.613103759]]]},"properties":{"field_id":"maff-2026-0f4aaf7f-7b87-4c52-a3a7-a1a30fb2442d","source_polygon_id":"0f4aaf7f-7b87-4c52-a3a7-a1a30fb2442d","field_id_method":"source_id","municipality":"南相馬市","area_ha":0.567573,"source_land_type":100,"declaration_source":"synthetic_demo","is_synthetic_declaration":true,"baseline_year":2024,"target_year":2025,"baseline_status":"review_required","status":"cultivation_signal","baseline_confidence":0.8391,"confidence":0.9428,"reason_codes":["NO_SAR_FLOOD_SIGNAL","NDVI_GROWTH_RISE","NDVI_PEAK_REACHED","NDVI_HARVEST_DROP"],"baseline_subtype":"mixed_or_unknown","cultivation_subtype":"upland_crop_signal","subtype_confidence":0.9428,"subtype_reason_codes":["NO_SAR_FLOOD_SIGNAL","NDVI_GROWTH_RISE","NDVI_PEAK_REACHED"],"change_type":"change_uncertain","change_confidence":0.8391,"change_reason_codes":["YEAR_STATUS_COMPARISON","BOUNDARY_VINTAGE_DIFFERENCE"],"reference_label":null,"evidence_strength":null,"evidence_sources":[],"evidence_dates":[],"review_status":"not_reviewed","polygon_vintage":2026,"valid_s2_count":40,"valid_s1_count":29,"observation_quality":1.0,"quality_flags":["BOUNDARY_VINTAGE_DIFFERENCE"],"ndvi_max":0.5831729769706726,"ndvi_amplitude":0.5521465968340636,"ndvi_may":0.0718258768320083,"ndvi_aug":0.5542609691619873,"vh_may_db":-20.495532989501957,"vh_aug_db":-15.408528327941895,"centroid_lat":37.6125096,"centroid_lon":141.0187914,"declaration_match":"mismatch","declared_crop":"paddy_rice","declared_status":"planned_cultivation","priority_components":{"declaration":40,"status":0,"change":9,"evidence_uncertainty":0,"area":6.9343},"priority_score":55.93,"auto_candidate":true}},{"type":"Feature","geometry":{"type":"Polygon","coordinates":[[[141.013749047,37.609351984],[141.013940035,37.609351328],[141.01394595,37.609326154],[141.013927776,37.60927485],[141.013714773,37.609280749],[141.013718128,37.609293273],[141.013711854,37.609295846],[141.013739458,37.609344545],[141.013749047,37.609351984]]]},"properties":{"field_id":"maff-2026-1018238c-91e1-4d2d-9633-31726adc294e","source_polygon_id":"1018238c-91e1-4d2d-9633-31726adc294e","field_id_method":"source_id","municipality":"南相馬市","area_ha":0.015496,"source_land_type":100,"declaration_source":"synthetic_demo","is_synthetic_declaration":true,"baseline_year":2024,"target_year":2025,"baseline_status":"insufficient_observation","status":"insufficient_observation","baseline_confidence":null,"confidence":null,"reason_codes":["INSUFFICIENT_OPTICAL_OBSERVATIONS"],"baseline_subtype":"not_evaluated","cultivation_subtype":"not_evaluated","subtype_confidence":null,"subtype_reason_codes":[],"change_type":"change_uncertain","change_confidence":null,"change_reason_codes":["OBSERVATION_LIMITS_YEAR_COMPARISON"],"reference_label":null,"evidence_strength":null,"evidence_sources":[],"evidence_dates":[],"review_status":"not_reviewed","polygon_vintage":2026,"valid_s2_count":0,"valid_s1_count":0,"observation_quality":0.0,"quality_flags":["BOUNDARY_VINTAGE_DIFFERENCE","SMALL_FIELD_SEVERE","SMALL_FIELD_MIXED_PIXEL","HARVEST_WINDOW_INCOMPLETE"],"ndvi_max":null,"ndvi_amplitude":null,"ndvi_may":null,"ndvi_aug":null,"vh_may_db":null,"vh_aug_db":null,"centroid_lat":37.6093142,"centroid_lon":141.0138333,"declaration_match":"unavailable","declared_crop":"not_declared","declared_status":"not_submitted","priority_components":{"declaration":0,"status":20,"change":9,"evidence_uncertainty":10.0,"area":1.2409},"priority_score":40.24,"auto_candidate":true}},{"type":"Feature","geometry":{"type":"Polygon","coordinates":[[[141.016602332,37.617735852],[141.018118048,37.617231407],[141.018129946,37.617195715],[141.018127566,37.616172547],[141.018113289,37.616151131],[141.016975907,37.616341488],[141.016599952,37.617576429],[141.016580916,37.617707299],[141.016602332,37.617735852]]]},"properties":{"field_id":"maff-2026-108b2321-9984-4bb2-bf32-10c59b4b24d7","source_polygon_id":"108b2321-9984-4bb2-bf32-10c59b4b24d7","field_id_method":"source_id","municipality":"南相馬市","area_ha":1.590276,"source_land_type":100,"declaration_source":"synthetic_demo","is_synthetic_declaration":true,"baseline_year":2024,"target_year":2025,"baseline_status":"review_required","status":"review_required","baseline_confidence":0.7385,"confidence":0.8929,"reason_codes":["NO_SAR_FLOOD_SIGNAL","NDVI_GROWTH_RISE","NDVI_PEAK_REACHED","NEAR_THRESHOLD"],"baseline_subtype":"mixed_or_unknown","cultivation_subtype":"mixed_or_unknown","subtype_confidence":null,"subtype_reason_codes":["NO_SAR_FLOOD_SIGNAL","NDVI_GROWTH_RISE","NDVI_PEAK_REACHED"],"change_type":"change_uncertain","change_confidence":0.7385,"change_reason_codes":["YEAR_STATUS_COMPARISON","BOUNDARY_VINTAGE_DIFFERENCE"],"reference_label":null,"evidence_strength":null,"evidence_sources":[],"evidence_dates":[],"review_status":"not_reviewed","polygon_vintage":2026,"valid_s2_count":45,"valid_s1_count":29,"observation_quality":0.9833,"quality_flags":["BOUNDARY_VINTAGE_DIFFERENCE"],"ndvi_max":0.6420512795448303,"ndvi_amplitude":0.5547964870929718,"ndvi_may":0.1698030829429626,"ndvi_aug":0.3206865191459656,"vh_may_db":-13.967178344726562,"vh_aug_db":-14.123348236083984,"centroid_lat":37.6169021,"centroid_lon":141.0174198,"declaration_match":"match","declared_crop":"upland_crop","declared_status":"planned_cultivation","priority_components":{"declaration":0,"status":23,"change":9,"evidence_uncertainty":1.071,"area":10.0},"priority_score":43.07,"auto_candidate":true}},{"type":"Feature","geometry":{"type":"Polygon","coordinates":[[[141.008849349,37.618799755],[141.009705955,37.618356581],[141.009152729,37.617687357],[141.009072423,37.617672485],[141.00836025,37.618026549],[141.008349662,37.618088891],[141.008571308,37.618435579],[141.008638171,37.618457708],[141.008798785,37.618662936],[141.008813656,37.618758115],[141.008849349,37.618799755]]]},"properties":{"field_id":"maff-2026-113393a1-906c-4679-95bc-2b2f2539cd67","source_polygon_id":"113393a1-906c-4679-95bc-2b2f2539cd67","field_id_method":"source_id","municipality":"南相馬市","area_ha":0.814335,"source_land_type":100,"declaration_source":"synthetic_demo","is_synthetic_declaration":true,"baseline_year":2024,"target_year":2025,"baseline_status":"cultivation_signal","status":"review_required","baseline_confidence":1.0,"confidence":0.9361,"reason_codes":["NO_SAR_FLOOD_SIGNAL","NDVI_GROWTH_RISE","NDVI_PEAK_REACHED","NDVI_HARVEST_DROP","NEAR_THRESHOLD"],"baseline_subtype":"upland_crop_signal","cultivation_subtype":"mixed_or_unknown","subtype_confidence":null,"subtype_reason_codes":["NO_SAR_FLOOD_SIGNAL","NDVI_GROWTH_RISE","NDVI_PEAK_REACHED"],"change_type":"change_uncertain","change_confidence":0.9361,"change_reason_codes":["YEAR_STATUS_COMPARISON","BOUNDARY_VINTAGE_DIFFERENCE"],"reference_label":null,"evidence_strength":null,"evidence_sources":[],"evidence_dates":[],"review_status":"not_reviewed","polygon_vintage":2026,"valid_s2_count":41,"valid_s1_count":29,"observation_quality":1.0,"quality_flags":["BOUNDARY_VINTAGE_DIFFERENCE"],"ndvi_max":0.5595497488975525,"ndvi_amplitude":0.5252345353364944,"ndvi_may":0.1190679147839546,"ndvi_aug":0.5186781883239746,"vh_may_db":-20.41743278503418,"vh_aug_db":-12.80535888671875,"centroid_lat":37.6182156,"centroid_lon":141.0090031,"declaration_match":"match","declared_crop":"paddy_rice","declared_status":"planned_cultivation","priority_components":{"declaration":0,"status":23,"change":9,"evidence_uncertainty":0.639,"area":8.4307},"priority_score":41.07,"auto_candidate":true}},{"type":"Feature","geometry":{"type":"Polygon","coordinates":[[[141.011855986,37.613820519],[141.01271973,37.613392216],[141.012048723,37.612514194],[141.011195686,37.612942497],[141.01117784,37.612988897],[141.011855986,37.613820519]]]},"properties":{"field_id":"maff-2026-11f1fca3-7635-49cd-bf1e-cf6d63efca0c","source_polygon_id":"11f1fca3-7635-49cd-bf1e-cf6d63efca0c","field_id_method":"source_id","municipality":"南相馬市","area_ha":1.03981,"source_land_type":100,"declaration_source":"synthetic_demo","is_synthetic_declaration":true,"baseline_year":2024,"target_year":2025,"baseline_status":"review_required","status":"cultivation_signal","baseline_confidence":0.8372,"confidence":1.0,"reason_codes":["NO_SAR_FLOOD_SIGNAL","NDVI_GROWTH_RISE","NDVI_PEAK_REACHED","NDVI_HARVEST_DROP"],"baseline_subtype":"mixed_or_unknown","cultivation_subtype":"upland_crop_signal","subtype_confidence":1.0,"subtype_reason_codes":["NO_SAR_FLOOD_SIGNAL","NDVI_GROWTH_RISE","NDVI_PEAK_REACHED"],"change_type":"change_uncertain","change_confidence":0.8372,"change_reason_codes":["YEAR_STATUS_COMPARISON","BOUNDARY_VINTAGE_DIFFERENCE"],"reference_label":null,"evidence_strength":null,"evidence_sources":[],"evidence_dates":[],"review_status":"not_reviewed","polygon_vintage":2026,"valid_s2_count":40,"valid_s1_count":29,"observation_quality":1.0,"quality_flags":["BOUNDARY_VINTAGE_DIFFERENCE"],"ndvi_max":0.6274720430374146,"ndvi_amplitude":0.5965040735900402,"ndvi_may":0.0886584147810936,"ndvi_aug":0.6080402135848999,"vh_may_db":-22.1854305267334,"vh_aug_db":-14.43183422088623,"centroid_lat":37.6131697,"centroid_lon":141.0119439,"declaration_match":"match","declared_crop":"upland_crop","declared_status":"planned_cultivation","priority_components":{"declaration":0,"status":0,"change":9,"evidence_uncertainty":0,"area":9.562},"priority_score":18.56,"auto_candidate":true}},{"type":"Feature","geometry":{"type":"Polygon","coordinates":[[[141.007222689,37.618468415],[141.008094762,37.618048916],[141.007675976,37.617465472],[141.006787248,37.617908052],[141.007222689,37.618468415]]]},"properties":{"field_id":"maff-2026-12b73de0-b0a1-4bcb-a60f-fa9903d35def","source_polygon_id":"12b73de0-b0a1-4bcb-a60f-fa9903d35def","field_id_method":"source_id","municipality":"南相馬市","area_ha":0.673234,"source_land_type":100,"declaration_source":"synthetic_demo","is_synthetic_declaration":true,"baseline_year":2024,"target_year":2025,"baseline_status":"cultivation_signal","status":"review_required","baseline_confidence":1.0,"confidence":0.8838,"reason_codes":["NO_SAR_FLOOD_SIGNAL","NDVI_GROWTH_RISE","NDVI_PEAK_REACHED","NDVI_HARVEST_DROP","NEAR_THRESHOLD"],"baseline_subtype":"upland_crop_signal","cultivation_subtype":"mixed_or_unknown","subtype_confidence":null,"subtype_reason_codes":["NO_SAR_FLOOD_SIGNAL","NDVI_GROWTH_RISE","NDVI_PEAK_REACHED"],"change_type":"change_uncertain","change_confidence":0.8838,"change_reason_codes":["YEAR_STATUS_COMPARISON","BOUNDARY_VINTAGE_DIFFERENCE"],"reference_label":null,"evidence_strength":null,"evidence_sources":[],"evidence_dates":[],"review_status":"not_reviewed","polygon_vintage":2026,"valid_s2_count":39,"valid_s1_count":29,"observation_quality":1.0,"quality_flags":["BOUNDARY_VINTAGE_DIFFERENCE"],"ndvi_max":0.6057735681533813,"ndvi_amplitude":0.5251816511154176,"ndvi_may":0.1221245191991329,"ndvi_aug":0.5706281065940857,"vh_may_db":-20.07285690307617,"vh_aug_db":-13.296823978424072,"centroid_lat":37.6179707,"centroid_lon":141.0074456,"declaration_match":"mismatch","declared_crop":"paddy_rice","declared_status":"planned_cultivation","priority_components":{"declaration":40,"status":23,"change":9,"evidence_uncertainty":1.162,"area":7.5547},"priority_score":80.72,"auto_candidate":true}},{"type":"Feature","geometry":{"type":"Polygon","coordinates":[[[141.00796991,37.610009561],[141.008027201,37.610039129],[141.008048034,37.610008783],[141.008076679,37.610023567],[141.008111568,37.609983663],[141.008084993,37.609950023],[141.008027731,37.609922338],[141.00796991,37.610009561]]]},"properties":{"field_id":"maff-2026-13ca0489-60ec-4a25-83a2-5959b2a20ca6","source_polygon_id":"13ca0489-60ec-4a25-83a2-5959b2a20ca6","field_id_method":"source_id","municipality":"南相馬市","area_ha":0.008801,"source_land_type":200,"declaration_source":"synthetic_demo","is_synthetic_declaration":true,"baseline_year":2024,"target_year":2025,"baseline_status":"insufficient_observation","status":"insufficient_observation","baseline_confidence":null,"confidence":null,"reason_codes":["INSUFFICIENT_OPTICAL_OBSERVATIONS"],"baseline_subtype":"not_evaluated","cultivation_subtype":"not_evaluated","subtype_confidence":null,"subtype_reason_codes":[],"change_type":"change_uncertain","change_confidence":null,"change_reason_codes":["OBSERVATION_LIMITS_YEAR_COMPARISON"],"reference_label":null,"evidence_strength":null,"evidence_sources":[],"evidence_dates":[],"review_status":"not_reviewed","polygon_vintage":2026,"valid_s2_count":0,"valid_s1_count":0,"observation_quality":0.0,"quality_flags":["BOUNDARY_VINTAGE_DIFFERENCE","SMALL_FIELD_SEVERE","SMALL_FIELD_MIXED_PIXEL","HARVEST_WINDOW_INCOMPLETE"],"ndvi_max":null,"ndvi_amplitude":null,"ndvi_may":null,"ndvi_aug":null,"vh_may_db":null,"vh_aug_db":null,"centroid_lat":37.6099829,"centroid_lon":141.0080408,"declaration_match":"match","declared_crop":"unknown","declared_status":"unknown","priority_components":{"declaration":0,"status":20,"change":9,"evidence_uncertainty":10.0,"area":0.292},"priority_score":39.29,"auto_candidate":true}},{"type":"Feature","geometry":{"type":"Polygon","coordinates":[[[141.008900067,37.609811359],[141.008969195,37.609840808],[141.009142667,37.609880519],[141.009389824,37.609938332],[141.009518227,37.609972842],[141.009544268,37.609972582],[141.009588709,37.609787543],[141.00955515,37.609761506],[141.009521799,37.609748653],[141.009502505,37.609726242],[141.009483239,37.609705714],[141.009454504,37.609685281],[141.00941417,37.609680031],[141.00935972,37.609680575],[141.009328884,37.609677114],[141.009290917,37.609671842],[141.009267066,37.609660778],[141.009233329,37.609623442],[141.009199741,37.609595521],[141.009163756,37.609565742],[141.0091373,37.609539635],[141.009099273,37.609530596],[141.009054442,37.60954046],[141.009007271,37.609552232],[141.008957883,37.609573444],[141.00890619,37.609749137],[141.008900067,37.609811359]]]},"properties":{"field_id":"maff-2026-13fb12ea-6260-4c39-8538-3ac0c9cc5e88","source_polygon_id":"13fb12ea-6260-4c39-8538-3ac0c9cc5e88","field_id_method":"source_id","municipality":"南相馬市","area_ha":0.173896,"source_land_type":100,"declaration_source":"synthetic_demo","is_synthetic_declaration":true,"baseline_year":2024,"target_year":2025,"baseline_status":"review_required","status":"review_required","baseline_confidence":0.7714,"confidence":0.8,"reason_codes":["SIGNAL_CONFLICT"],"baseline_subtype":"mixed_or_unknown","cultivation_subtype":"mixed_or_unknown","subtype_confidence":null,"subtype_reason_codes":[],"change_type":"change_uncertain","change_confidence":0.7714,"change_reason_codes":["YEAR_STATUS_COMPARISON","BOUNDARY_VINTAGE_DIFFERENCE"],"reference_label":null,"evidence_strength":null,"evidence_sources":[],"evidence_dates":[],"review_status":"not_reviewed","polygon_vintage":2026,"valid_s2_count":41,"valid_s1_count":29,"observation_quality":1.0,"quality_flags":["BOUNDARY_VINTAGE_DIFFERENCE"],"ndvi_max":0.6699714660644531,"ndvi_amplitude":0.40548950433731085,"ndvi_may":0.5927399694919586,"ndvi_aug":0.6376520991325378,"vh_may_db":-15.09988021850586,"vh_aug_db":-14.190617561340332,"centroid_lat":37.6097618,"centroid_lon":141.00923,"declaration_match":"unavailable","declared_crop":"not_declared","declared_status":"not_submitted","priority_components":{"declaration":0,"status":23,"change":9,"evidence_uncertainty":2.0,"area":5.1095},"priority_score":39.11,"auto_candidate":true}},{"type":"Feature","geometry":{"type":"Polygon","coordinates":[[[141.013800719,37.612876718],[141.014785221,37.612374058],[141.014318252,37.611785141],[141.013390262,37.612249135],[141.013375391,37.612314571],[141.013800719,37.612876718]]]},"properties":{"field_id":"maff-2026-15edba3c-9123-4a8d-b972-b96cffe096db","source_polygon_id":"15edba3c-9123-4a8d-b972-b96cffe096db","field_id_method":"source_id","municipality":"南相馬市","area_ha":0.794866,"source_land_type":100,"declaration_source":"synthetic_demo","is_synthetic_declaration":true,"baseline_year":2024,"target_year":2025,"baseline_status":"cultivation_signal","status":"review_required","baseline_confidence":0.9399,"confidence":0.9263,"reason_codes":["NO_SAR_FLOOD_SIGNAL","NDVI_GROWTH_RISE","NDVI_PEAK_REACHED","NDVI_HARVEST_DROP","NEAR_THRESHOLD"],"baseline_subtype":"upland_crop_signal","cultivation_subtype":"mixed_or_unknown","subtype_confidence":null,"subtype_reason_codes":["NO_SAR_FLOOD_SIGNAL","NDVI_GROWTH_RISE","NDVI_PEAK_REACHED"],"change_type":"change_uncertain","change_confidence":0.9263,"change_reason_codes":["YEAR_STATUS_COMPARISON","BOUNDARY_VINTAGE_DIFFERENCE"],"reference_label":null,"evidence_strength":null,"evidence_sources":[],"evidence_dates":[],"review_status":"not_reviewed","polygon_vintage":2026,"valid_s2_count":41,"valid_s1_count":29,"observation_quality":1.0,"quality_flags":["BOUNDARY_VINTAGE_DIFFERENCE"],"ndvi_max":0.6214896440505981,"ndvi_amplitude":0.5890160389244556,"ndvi_may":0.0665840525180101,"ndvi_aug":0.5997691750526428,"vh_may_db":-21.125123977661133,"vh_aug_db":-14.666416645050049,"centroid_lat":37.6123285,"centroid_lon":141.0140627,"declaration_match":"unavailable","declared_crop":"not_declared","declared_status":"not_submitted","priority_components":{"declaration":0,"status":23,"change":9,"evidence_uncertainty":0.737,"area":8.1752},"priority_score":40.91,"auto_candidate":true}},{"type":"Feature","geometry":{"type":"Polygon","coordinates":[[[141.007552737,37.609410635],[141.007631925,37.609326967],[141.007739363,37.609232971],[141.007675226,37.609169566],[141.00758856,37.609078758],[141.007540147,37.609011429],[141.007506806,37.608999203],[141.007491102,37.609004382],[141.007407969,37.60903786],[141.00732817,37.609082605],[141.007257879,37.609129767],[141.007298085,37.609177086],[141.007407143,37.609286508],[141.007477691,37.609356128],[141.007519318,37.609393387],[141.007552737,37.609410635]]]},"properties":{"field_id":"maff-2026-16a1d133-89f2-4a27-ad19-15f958664693","source_polygon_id":"16a1d133-89f2-4a27-ad19-15f958664693","field_id_method":"source_id","municipality":"南相馬市","area_ha":0.100223,"source_land_type":100,"declaration_source":"synthetic_demo","is_synthetic_declaration":true,"baseline_year":2024,"target_year":2025,"baseline_status":"fallow_candidate","status":"fallow_candidate","baseline_confidence":1.0,"confidence":0.944,"reason_codes":["NO_SAR_FLOOD_SIGNAL","NDVI_PEAK_LOW","NDVI_AMPLITUDE_LOW"],"baseline_subtype":"mixed_or_unknown","cultivation_subtype":"mixed_or_unknown","subtype_confidence":null,"subtype_reason_codes":["NO_SAR_FLOOD_SIGNAL"],"change_type":"stable","change_confidence":0.944,"change_reason_codes":["YEAR_STATUS_COMPARISON","BOUNDARY_VINTAGE_DIFFERENCE"],"reference_label":null,"evidence_strength":null,"evidence_sources":[],"evidence_dates":[],"review_status":"not_reviewed","polygon_vintage":2026,"valid_s2_count":42,"valid_s1_count":29,"observation_quality":1.0,"quality_flags":["BOUNDARY_VINTAGE_DIFFERENCE"],"ndvi_max":0.5893982648849487,"ndvi_amplitude":0.45908868312835693,"ndvi_may":0.2405715584754943,"ndvi_aug":0.3853554129600525,"vh_may_db":-13.38905429840088,"vh_aug_db":-12.349221229553223,"centroid_lat":37.6091931,"centroid_lon":141.0075035,"declaration_match":"mismatch","declared_crop":"paddy_rice","declared_status":"planned_cultivation","priority_components":{"declaration":40,"status":25,"change":0,"evidence_uncertainty":9.44,"area":4.3431},"priority_score":78.78,"auto_candidate":true}},{"type":"Feature","geometry":{"type":"Polygon","coordinates":[[[141.009717673,37.618346805],[141.010584273,37.617904305],[141.010017009,37.617215213],[141.009178725,37.617635346],[141.009170397,37.617679366],[141.009717673,37.618346805]]]},"properties":{"field_id":"maff-2026-16e5e5b4-0044-4877-82b9-402b832126b6","source_polygon_id":"16e5e5b4-0044-4877-82b9-402b832126b6","field_id_method":"source_id","municipality":"南相馬市","area_ha":0.832561,"source_land_type":100,"declaration_source":"synthetic_demo","is_synthetic_declaration":true,"baseline_year":2024,"target_year":2025,"baseline_status":"cultivation_signal","status":"cultivation_signal","baseline_confidence":0.9963,"confidence":0.944,"reason_codes":["NO_SAR_FLOOD_SIGNAL","NDVI_GROWTH_RISE","NDVI_PEAK_REACHED","NDVI_HARVEST_DROP"],"baseline_subtype":"upland_crop_signal","cultivation_subtype":"upland_crop_signal","subtype_confidence":0.944,"subtype_reason_codes":["NO_SAR_FLOOD_SIGNAL","NDVI_GROWTH_RISE","NDVI_PEAK_REACHED"],"change_type":"stable","change_confidence":0.944,"change_reason_codes":["YEAR_STATUS_COMPARISON","BOUNDARY_VINTAGE_DIFFERENCE"],"reference_label":null,"evidence_strength":null,"evidence_sources":[],"evidence_dates":[],"review_status":"not_reviewed","polygon_vintage":2026,"valid_s2_count":41,"valid_s1_count":29,"observation_quality":0.9875,"quality_flags":["BOUNDARY_VINTAGE_DIFFERENCE"],"ndvi_max":0.5652171969413757,"ndvi_amplitude":0.5315397381782532,"ndvi_may":0.1068864315748214,"ndvi_aug":0.5444369316101074,"vh_may_db":-20.4180908203125,"vh_aug_db":-14.679940700531006,"centroid_lat":37.6177799,"centroid_lon":141.0098665,"declaration_match":"unavailable","declared_crop":"not_declared","declared_status":"not_submitted","priority_components":{"declaration":0,"status":0,"change":0,"evidence_uncertainty":0,"area":8.5766},"priority_score":8.58,"auto_candidate":false}},{"type":"Feature","geometry":{"type":"Polygon","coordinates":[[[141.008967953,37.612557432],[141.008741338,37.61215196],[141.008703379,37.612157116],[141.008676578,37.612108009],[141.008108527,37.612397165],[141.008249882,37.612601215],[141.008300479,37.612635751],[141.008386484,37.612757532],[141.00846338,37.612809325],[141.008967953,37.612557432]]]},"properties":{"field_id":"maff-2026-178176c8-357b-4c30-b33b-481bba6f9b50","source_polygon_id":"178176c8-357b-4c30-b33b-481bba6f9b50","field_id_method":"source_id","municipality":"南相馬市","area_ha":0.326599,"source_land_type":100,"declaration_source":"synthetic_demo","is_synthetic_declaration":true,"baseline_year":2024,"target_year":2025,"baseline_status":"cultivation_signal","status":"review_required","baseline_confidence":0.9383,"confidence":0.8741,"reason_codes":["NO_SAR_FLOOD_SIGNAL","NDVI_GROWTH_RISE","NDVI_PEAK_REACHED","NDVI_HARVEST_DROP","NEAR_THRESHOLD"],"baseline_subtype":"upland_crop_signal","cultivation_subtype":"mixed_or_unknown","subtype_confidence":null,"subtype_reason_codes":["NO_SAR_FLOOD_SIGNAL","NDVI_GROWTH_RISE","NDVI_PEAK_REACHED"],"change_type":"change_uncertain","change_confidence":0.8741,"change_reason_codes":["YEAR_STATUS_COMPARISON","BOUNDARY_VINTAGE_DIFFERENCE"],"reference_label":null,"evidence_strength":null,"evidence_sources":[],"evidence_dates":[],"review_status":"not_reviewed","polygon_vintage":2026,"valid_s2_count":39,"valid_s1_count":29,"observation_quality":1.0,"quality_flags":["BOUNDARY_VINTAGE_DIFFERENCE"],"ndvi_max":0.5676840543746948,"ndvi_amplitude":0.5140403285622597,"ndvi_may":0.0945913232862949,"ndvi_aug":0.539322018623352,"vh_may_db":-22.15288543701172,"vh_aug_db":-17.004716873168945,"centroid_lat":37.6124636,"centroid_lon":141.0085506,"declaration_match":"match","declared_crop":"paddy_rice","declared_status":"planned_cultivation","priority_components":{"declaration":0,"status":23,"change":9,"evidence_uncertainty":1.259,"area":5.7299},"priority_score":38.99,"auto_candidate":true}},{"type":"Feature","geometry":{"type":"Polygon","coordinates":[[[141.008266262,37.609313118],[141.008277606,37.609331841],[141.008404973,37.609400895],[141.008412034,37.609348083],[141.00843186,37.609303934],[141.008443795,37.609259864],[141.008446378,37.609223421],[141.008417239,37.609177248],[141.008377328,37.609148763],[141.008266262,37.609313118]]]},"properties":{"field_id":"maff-2026-1911706c-50ac-42c3-901c-204941631f65","source_polygon_id":"1911706c-50ac-42c3-901c-204941631f65","field_id_method":"source_id","municipality":"南相馬市","area_ha":0.024896,"source_land_type":100,"declaration_source":"synthetic_demo","is_synthetic_declaration":true,"baseline_year":2024,"target_year":2025,"baseline_status":"insufficient_observation","status":"insufficient_observation","baseline_confidence":null,"confidence":null,"reason_codes":["INSUFFICIENT_OPTICAL_OBSERVATIONS"],"baseline_subtype":"not_evaluated","cultivation_subtype":"not_evaluated","subtype_confidence":null,"subtype_reason_codes":[],"change_type":"change_uncertain","change_confidence":null,"change_reason_codes":["OBSERVATION_LIMITS_YEAR_COMPARISON"],"reference_label":null,"evidence_strength":null,"evidence_sources":[],"evidence_dates":[],"review_status":"not_reviewed","polygon_vintage":2026,"valid_s2_count":0,"valid_s1_count":0,"observation_quality":0.0,"quality_flags":["BOUNDARY_VINTAGE_DIFFERENCE","SMALL_FIELD_SEVERE","SMALL_FIELD_MIXED_PIXEL","HARVEST_WINDOW_INCOMPLETE"],"ndvi_max":null,"ndvi_amplitude":null,"ndvi_may":null,"ndvi_aug":null,"vh_may_db":null,"vh_aug_db":null,"centroid_lat":37.6092777,"centroid_lon":141.0083686,"declaration_match":"unavailable","declared_crop":"not_declared","declared_status":"not_submitted","priority_components":{"declaration":0,"status":20,"change":9,"evidence_uncertainty":10.0,"area":1.9708},"priority_score":40.97,"auto_candidate":true}},{"type":"Feature","geometry":{"type":"Polygon","coordinates":[[[141.00510848,37.618135514],[141.005147101,37.618182221],[141.005206292,37.618181633],[141.005234793,37.618187001],[141.005279926,37.618195971],[141.005343941,37.618200985],[141.005599944,37.618217279],[141.005607966,37.618124901],[141.005564845,37.618093308],[141.005356374,37.618087844],[141.005249682,37.618079486],[141.005138373,37.618078707],[141.00510848,37.618135514]]]},"properties":{"field_id":"maff-2026-1914eb23-f5c6-49f7-90fd-c4e837594937","source_polygon_id":"1914eb23-f5c6-49f7-90fd-c4e837594937","field_id_method":"source_id","municipality":"南相馬市","area_ha":0.05277,"source_land_type":200,"declaration_source":"synthetic_demo","is_synthetic_declaration":true,"baseline_year":2024,"target_year":2025,"baseline_status":"fallow_candidate","status":"fallow_candidate","baseline_confidence":0.79,"confidence":0.79,"reason_codes":["NO_SAR_FLOOD_SIGNAL","NDVI_PEAK_LOW","NDVI_AMPLITUDE_LOW"],"baseline_subtype":"mixed_or_unknown","cultivation_subtype":"mixed_or_unknown","subtype_confidence":null,"subtype_reason_codes":["NO_SAR_FLOOD_SIGNAL"],"change_type":"stable","change_confidence":0.79,"change_reason_codes":["YEAR_STATUS_COMPARISON","BOUNDARY_VINTAGE_DIFFERENCE"],"reference_label":null,"evidence_strength":null,"evidence_sources":[],"evidence_dates":[],"review_status":"not_reviewed","polygon_vintage":2026,"valid_s2_count":42,"valid_s1_count":29,"observation_quality":1.0,"quality_flags":["BOUNDARY_VINTAGE_DIFFERENCE","SMALL_FIELD_WARNING","SMALL_FIELD_MIXED_PIXEL"],"ndvi_max":0.3894414901733398,"ndvi_amplitude":0.25594833493232727,"ndvi_may":0.1966170072555542,"ndvi_aug":0.2195077985525131,"vh_may_db":-18.472820281982425,"vh_aug_db":-16.519686698913574,"centroid_lat":37.6181439,"centroid_lon":141.0053698,"declaration_match":"unavailable","declared_crop":"not_declared","declared_status":"not_submitted","priority_components":{"declaration":0,"status":25,"change":0,"evidence_uncertainty":7.9,"area":3.3577},"priority_score":36.26,"auto_candidate":true}},{"type":"Feature","geometry":{"type":"Polygon","coordinates":[[[141.01978144,37.610302031],[141.019859145,37.610274879],[141.020106766,37.610063305],[141.020406019,37.609822957],[141.020338655,37.609755824],[141.01996983,37.609492058],[141.019948913,37.609516756],[141.019913192,37.609503929],[141.019806956,37.609672641],[141.01977645,37.609689901],[141.019541448,37.609801514],[141.019515616,37.609814959],[141.019482742,37.609832243],[141.019468897,37.609854985],[141.019560922,37.609984031],[141.019747579,37.610257164],[141.01978144,37.610302031]]]},"properties":{"field_id":"maff-2026-1969425e-f56b-469a-894e-25a8a572a624","source_polygon_id":"1969425e-f56b-469a-894e-25a8a572a624","field_id_method":"source_id","municipality":"南相馬市","area_ha":0.370845,"source_land_type":100,"declaration_source":"synthetic_demo","is_synthetic_declaration":true,"baseline_year":2024,"target_year":2025,"baseline_status":"review_required","status":"cultivation_signal","baseline_confidence":0.6983,"confidence":0.966,"reason_codes":["NO_SAR_FLOOD_SIGNAL","NDVI_GROWTH_RISE","NDVI_PEAK_REACHED","NDVI_HARVEST_DROP"],"baseline_subtype":"mixed_or_unknown","cultivation_subtype":"upland_crop_signal","subtype_confidence":0.966,"subtype_reason_codes":["NO_SAR_FLOOD_SIGNAL","NDVI_GROWTH_RISE","NDVI_PEAK_REACHED"],"change_type":"change_uncertain","change_confidence":0.6983,"change_reason_codes":["YEAR_STATUS_COMPARISON","BOUNDARY_VINTAGE_DIFFERENCE"],"reference_label":null,"evidence_strength":null,"evidence_sources":[],"evidence_dates":[],"review_status":"not_reviewed","polygon_vintage":2026,"valid_s2_count":41,"valid_s1_count":29,"observation_quality":0.9762,"quality_flags":["BOUNDARY_VINTAGE_DIFFERENCE"],"ndvi_max":0.6241530179977417,"ndvi_amplitude":0.6080636288970709,"ndvi_may":0.0735504329204559,"ndvi_aug":0.5946142673492432,"vh_may_db":-20.874557495117188,"vh_aug_db":-14.805391311645508,"centroid_lat":37.6098865,"centroid_lon":141.0199215,"declaration_match":"match","declared_crop":"paddy_rice","declared_status":"planned_cultivation","priority_components":{"declaration":0,"status":0,"change":9,"evidence_uncertainty":0,"area":6.0584},"priority_score":15.06,"auto_candidate":true}},{"type":"Feature","geometry":{"type":"Polygon","coordinates":[[[141.017636051,37.608347277],[141.018513591,37.608142568],[141.018522194,37.608087855],[141.018293449,37.607698357],[141.017921804,37.606957111],[141.017301356,37.60709896],[141.017304619,37.607155436],[141.017428777,37.607519615],[141.017473329,37.607641605],[141.017507069,37.607678938],[141.017619616,37.607758805],[141.017679994,37.607833545],[141.017684497,37.60796818],[141.017654341,37.608156846],[141.0176214,37.608319169],[141.017636051,37.608347277]]]},"properties":{"field_id":"maff-2026-19782554-877a-421e-8c9a-5e608642ef1d","source_polygon_id":"19782554-877a-421e-8c9a-5e608642ef1d","field_id_method":"source_id","municipality":"南相馬市","area_ha":0.909497,"source_land_type":100,"declaration_source":"synthetic_demo","is_synthetic_declaration":true,"baseline_year":2024,"target_year":2025,"baseline_status":"insufficient_observation","status":"insufficient_observation","baseline_confidence":null,"confidence":null,"reason_codes":["INSUFFICIENT_OPTICAL_OBSERVATIONS"],"baseline_subtype":"not_evaluated","cultivation_subtype":"not_evaluated","subtype_confidence":null,"subtype_reason_codes":[],"change_type":"change_uncertain","change_confidence":null,"change_reason_codes":["OBSERVATION_LIMITS_YEAR_COMPARISON"],"reference_label":null,"evidence_strength":null,"evidence_sources":[],"evidence_dates":[],"review_status":"not_reviewed","polygon_vintage":2026,"valid_s2_count":0,"valid_s1_count":0,"observation_quality":0.0,"quality_flags":["BOUNDARY_VINTAGE_DIFFERENCE","HARVEST_WINDOW_INCOMPLETE"],"ndvi_max":null,"ndvi_amplitude":null,"ndvi_may":null,"ndvi_aug":null,"vh_may_db":null,"vh_aug_db":null,"centroid_lat":37.6076551,"centroid_lon":141.0178828,"declaration_match":"unavailable","declared_crop":"not_declared","declared_status":"not_submitted","priority_components":{"declaration":0,"status":20,"change":9,"evidence_uncertainty":10.0,"area":9.1241},"priority_score":48.12,"auto_candidate":true}},{"type":"Feature","geometry":{"type":"Polygon","coordinates":[[[141.012273271,37.614735551],[141.012343822,37.614704708],[141.012273765,37.614616878],[141.012215202,37.614657019],[141.012215469,37.614673969],[141.012273271,37.614735551]]]},"properties":{"field_id":"maff-2026-19c30794-fb3e-43e9-b06c-f2d712d47546","source_polygon_id":"19c30794-fb3e-43e9-b06c-f2d712d47546","field_id_method":"source_id","municipality":"南相馬市","area_ha":0.007956,"source_land_type":100,"declaration_source":"synthetic_demo","is_synthetic_declaration":true,"baseline_year":2024,"target_year":2025,"baseline_status":"insufficient_observation","status":"insufficient_observation","baseline_confidence":null,"confidence":null,"reason_codes":["INSUFFICIENT_OPTICAL_OBSERVATIONS"],"baseline_subtype":"not_evaluated","cultivation_subtype":"not_evaluated","subtype_confidence":null,"subtype_reason_codes":[],"change_type":"change_uncertain","change_confidence":null,"change_reason_codes":["OBSERVATION_LIMITS_YEAR_COMPARISON"],"reference_label":null,"evidence_strength":null,"evidence_sources":[],"evidence_dates":[],"review_status":"not_reviewed","polygon_vintage":2026,"valid_s2_count":0,"valid_s1_count":0,"observation_quality":0.0,"quality_flags":["BOUNDARY_VINTAGE_DIFFERENCE","SMALL_FIELD_SEVERE","SMALL_FIELD_MIXED_PIXEL","HARVEST_WINDOW_INCOMPLETE"],"ndvi_max":null,"ndvi_amplitude":null,"ndvi_may":null,"ndvi_aug":null,"vh_may_db":null,"vh_aug_db":null,"centroid_lat":37.6146791,"centroid_lon":141.012275,"declaration_match":"not_comparable","declared_crop":"unknown","declared_status":"unknown","priority_components":{"declaration":20,"status":20,"change":9,"evidence_uncertainty":10.0,"area":0.1095},"priority_score":59.11,"auto_candidate":true}},{"type":"Feature","geometry":{"type":"Polygon","coordinates":[[[141.014566363,37.614258577],[141.014710186,37.614219465],[141.014693047,37.614183847],[141.014646842,37.614107081],[141.014578542,37.614130368],[141.014496156,37.614161332],[141.014458335,37.614165477],[141.014470738,37.614201142],[141.014487758,37.614229226],[141.014525519,37.614221314],[141.014544697,37.61423619],[141.014566363,37.614258577]]]},"properties":{"field_id":"maff-2026-1c751365-3b48-438a-b8a1-cf4ece935703","source_polygon_id":"1c751365-3b48-438a-b8a1-cf4ece935703","field_id_method":"source_id","municipality":"南相馬市","area_ha":0.021623,"source_land_type":200,"declaration_source":"synthetic_demo","is_synthetic_declaration":true,"baseline_year":2024,"target_year":2025,"baseline_status":"insufficient_observation","status":"insufficient_observation","baseline_confidence":null,"confidence":null,"reason_codes":["INSUFFICIENT_OPTICAL_OBSERVATIONS"],"baseline_subtype":"not_evaluated","cultivation_subtype":"not_evaluated","subtype_confidence":null,"subtype_reason_codes":[],"change_type":"change_uncertain","change_confidence":null,"change_reason_codes":["OBSERVATION_LIMITS_YEAR_COMPARISON"],"reference_label":null,"evidence_strength":null,"evidence_sources":[],"evidence_dates":[],"review_status":"not_reviewed","polygon_vintage":2026,"valid_s2_count":0,"valid_s1_count":0,"observation_quality":0.0,"quality_flags":["BOUNDARY_VINTAGE_DIFFERENCE","SMALL_FIELD_SEVERE","SMALL_FIELD_MIXED_PIXEL","HARVEST_WINDOW_INCOMPLETE"],"ndvi_max":null,"ndvi_amplitude":null,"ndvi_may":null,"ndvi_aug":null,"vh_may_db":null,"vh_aug_db":null,"centroid_lat":37.6141869,"centroid_lon":141.0145901,"declaration_match":"match","declared_crop":"unknown","declared_status":"unknown","priority_components":{"declaration":0,"status":20,"change":9,"evidence_uncertainty":10.0,"area":1.8613},"priority_score":40.86,"auto_candidate":true}},{"type":"Feature","geometry":{"type":"Polygon","coordinates":[[[141.017773063,37.610712164],[141.017718867,37.610776823],[141.017645176,37.610835741],[141.017710153,37.610886144],[141.0178469,37.610756541],[141.017773063,37.610712164]]]},"properties":{"field_id":"maff-2026-1d992ab8-03a6-421f-a1b1-fe9e87d9a6a9","source_polygon_id":"1d992ab8-03a6-421f-a1b1-fe9e87d9a6a9","field_id_method":"source_id","municipality":"南相馬市","area_ha":0.013974,"source_land_type":200,"declaration_source":"synthetic_demo","is_synthetic_declaration":true,"baseline_year":2024,"target_year":2025,"baseline_status":"insufficient_observation","status":"insufficient_observation","baseline_confidence":null,"confidence":null,"reason_codes":["INSUFFICIENT_OPTICAL_OBSERVATIONS"],"baseline_subtype":"not_evaluated","cultivation_subtype":"not_evaluated","subtype_confidence":null,"subtype_reason_codes":[],"change_type":"change_uncertain","change_confidence":null,"change_reason_codes":["OBSERVATION_LIMITS_YEAR_COMPARISON"],"reference_label":null,"evidence_strength":null,"evidence_sources":[],"evidence_dates":[],"review_status":"not_reviewed","polygon_vintage":2026,"valid_s2_count":0,"valid_s1_count":0,"observation_quality":0.0,"quality_flags":["BOUNDARY_VINTAGE_DIFFERENCE","SMALL_FIELD_SEVERE","SMALL_FIELD_MIXED_PIXEL","HARVEST_WINDOW_INCOMPLETE"],"ndvi_max":null,"ndvi_amplitude":null,"ndvi_may":null,"ndvi_aug":null,"vh_may_db":null,"vh_aug_db":null,"centroid_lat":37.6107989,"centroid_lon":141.0177461,"declaration_match":"mismatch","declared_crop":"paddy_rice","declared_status":"planned_cultivation","priority_components":{"declaration":40,"status":20,"change":9,"evidence_uncertainty":10.0,"area":0.9489},"priority_score":79.95,"auto_candidate":true}},{"type":"Feature","geometry":{"type":"Polygon","coordinates":[[[141.015869452,37.611058056],[141.01592418,37.611062815],[141.016114537,37.611069954],[141.016611844,37.610848664],[141.01676175,37.610729691],[141.01680696,37.610670205],[141.016890241,37.610472709],[141.016818857,37.610227625],[141.016878344,37.610146723],[141.01691582,37.610091996],[141.01694259,37.609999196],[141.01689738,37.60998254],[141.016307273,37.610049165],[141.016259684,37.610156241],[141.016052671,37.610163379],[141.016028877,37.610191933],[141.015907524,37.61095574],[141.015855175,37.610993811],[141.015869452,37.611058056]]]},"properties":{"field_id":"maff-2026-1d9ce52c-00c4-4f98-9d41-0968e2c7faa4","source_polygon_id":"1d9ce52c-00c4-4f98-9d41-0968e2c7faa4","field_id_method":"source_id","municipality":"南相馬市","area_ha":0.754286,"source_land_type":100,"declaration_source":"synthetic_demo","is_synthetic_declaration":true,"baseline_year":2024,"target_year":2025,"baseline_status":"cultivation_signal","status":"cultivation_signal","baseline_confidence":0.9685,"confidence":0.916,"reason_codes":["NO_SAR_FLOOD_SIGNAL","NDVI_GROWTH_RISE","NDVI_PEAK_REACHED","NDVI_HARVEST_DROP"],"baseline_subtype":"upland_crop_signal","cultivation_subtype":"upland_crop_signal","subtype_confidence":0.916,"subtype_reason_codes":["NO_SAR_FLOOD_SIGNAL","NDVI_GROWTH_RISE","NDVI_PEAK_REACHED"],"change_type":"stable","change_confidence":0.916,"change_reason_codes":["YEAR_STATUS_COMPARISON","BOUNDARY_VINTAGE_DIFFERENCE"],"reference_label":null,"evidence_strength":null,"evidence_sources":[],"evidence_dates":[],"review_status":"not_reviewed","polygon_vintage":2026,"valid_s2_count":39,"valid_s1_count":29,"observation_quality":1.0,"quality_flags":["BOUNDARY_VINTAGE_DIFFERENCE"],"ndvi_max":0.5865503549575806,"ndvi_amplitude":0.48644435405731207,"ndvi_may":0.1361237615346908,"ndvi_aug":0.2896713316440582,"vh_may_db":-17.895404815673828,"vh_aug_db":-15.469278335571289,"centroid_lat":37.6105108,"centroid_lon":141.0163934,"declaration_match":"not_comparable","declared_crop":"unknown","declared_status":"unknown","priority_components":{"declaration":20,"status":0,"change":0,"evidence_uncertainty":0,"area":7.9927},"priority_score":27.99,"auto_candidate":false}},{"type":"Feature","geometry":{"type":"Polygon","coordinates":[[[141.007389275,37.609825093],[141.007559728,37.609974087],[141.007727697,37.610115572],[141.00777244,37.610100058],[141.007826565,37.610078799],[141.007863969,37.610048288],[141.00789439,37.610025382],[141.007933983,37.609983548],[141.007957183,37.609953179],[141.007970825,37.609917254],[141.007918565,37.609906473],[141.007837718,37.609884673],[141.007725681,37.609836814],[141.007644479,37.609792415],[141.007577007,37.609717741],[141.007515959,37.60975037],[141.007389275,37.609825093]]]},"properties":{"field_id":"maff-2026-1dba85ca-38c1-4eee-a11d-e6dcdd880486","source_polygon_id":"1dba85ca-38c1-4eee-a11d-e6dcdd880486","field_id_method":"source_id","municipality":"南相馬市","area_ha":0.103297,"source_land_type":100,"declaration_source":"synthetic_demo","is_synthetic_declaration":true,"baseline_year":2024,"target_year":2025,"baseline_status":"review_required","status":"fallow_candidate","baseline_confidence":0.672,"confidence":0.9284,"reason_codes":["NO_SAR_FLOOD_SIGNAL","NDVI_PEAK_LOW","NDVI_AMPLITUDE_LOW"],"baseline_subtype":"mixed_or_unknown","cultivation_subtype":"mixed_or_unknown","subtype_confidence":null,"subtype_reason_codes":["NO_SAR_FLOOD_SIGNAL"],"change_type":"change_uncertain","change_confidence":0.672,"change_reason_codes":["YEAR_STATUS_COMPARISON","BOUNDARY_VINTAGE_DIFFERENCE"],"reference_label":null,"evidence_strength":null,"evidence_sources":[],"evidence_dates":[],"review_status":"not_reviewed","polygon_vintage":2026,"valid_s2_count":44,"valid_s1_count":29,"observation_quality":0.9653,"quality_flags":["BOUNDARY_VINTAGE_DIFFERENCE"],"ndvi_max":0.5216108560562134,"ndvi_amplitude":0.41056166589260107,"ndvi_may":0.1819431781768798,"ndvi_aug":0.3308860063552856,"vh_may_db":-16.131864547729492,"vh_aug_db":-13.064594268798828,"centroid_lat":37.6099215,"centroid_lon":141.0076816,"declaration_match":"unavailable","declared_crop":"not_declared","declared_status":"not_submitted","priority_components":{"declaration":0,"status":25,"change":9,"evidence_uncertainty":9.284,"area":4.4526},"priority_score":47.74,"auto_candidate":true}},{"type":"Feature","geometry":{"type":"Polygon","coordinates":[[[141.012016334,37.615568244],[141.011956386,37.615595685],[141.012079495,37.615744203],[141.012139378,37.615712525],[141.012016334,37.615568244]]]},"properties":{"field_id":"maff-2026-1e11cf57-3926-4e63-b330-ec2c4ef6b2ea","source_polygon_id":"1e11cf57-3926-4e63-b330-ec2c4ef6b2ea","field_id_method":"source_id","municipality":"南相馬市","area_ha":0.012151,"source_land_type":200,"declaration_source":"synthetic_demo","is_synthetic_declaration":true,"baseline_year":2024,"target_year":2025,"baseline_status":"insufficient_observation","status":"insufficient_observation","baseline_confidence":null,"confidence":null,"reason_codes":["INSUFFICIENT_OPTICAL_OBSERVATIONS"],"baseline_subtype":"not_evaluated","cultivation_subtype":"not_evaluated","subtype_confidence":null,"subtype_reason_codes":[],"change_type":"change_uncertain","change_confidence":null,"change_reason_codes":["OBSERVATION_LIMITS_YEAR_COMPARISON"],"reference_label":null,"evidence_strength":null,"evidence_sources":[],"evidence_dates":[],"review_status":"not_reviewed","polygon_vintage":2026,"valid_s2_count":0,"valid_s1_count":0,"observation_quality":0.0,"quality_flags":["BOUNDARY_VINTAGE_DIFFERENCE","SMALL_FIELD_SEVERE","SMALL_FIELD_MIXED_PIXEL","HARVEST_WINDOW_INCOMPLETE"],"ndvi_max":null,"ndvi_amplitude":null,"ndvi_may":null,"ndvi_aug":null,"vh_may_db":null,"vh_aug_db":null,"centroid_lat":37.6156557,"centroid_lon":141.0120482,"declaration_match":"match","declared_crop":"unknown","declared_status":"unknown","priority_components":{"declaration":0,"status":20,"change":9,"evidence_uncertainty":10.0,"area":0.7664},"priority_score":39.77,"auto_candidate":true}},{"type":"Feature","geometry":{"type":"Polygon","coordinates":[[[141.020280259,37.611049862],[141.020345585,37.611137735],[141.020389345,37.611198447],[141.02048814,37.611168323],[141.020634141,37.611117879],[141.020818201,37.611078355],[141.021358602,37.610841161],[141.021331599,37.610650715],[141.021336622,37.610464184],[141.021330655,37.610423982],[141.021101761,37.610283255],[141.020755308,37.610607784],[141.020280259,37.611049862]]]},"properties":{"field_id":"maff-2026-1e125039-9f2d-4516-a385-9aa85561a40c","source_polygon_id":"1e125039-9f2d-4516-a385-9aa85561a40c","field_id_method":"source_id","municipality":"南相馬市","area_ha":0.468183,"source_land_type":100,"declaration_source":"synthetic_demo","is_synthetic_declaration":true,"baseline_year":2024,"target_year":2025,"baseline_status":"review_required","status":"cultivation_signal","baseline_confidence":0.5718,"confidence":0.9182,"reason_codes":["NO_SAR_FLOOD_SIGNAL","NDVI_GROWTH_RISE","NDVI_PEAK_REACHED","NDVI_HARVEST_DROP"],"baseline_subtype":"mixed_or_unknown","cultivation_subtype":"upland_crop_signal","subtype_confidence":0.9182,"subtype_reason_codes":["NO_SAR_FLOOD_SIGNAL","NDVI_GROWTH_RISE","NDVI_PEAK_REACHED"],"change_type":"change_uncertain","change_confidence":0.5718,"change_reason_codes":["YEAR_STATUS_COMPARISON","BOUNDARY_VINTAGE_DIFFERENCE"],"reference_label":null,"evidence_strength":null,"evidence_sources":[],"evidence_dates":[],"review_status":"not_reviewed","polygon_vintage":2026,"valid_s2_count":44,"valid_s1_count":29,"observation_quality":1.0,"quality_flags":["BOUNDARY_VINTAGE_DIFFERENCE"],"ndvi_max":0.5947368144989014,"ndvi_amplitude":0.6552796289324759,"ndvi_may":0.0565529614686965,"ndvi_aug":0.565716028213501,"vh_may_db":-20.6572265625,"vh_aug_db":-15.670677185058594,"centroid_lat":37.6107736,"centroid_lon":141.020899,"declaration_match":"match","declared_crop":"upland_crop","declared_status":"planned_cultivation","priority_components":{"declaration":0,"status":0,"change":9,"evidence_uncertainty":0,"area":6.4964},"priority_score":15.5,"auto_candidate":true}},{"type":"Feature","geometry":{"type":"Polygon","coordinates":[[[141.016154457,37.615559996],[141.016579499,37.615485098],[141.016617802,37.615436682],[141.016353273,37.615105931],[141.016016109,37.614674192],[141.015729863,37.614317522],[141.015345814,37.614513501],[141.015418405,37.614611664],[141.01561447,37.614880943],[141.015973164,37.615326595],[141.016092998,37.615492095],[141.016114889,37.615528606],[141.016154457,37.615559996]]]},"properties":{"field_id":"maff-2026-1ea1a07f-e661-4c3f-ba41-8b50d298ed66","source_polygon_id":"1ea1a07f-e661-4c3f-ba41-8b50d298ed66","field_id_method":"source_id","municipality":"南相馬市","area_ha":0.598574,"source_land_type":100,"declaration_source":"synthetic_demo","is_synthetic_declaration":true,"baseline_year":2024,"target_year":2025,"baseline_status":"cultivation_signal","status":"review_required","baseline_confidence":0.9507,"confidence":0.8071,"reason_codes":["NO_SAR_FLOOD_SIGNAL","NDVI_GROWTH_RISE","NDVI_PEAK_REACHED","NDVI_HARVEST_DROP","NEAR_THRESHOLD"],"baseline_subtype":"upland_crop_signal","cultivation_subtype":"mixed_or_unknown","subtype_confidence":null,"subtype_reason_codes":["NO_SAR_FLOOD_SIGNAL","NDVI_GROWTH_RISE","NDVI_PEAK_REACHED"],"change_type":"change_uncertain","change_confidence":0.8071,"change_reason_codes":["YEAR_STATUS_COMPARISON","BOUNDARY_VINTAGE_DIFFERENCE"],"reference_label":null,"evidence_strength":null,"evidence_sources":[],"evidence_dates":[],"review_status":"not_reviewed","polygon_vintage":2026,"valid_s2_count":42,"valid_s1_count":29,"observation_quality":0.9871,"quality_flags":["BOUNDARY_VINTAGE_DIFFERENCE"],"ndvi_max":0.5518900156021118,"ndvi_amplitude":0.5596109190955757,"ndvi_may":0.0654602255672216,"ndvi_aug":0.5293731689453125,"vh_may_db":-22.499704360961918,"vh_aug_db":-14.99337911605835,"centroid_lat":37.6149675,"centroid_lon":141.0159712,"declaration_match":"match","declared_crop":"unknown","declared_status":"unknown","priority_components":{"declaration":0,"status":23,"change":9,"evidence_uncertainty":1.929,"area":7.0803},"priority_score":41.01,"auto_candidate":true}},{"type":"Feature","geometry":{"type":"Polygon","coordinates":[[[141.008318121,37.609868589],[141.008446907,37.609927582],[141.008616593,37.610027609],[141.00874547,37.610092253],[141.00881977,37.609848523],[141.008497327,37.609670906],[141.008425213,37.60975262],[141.008318121,37.609868589]]]},"properties":{"field_id":"maff-2026-222d3392-bb9f-40ce-a288-0e26dfc92fdb","source_polygon_id":"222d3392-bb9f-40ce-a288-0e26dfc92fdb","field_id_method":"source_id","municipality":"南相馬市","area_ha":0.104915,"source_land_type":100,"declaration_source":"synthetic_demo","is_synthetic_declaration":true,"baseline_year":2024,"target_year":2025,"baseline_status":"fallow_candidate","status":"review_required","baseline_confidence":1.0,"confidence":0.9346,"reason_codes":["NO_SAR_FLOOD_SIGNAL","NDVI_PEAK_LOW","NDVI_AMPLITUDE_LOW","NEAR_THRESHOLD"],"baseline_subtype":"mixed_or_unknown","cultivation_subtype":"mixed_or_unknown","subtype_confidence":null,"subtype_reason_codes":["NO_SAR_FLOOD_SIGNAL"],"change_type":"change_uncertain","change_confidence":0.9346,"change_reason_codes":["YEAR_STATUS_COMPARISON","BOUNDARY_VINTAGE_DIFFERENCE"],"reference_label":null,"evidence_strength":null,"evidence_sources":[],"evidence_dates":[],"review_status":"not_reviewed","polygon_vintage":2026,"valid_s2_count":40,"valid_s1_count":29,"observation_quality":1.0,"quality_flags":["BOUNDARY_VINTAGE_DIFFERENCE"],"ndvi_max":0.508355438709259,"ndvi_amplitude":0.3976720869541168,"ndvi_may":0.20782301574945444,"ndvi_aug":0.3601821064949035,"vh_may_db":-16.036163330078125,"vh_aug_db":-15.520581245422363,"centroid_lat":37.6098744,"centroid_lon":141.0085931,"declaration_match":"match","declared_crop":"other_crop","declared_status":"planned_fallow","priority_components":{"declaration":0,"status":23,"change":9,"evidence_uncertainty":0.654,"area":4.5255},"priority_score":37.18,"auto_candidate":true}},{"type":"Feature","geometry":{"type":"Polygon","coordinates":[[[141.005959503,37.620243683],[141.006454514,37.619997656],[141.006758489,37.619851478],[141.006824271,37.619818174],[141.006260325,37.619092932],[141.006232229,37.619113304],[141.006190518,37.619071022],[141.005429461,37.619465358],[141.005439246,37.619485353],[141.005401876,37.619518374],[141.005556839,37.619735336],[141.005775691,37.619999381],[141.005959503,37.620243683]]]},"properties":{"field_id":"maff-2026-22b96d11-9ca4-4a49-8f9f-e0c5716d0edb","source_polygon_id":"22b96d11-9ca4-4a49-8f9f-e0c5716d0edb","field_id_method":"source_id","municipality":"南相馬市","area_ha":0.883085,"source_land_type":100,"declaration_source":"synthetic_demo","is_synthetic_declaration":true,"baseline_year":2024,"target_year":2025,"baseline_status":"cultivation_signal","status":"cultivation_signal","baseline_confidence":0.9246,"confidence":0.9913,"reason_codes":["NO_SAR_FLOOD_SIGNAL","NDVI_GROWTH_RISE","NDVI_PEAK_REACHED","NDVI_HARVEST_DROP"],"baseline_subtype":"upland_crop_signal","cultivation_subtype":"upland_crop_signal","subtype_confidence":0.9913,"subtype_reason_codes":["NO_SAR_FLOOD_SIGNAL","NDVI_GROWTH_RISE","NDVI_PEAK_REACHED"],"change_type":"stable","change_confidence":0.9246,"change_reason_codes":["YEAR_STATUS_COMPARISON","BOUNDARY_VINTAGE_DIFFERENCE"],"reference_label":null,"evidence_strength":null,"evidence_sources":[],"evidence_dates":[],"review_status":"not_reviewed","polygon_vintage":2026,"valid_s2_count":35,"valid_s1_count":29,"observation_quality":0.9909,"quality_flags":["BOUNDARY_VINTAGE_DIFFERENCE"],"ndvi_max":0.617358386516571,"ndvi_amplitude":0.6367389336228371,"ndvi_may":0.05053159594535825,"ndvi_aug":0.595189094543457,"vh_may_db":-21.16488265991211,"vh_aug_db":-14.215502738952637,"centroid_lat":37.6196518,"centroid_lon":141.0060993,"declaration_match":"match","declared_crop":"upland_crop","declared_status":"planned_cultivation","priority_components":{"declaration":0,"status":0,"change":0,"evidence_uncertainty":0,"area":8.9416},"priority_score":8.94,"auto_candidate":false}},{"type":"Feature","geometry":{"type":"Polygon","coordinates":[[[141.014236011,37.610100565],[141.014261443,37.610111612],[141.014362391,37.610106835],[141.014431735,37.610099862],[141.014505874,37.610096608],[141.014611598,37.610094294],[141.014698383,37.61009217],[141.014722037,37.610090677],[141.014724835,37.610068046],[141.014699444,37.610059509],[141.014670201,37.61000706],[141.014654746,37.609928102],[141.014637167,37.609914465],[141.014444519,37.609910115],[141.014328106,37.609935139],[141.014282853,37.609968242],[141.01418506,37.609972988],[141.01413929,37.609973446],[141.014185835,37.610021955],[141.014225946,37.610062993],[141.014236011,37.610100565]]]},"properties":{"field_id":"maff-2026-24cd658c-ce06-4304-8764-cee324fe7df9","source_polygon_id":"24cd658c-ce06-4304-8764-cee324fe7df9","field_id_method":"source_id","municipality":"南相馬市","area_ha":0.080924,"source_land_type":100,"declaration_source":"synthetic_demo","is_synthetic_declaration":true,"baseline_year":2024,"target_year":2025,"baseline_status":"review_required","status":"review_required","baseline_confidence":0.7261,"confidence":0.6983,"reason_codes":["SIGNAL_CONFLICT"],"baseline_subtype":"mixed_or_unknown","cultivation_subtype":"mixed_or_unknown","subtype_confidence":null,"subtype_reason_codes":[],"change_type":"change_uncertain","change_confidence":0.6983,"change_reason_codes":["YEAR_STATUS_COMPARISON","BOUNDARY_VINTAGE_DIFFERENCE"],"reference_label":null,"evidence_strength":null,"evidence_sources":[],"evidence_dates":[],"review_status":"not_reviewed","polygon_vintage":2026,"valid_s2_count":41,"valid_s1_count":29,"observation_quality":1.0,"quality_flags":["BOUNDARY_VINTAGE_DIFFERENCE","SMALL_FIELD_WARNING","SMALL_FIELD_MIXED_PIXEL"],"ndvi_max":0.6238644123077393,"ndvi_amplitude":0.43788778781890875,"ndvi_may":0.44976162910461426,"ndvi_aug":0.569687008857727,"vh_may_db":-17.398193359375,"vh_aug_db":-14.063293933868408,"centroid_lat":37.6100142,"centroid_lon":141.0144491,"declaration_match":"unavailable","declared_crop":"not_declared","declared_status":"not_submitted","priority_components":{"declaration":0,"status":23,"change":9,"evidence_uncertainty":3.017,"area":3.7956},"priority_score":38.81,"auto_candidate":true}},{"type":"Feature","geometry":{"type":"Polygon","coordinates":[[[141.009049547,37.609495576],[141.009061176,37.609482274],[141.009103818,37.609483733],[141.009101653,37.609346249],[141.009004621,37.6093491],[141.009005125,37.609381117],[141.009025102,37.609446844],[141.009049547,37.609495576]]]},"properties":{"field_id":"maff-2026-2532ae83-3a6e-4c3b-b09a-80704c12ea7e","source_polygon_id":"2532ae83-3a6e-4c3b-b09a-80704c12ea7e","field_id_method":"source_id","municipality":"南相馬市","area_ha":0.011379,"source_land_type":200,"declaration_source":"synthetic_demo","is_synthetic_declaration":true,"baseline_year":2024,"target_year":2025,"baseline_status":"insufficient_observation","status":"insufficient_observation","baseline_confidence":null,"confidence":null,"reason_codes":["INSUFFICIENT_OPTICAL_OBSERVATIONS"],"baseline_subtype":"not_evaluated","cultivation_subtype":"not_evaluated","subtype_confidence":null,"subtype_reason_codes":[],"change_type":"change_uncertain","change_confidence":null,"change_reason_codes":["OBSERVATION_LIMITS_YEAR_COMPARISON"],"reference_label":null,"evidence_strength":null,"evidence_sources":[],"evidence_dates":[],"review_status":"not_reviewed","polygon_vintage":2026,"valid_s2_count":0,"valid_s1_count":0,"observation_quality":0.0,"quality_flags":["BOUNDARY_VINTAGE_DIFFERENCE","SMALL_FIELD_SEVERE","SMALL_FIELD_MIXED_PIXEL","HARVEST_WINDOW_INCOMPLETE"],"ndvi_max":null,"ndvi_amplitude":null,"ndvi_may":null,"ndvi_aug":null,"vh_may_db":null,"vh_aug_db":null,"centroid_lat":37.6094111,"centroid_lon":141.0090595,"declaration_match":"mismatch","declared_crop":"paddy_rice","declared_status":"planned_cultivation","priority_components":{"declaration":40,"status":20,"change":9,"evidence_uncertainty":10.0,"area":0.6204},"priority_score":79.62,"auto_candidate":true}},{"type":"Feature","geometry":{"type":"Polygon","coordinates":[[[141.011232719,37.613701148],[141.011329289,37.613662577],[141.01138047,37.61374355],[141.0115163,37.613696228],[141.01151607,37.613681605],[141.011454253,37.613592381],[141.01140616,37.613540628],[141.011337948,37.613545487],[141.011277879,37.61356698],[141.011225456,37.613573771],[141.011204712,37.613590693],[141.011205338,37.613630384],[141.011232719,37.613701148]]]},"properties":{"field_id":"maff-2026-255567d1-30c1-4249-8822-27675f20eca7","source_polygon_id":"255567d1-30c1-4249-8822-27675f20eca7","field_id_method":"source_id","municipality":"南相馬市","area_ha":0.038197,"source_land_type":200,"declaration_source":"synthetic_demo","is_synthetic_declaration":true,"baseline_year":2024,"target_year":2025,"baseline_status":"review_required","status":"review_required","baseline_confidence":0.79,"confidence":0.79,"reason_codes":["NO_SAR_FLOOD_SIGNAL","NDVI_PEAK_LOW","NDVI_AMPLITUDE_LOW","SMALL_FIELD_SEVERE"],"baseline_subtype":"mixed_or_unknown","cultivation_subtype":"mixed_or_unknown","subtype_confidence":null,"subtype_reason_codes":["NO_SAR_FLOOD_SIGNAL"],"change_type":"change_uncertain","change_confidence":0.79,"change_reason_codes":["YEAR_STATUS_COMPARISON","BOUNDARY_VINTAGE_DIFFERENCE"],"reference_label":null,"evidence_strength":null,"evidence_sources":[],"evidence_dates":[],"review_status":"not_reviewed","polygon_vintage":2026,"valid_s2_count":41,"valid_s1_count":29,"observation_quality":1.0,"quality_flags":["BOUNDARY_VINTAGE_DIFFERENCE","SMALL_FIELD_SEVERE","SMALL_FIELD_MIXED_PIXEL"],"ndvi_max":0.3766444623470306,"ndvi_amplitude":0.21722096204757688,"ndvi_may":0.3219391256570816,"ndvi_aug":0.3123610317707062,"vh_may_db":-19.883546829223636,"vh_aug_db":-15.517505645751953,"centroid_lat":37.6136353,"centroid_lon":141.0113584,"declaration_match":"match","declared_crop":"unknown","declared_status":"unknown","priority_components":{"declaration":0,"status":23,"change":9,"evidence_uncertainty":2.1,"area":2.4818},"priority_score":36.58,"auto_candidate":true}},{"type":"Feature","geometry":{"type":"Polygon","coordinates":[[[141.008892112,37.610653491],[141.008984975,37.610686472],[141.008999535,37.61070893],[141.009106603,37.610741768],[141.009184994,37.61075794],[141.009242258,37.610785624],[141.00927817,37.610810695],[141.009294634,37.610728593],[141.009300758,37.610666372],[141.008880347,37.610582972],[141.008867166,37.610648089],[141.008892112,37.610653491]]]},"properties":{"field_id":"maff-2026-2564663e-38f2-4f98-a303-636586288c32","source_polygon_id":"2564663e-38f2-4f98-a303-636586288c32","field_id_method":"source_id","municipality":"南相馬市","area_ha":0.043204,"source_land_type":200,"declaration_source":"synthetic_demo","is_synthetic_declaration":true,"baseline_year":2024,"target_year":2025,"baseline_status":"review_required","status":"review_required","baseline_confidence":0.79,"confidence":0.79,"reason_codes":["NO_SAR_FLOOD_SIGNAL","NDVI_PEAK_LOW","NDVI_AMPLITUDE_LOW","SMALL_FIELD_SEVERE"],"baseline_subtype":"mixed_or_unknown","cultivation_subtype":"mixed_or_unknown","subtype_confidence":null,"subtype_reason_codes":["NO_SAR_FLOOD_SIGNAL"],"change_type":"change_uncertain","change_confidence":0.79,"change_reason_codes":["YEAR_STATUS_COMPARISON","BOUNDARY_VINTAGE_DIFFERENCE"],"reference_label":null,"evidence_strength":null,"evidence_sources":[],"evidence_dates":[],"review_status":"not_reviewed","polygon_vintage":2026,"valid_s2_count":41,"valid_s1_count":29,"observation_quality":0.9703,"quality_flags":["BOUNDARY_VINTAGE_DIFFERENCE","SMALL_FIELD_SEVERE","SMALL_FIELD_MIXED_PIXEL"],"ndvi_max":0.4296739101409912,"ndvi_amplitude":0.2176466584205628,"ndvi_may":0.29420043528079987,"ndvi_aug":0.2816668748855591,"vh_may_db":-14.56574249267578,"vh_aug_db":-11.128777027130127,"centroid_lat":37.6106823,"centroid_lon":141.0091071,"declaration_match":"mismatch","declared_crop":"paddy_rice","declared_status":"planned_cultivation","priority_components":{"declaration":40,"status":23,"change":9,"evidence_uncertainty":2.1,"area":2.8102},"priority_score":76.91,"auto_candidate":true}},{"type":"Feature","geometry":{"type":"Polygon","coordinates":[[[141.011870615,37.615928617],[141.011936669,37.615912889],[141.012018672,37.615857444],[141.012033175,37.615876135],[141.012073127,37.6158569],[141.012094702,37.615873637],[141.012137021,37.615854378],[141.012146194,37.61583545],[141.012115058,37.615813158],[141.012091472,37.615819044],[141.012079397,37.615804096],[141.012102804,37.615786909],[141.012058187,37.615744416],[141.011948574,37.615617039],[141.011706617,37.615740009],[141.011807988,37.615861432],[141.011870615,37.615928617]]]},"properties":{"field_id":"maff-2026-25a00084-8d1a-4d71-8df9-eb00caf3d40d","source_polygon_id":"25a00084-8d1a-4d71-8df9-eb00caf3d40d","field_id_method":"source_id","municipality":"南相馬市","area_ha":0.070258,"source_land_type":200,"declaration_source":"synthetic_demo","is_synthetic_declaration":true,"baseline_year":2024,"target_year":2025,"baseline_status":"insufficient_observation","status":"insufficient_observation","baseline_confidence":null,"confidence":null,"reason_codes":["INSUFFICIENT_OPTICAL_OBSERVATIONS"],"baseline_subtype":"not_evaluated","cultivation_subtype":"not_evaluated","subtype_confidence":null,"subtype_reason_codes":[],"change_type":"change_uncertain","change_confidence":null,"change_reason_codes":["OBSERVATION_LIMITS_YEAR_COMPARISON"],"reference_label":null,"evidence_strength":null,"evidence_sources":[],"evidence_dates":[],"review_status":"not_reviewed","polygon_vintage":2026,"valid_s2_count":0,"valid_s1_count":0,"observation_quality":0.0,"quality_flags":["BOUNDARY_VINTAGE_DIFFERENCE","SMALL_FIELD_WARNING","SMALL_FIELD_MIXED_PIXEL","HARVEST_WINDOW_INCOMPLETE"],"ndvi_max":null,"ndvi_amplitude":null,"ndvi_may":null,"ndvi_aug":null,"vh_may_db":null,"vh_aug_db":null,"centroid_lat":37.6157802,"centroid_lon":141.0119198,"declaration_match":"match","declared_crop":"paddy_rice","declared_status":"planned_cultivation","priority_components":{"declaration":0,"status":20,"change":9,"evidence_uncertainty":10.0,"area":3.5766},"priority_score":42.58,"auto_candidate":true}},{"type":"Feature","geometry":{"type":"Polygon","coordinates":[[[141.00716194,37.608264902],[141.007612695,37.608246291],[141.007568351,37.608136539],[141.007521211,37.608074848],[141.007471053,37.608047093],[141.007406336,37.607996878],[141.007391421,37.60795182],[141.007160651,37.607956941],[141.007137747,37.608081489],[141.00716194,37.608264902]]]},"properties":{"field_id":"maff-2026-2843f6cc-be39-4cd7-992c-95acd2875cab","source_polygon_id":"2843f6cc-be39-4cd7-992c-95acd2875cab","field_id_method":"source_id","municipality":"南相馬市","area_ha":0.109595,"source_land_type":100,"declaration_source":"synthetic_demo","is_synthetic_declaration":true,"baseline_year":2024,"target_year":2025,"baseline_status":"review_required","status":"fallow_candidate","baseline_confidence":0.7713,"confidence":0.9713,"reason_codes":["NO_SAR_FLOOD_SIGNAL","NDVI_PEAK_LOW","NDVI_AMPLITUDE_LOW"],"baseline_subtype":"mixed_or_unknown","cultivation_subtype":"mixed_or_unknown","subtype_confidence":null,"subtype_reason_codes":["NO_SAR_FLOOD_SIGNAL"],"change_type":"change_uncertain","change_confidence":0.7713,"change_reason_codes":["YEAR_STATUS_COMPARISON","BOUNDARY_VINTAGE_DIFFERENCE"],"reference_label":null,"evidence_strength":null,"evidence_sources":[],"evidence_dates":[],"review_status":"not_reviewed","polygon_vintage":2026,"valid_s2_count":43,"valid_s1_count":29,"observation_quality":0.9044,"quality_flags":["BOUNDARY_VINTAGE_DIFFERENCE"],"ndvi_max":0.3926228284835815,"ndvi_amplitude":0.2823662310838699,"ndvi_may":0.3390587568283081,"ndvi_aug":0.3021330237388611,"vh_may_db":-14.16843032836914,"vh_aug_db":-16.218467712402344,"centroid_lat":37.6081219,"centroid_lon":141.0073399,"declaration_match":"mismatch","declared_crop":"paddy_rice","declared_status":"planned_cultivation","priority_components":{"declaration":40,"status":25,"change":9,"evidence_uncertainty":9.713,"area":4.5985},"priority_score":88.31,"auto_candidate":true}},{"type":"Feature","geometry":{"type":"Polygon","coordinates":[[[141.006974578,37.609999969],[141.007036752,37.610038907],[141.007099192,37.610094795],[141.007146007,37.610060424],[141.007136331,37.610047334],[141.007025951,37.609954251],[141.006974578,37.609999969]]]},"properties":{"field_id":"maff-2026-2850b8b7-b566-4523-82fc-edd7ae2ac658","source_polygon_id":"2850b8b7-b566-4523-82fc-edd7ae2ac658","field_id_method":"source_id","municipality":"南相馬市","area_ha":0.009384,"source_land_type":200,"declaration_source":"synthetic_demo","is_synthetic_declaration":true,"baseline_year":2024,"target_year":2025,"baseline_status":"insufficient_observation","status":"insufficient_observation","baseline_confidence":null,"confidence":null,"reason_codes":["INSUFFICIENT_OPTICAL_OBSERVATIONS"],"baseline_subtype":"not_evaluated","cultivation_subtype":"not_evaluated","subtype_confidence":null,"subtype_reason_codes":[],"change_type":"change_uncertain","change_confidence":null,"change_reason_codes":["OBSERVATION_LIMITS_YEAR_COMPARISON"],"reference_label":null,"evidence_strength":null,"evidence_sources":[],"evidence_dates":[],"review_status":"not_reviewed","polygon_vintage":2026,"valid_s2_count":0,"valid_s1_count":0,"observation_quality":0.0,"quality_flags":["BOUNDARY_VINTAGE_DIFFERENCE","SMALL_FIELD_SEVERE","SMALL_FIELD_MIXED_PIXEL","HARVEST_WINDOW_INCOMPLETE"],"ndvi_max":null,"ndvi_amplitude":null,"ndvi_may":null,"ndvi_aug":null,"vh_may_db":null,"vh_aug_db":null,"centroid_lat":37.6100245,"centroid_lon":141.0070621,"declaration_match":"unavailable","declared_crop":"not_declared","declared_status":"not_submitted","priority_components":{"declaration":0,"status":20,"change":9,"evidence_uncertainty":10.0,"area":0.4015},"priority_score":39.4,"auto_candidate":true}},{"type":"Feature","geometry":{"type":"Polygon","coordinates":[[[141.017894659,37.611004541],[141.018044794,37.611015591],[141.018229652,37.611026293],[141.018406638,37.611038329],[141.018399748,37.611001981],[141.018365627,37.610940792],[141.01833081,37.610835658],[141.017912468,37.61083358],[141.017925851,37.610881164],[141.017915898,37.610950331],[141.017894659,37.611004541]]]},"properties":{"field_id":"maff-2026-2970e43a-52f3-40af-8b29-92c620c62454","source_polygon_id":"2970e43a-52f3-40af-8b29-92c620c62454","field_id_method":"source_id","municipality":"南相馬市","area_ha":0.082668,"source_land_type":100,"declaration_source":"synthetic_demo","is_synthetic_declaration":true,"baseline_year":2024,"target_year":2025,"baseline_status":"insufficient_observation","status":"insufficient_observation","baseline_confidence":null,"confidence":null,"reason_codes":["INSUFFICIENT_OPTICAL_OBSERVATIONS"],"baseline_subtype":"not_evaluated","cultivation_subtype":"not_evaluated","subtype_confidence":null,"subtype_reason_codes":[],"change_type":"change_uncertain","change_confidence":null,"change_reason_codes":["OBSERVATION_LIMITS_YEAR_COMPARISON"],"reference_label":null,"evidence_strength":null,"evidence_sources":[],"evidence_dates":[],"review_status":"not_reviewed","polygon_vintage":2026,"valid_s2_count":0,"valid_s1_count":0,"observation_quality":0.0,"quality_flags":["BOUNDARY_VINTAGE_DIFFERENCE","SMALL_FIELD_WARNING","SMALL_FIELD_MIXED_PIXEL","HARVEST_WINDOW_INCOMPLETE"],"ndvi_max":null,"ndvi_amplitude":null,"ndvi_may":null,"ndvi_aug":null,"vh_may_db":null,"vh_aug_db":null,"centroid_lat":37.610932,"centroid_lon":141.0181478,"declaration_match":"match","declared_crop":"paddy_rice","declared_status":"planned_cultivation","priority_components":{"declaration":0,"status":20,"change":9,"evidence_uncertainty":10.0,"area":3.9051},"priority_score":42.91,"auto_candidate":true}},{"type":"Feature","geometry":{"type":"Polygon","coordinates":[[[141.00871366,37.620139205],[141.008742213,37.620149913],[141.009052733,37.620176087],[141.009106032,37.620165617],[141.009603578,37.62016181],[141.009626183,37.620147533],[141.009304956,37.619703764],[141.009275213,37.619687108],[141.00923952,37.619695436],[141.00866964,37.619992868],[141.008639896,37.620026181],[141.00871366,37.620139205]]]},"properties":{"field_id":"maff-2026-2a518461-9cb9-481c-bc9b-ccd2b92c2ae6","source_polygon_id":"2a518461-9cb9-481c-bc9b-ccd2b92c2ae6","field_id_method":"source_id","municipality":"南相馬市","area_ha":0.281378,"source_land_type":200,"declaration_source":"synthetic_demo","is_synthetic_declaration":true,"baseline_year":2024,"target_year":2025,"baseline_status":"review_required","status":"review_required","baseline_confidence":0.8817,"confidence":0.7368,"reason_codes":["SIGNAL_CONFLICT"],"baseline_subtype":"mixed_or_unknown","cultivation_subtype":"mixed_or_unknown","subtype_confidence":null,"subtype_reason_codes":[],"change_type":"change_uncertain","change_confidence":0.7368,"change_reason_codes":["YEAR_STATUS_COMPARISON","BOUNDARY_VINTAGE_DIFFERENCE"],"reference_label":null,"evidence_strength":null,"evidence_sources":[],"evidence_dates":[],"review_status":"not_reviewed","polygon_vintage":2026,"valid_s2_count":42,"valid_s1_count":29,"observation_quality":0.8689,"quality_flags":["BOUNDARY_VINTAGE_DIFFERENCE"],"ndvi_max":0.6880993843078613,"ndvi_amplitude":0.5815437883138658,"ndvi_may":0.6663826704025269,"ndvi_aug":0.588304340839386,"vh_may_db":-16.171239852905273,"vh_aug_db":-17.04813575744629,"centroid_lat":37.6199889,"centroid_lon":141.0091411,"declaration_match":"not_comparable","declared_crop":"unknown","declared_status":"unknown","priority_components":{"declaration":20,"status":23,"change":9,"evidence_uncertainty":2.632,"area":5.5474},"priority_score":60.18,"auto_candidate":true}},{"type":"Feature","geometry":{"type":"Polygon","coordinates":[[[141.019194077,37.611349964],[141.019604388,37.611467333],[141.019655284,37.611469621],[141.019718024,37.611466191],[141.019806758,37.611462473],[141.020173653,37.611306209],[141.020039343,37.611123906],[141.019675119,37.610554002],[141.019372929,37.610088015],[141.018654571,37.610253459],[141.018655333,37.610301484],[141.018773408,37.610580017],[141.018835129,37.610716093],[141.019039636,37.611018112],[141.019117754,37.611240538],[141.019171334,37.611259778],[141.019189808,37.6113048],[141.01916877,37.611321963],[141.019194077,37.611349964]]]},"properties":{"field_id":"maff-2026-2b3571a4-2008-43aa-a2e5-edebc567c495","source_polygon_id":"2b3571a4-2008-43aa-a2e5-edebc567c495","field_id_method":"source_id","municipality":"南相馬市","area_ha":1.124989,"source_land_type":100,"declaration_source":"synthetic_demo","is_synthetic_declaration":true,"baseline_year":2024,"target_year":2025,"baseline_status":"insufficient_observation","status":"review_required","baseline_confidence":null,"confidence":0.8942,"reason_codes":["NO_SAR_FLOOD_SIGNAL","NDVI_GROWTH_RISE","NDVI_PEAK_REACHED","NDVI_HARVEST_DROP","NEAR_THRESHOLD"],"baseline_subtype":"not_evaluated","cultivation_subtype":"mixed_or_unknown","subtype_confidence":null,"subtype_reason_codes":["NO_SAR_FLOOD_SIGNAL","NDVI_GROWTH_RISE","NDVI_PEAK_REACHED"],"change_type":"change_uncertain","change_confidence":null,"change_reason_codes":["OBSERVATION_LIMITS_YEAR_COMPARISON"],"reference_label":null,"evidence_strength":null,"evidence_sources":[],"evidence_dates":[],"review_status":"not_reviewed","polygon_vintage":2026,"valid_s2_count":36,"valid_s1_count":29,"observation_quality":1.0,"quality_flags":["BOUNDARY_VINTAGE_DIFFERENCE"],"ndvi_max":0.5717487335205078,"ndvi_amplitude":0.5227085091173649,"ndvi_may":0.05065681785345075,"ndvi_aug":0.5480393171310425,"vh_may_db":-22.137575149536133,"vh_aug_db":-15.798561096191406,"centroid_lat":37.6108085,"centroid_lon":141.0193783,"declaration_match":"unavailable","declared_crop":"not_declared","declared_status":"not_submitted","priority_components":{"declaration":0,"status":23,"change":9,"evidence_uncertainty":1.058,"area":9.781},"priority_score":42.84,"auto_candidate":true}},{"type":"Feature","geometry":{"type":"Polygon","coordinates":[[[141.010414181,37.61227477],[141.010290135,37.612129962],[141.010277038,37.612132182],[141.010263678,37.61211769],[141.010242637,37.61211581],[141.009768207,37.612359407],[141.009946354,37.612497616],[141.010070996,37.612573679],[141.010494707,37.613124571],[141.010525959,37.613129981],[141.010937738,37.612940875],[141.010946906,37.612914083],[141.010472432,37.612319962],[141.010414181,37.61227477]]]},"properties":{"field_id":"maff-2026-2bdb4f14-2511-4015-beec-28220eff0b32","source_polygon_id":"2bdb4f14-2511-4015-beec-28220eff0b32","field_id_method":"source_id","municipality":"南相馬市","area_ha":0.508412,"source_land_type":100,"declaration_source":"synthetic_demo","is_synthetic_declaration":true,"baseline_year":2024,"target_year":2025,"baseline_status":"cultivation_signal","status":"cultivation_signal","baseline_confidence":0.9999,"confidence":0.9472,"reason_codes":["NO_SAR_FLOOD_SIGNAL","NDVI_GROWTH_RISE","NDVI_PEAK_REACHED","NDVI_HARVEST_DROP"],"baseline_subtype":"upland_crop_signal","cultivation_subtype":"upland_crop_signal","subtype_confidence":0.9472,"subtype_reason_codes":["NO_SAR_FLOOD_SIGNAL","NDVI_GROWTH_RISE","NDVI_PEAK_REACHED"],"change_type":"stable","change_confidence":0.9472,"change_reason_codes":["YEAR_STATUS_COMPARISON","BOUNDARY_VINTAGE_DIFFERENCE"],"reference_label":null,"evidence_strength":null,"evidence_sources":[],"evidence_dates":[],"review_status":"not_reviewed","polygon_vintage":2026,"valid_s2_count":39,"valid_s1_count":29,"observation_quality":0.9996,"quality_flags":["BOUNDARY_VINTAGE_DIFFERENCE"],"ndvi_max":0.5782514810562134,"ndvi_amplitude":0.5534642431885005,"ndvi_may":0.10788663476705546,"ndvi_aug":0.5578150749206543,"vh_may_db":-20.566162109375,"vh_aug_db":-15.070228576660156,"centroid_lat":37.6126167,"centroid_lon":141.0103896,"declaration_match":"match","declared_crop":"upland_crop","declared_status":"planned_cultivation","priority_components":{"declaration":0,"status":0,"change":0,"evidence_uncertainty":0,"area":6.6788},"priority_score":6.68,"auto_candidate":false}},{"type":"Feature","geometry":{"type":"Polygon","coordinates":[[[141.017116295,37.616277243],[141.01806808,37.616115439],[141.018101392,37.616091645],[141.01811091,37.616029779],[141.018094254,37.615477744],[141.017789683,37.615534851],[141.017784924,37.615551507],[141.017318549,37.615703793],[141.017104398,37.616258207],[141.017116295,37.616277243]]]},"properties":{"field_id":"maff-2026-2d824159-56b5-4fc1-a848-1c73a3517572","source_polygon_id":"2d824159-56b5-4fc1-a848-1c73a3517572","field_id_method":"source_id","municipality":"南相馬市","area_ha":0.517422,"source_land_type":100,"declaration_source":"synthetic_demo","is_synthetic_declaration":true,"baseline_year":2024,"target_year":2025,"baseline_status":"review_required","status":"cultivation_signal","baseline_confidence":0.7911,"confidence":0.9265,"reason_codes":["NO_SAR_FLOOD_SIGNAL","NDVI_GROWTH_RISE","NDVI_PEAK_REACHED"],"baseline_subtype":"mixed_or_unknown","cultivation_subtype":"upland_crop_signal","subtype_confidence":0.9265,"subtype_reason_codes":["NO_SAR_FLOOD_SIGNAL","NDVI_GROWTH_RISE","NDVI_PEAK_REACHED"],"change_type":"change_uncertain","change_confidence":0.7911,"change_reason_codes":["YEAR_STATUS_COMPARISON","BOUNDARY_VINTAGE_DIFFERENCE"],"reference_label":null,"evidence_strength":null,"evidence_sources":[],"evidence_dates":[],"review_status":"not_reviewed","polygon_vintage":2026,"valid_s2_count":44,"valid_s1_count":29,"observation_quality":0.9705,"quality_flags":["BOUNDARY_VINTAGE_DIFFERENCE"],"ndvi_max":0.6237256526947021,"ndvi_amplitude":0.537660077214241,"ndvi_may":0.21729031205177307,"ndvi_aug":0.1569433063268661,"vh_may_db":-15.772871971130373,"vh_aug_db":-15.51413631439209,"centroid_lat":37.615898,"centroid_lon":141.0176681,"declaration_match":"match","declared_crop":"paddy_rice","declared_status":"planned_cultivation","priority_components":{"declaration":0,"status":0,"change":9,"evidence_uncertainty":0,"area":6.7518},"priority_score":15.75,"auto_candidate":true}},{"type":"Feature","geometry":{"type":"Polygon","coordinates":[[[141.012122017,37.61618929],[141.012648712,37.616791337],[141.013090231,37.616678284],[141.013203609,37.616627283],[141.013185391,37.616607875],[141.013021176,37.616417172],[141.012974504,37.616439011],[141.012810206,37.616242965],[141.012610143,37.616334014],[141.01237306,37.616065675],[141.012122017,37.61618929]]]},"properties":{"field_id":"maff-2026-2df7eb76-7c48-4972-8d1b-68da7dd1d2d1","source_polygon_id":"2df7eb76-7c48-4972-8d1b-68da7dd1d2d1","field_id_method":"source_id","municipality":"南相馬市","area_ha":0.340901,"source_land_type":200,"declaration_source":"synthetic_demo","is_synthetic_declaration":true,"baseline_year":2024,"target_year":2025,"baseline_status":"fallow_candidate","status":"fallow_candidate","baseline_confidence":0.9424,"confidence":0.9979,"reason_codes":["NO_SAR_FLOOD_SIGNAL","NDVI_PEAK_LOW","NDVI_AMPLITUDE_LOW"],"baseline_subtype":"mixed_or_unknown","cultivation_subtype":"mixed_or_unknown","subtype_confidence":null,"subtype_reason_codes":["NO_SAR_FLOOD_SIGNAL"],"change_type":"stable","change_confidence":0.9424,"change_reason_codes":["YEAR_STATUS_COMPARISON","BOUNDARY_VINTAGE_DIFFERENCE"],"reference_label":null,"evidence_strength":null,"evidence_sources":[],"evidence_dates":[],"review_status":"not_reviewed","polygon_vintage":2026,"valid_s2_count":41,"valid_s1_count":29,"observation_quality":0.9929,"quality_flags":["BOUNDARY_VINTAGE_DIFFERENCE"],"ndvi_max":0.1973898857831955,"ndvi_amplitude":0.1175456792116166,"ndvi_may":0.10165015608072281,"ndvi_aug":0.0902383625507354,"vh_may_db":-16.32460594177246,"vh_aug_db":-15.03215217590332,"centroid_lat":37.6164579,"centroid_lon":141.0126575,"declaration_match":"match","declared_crop":"unknown","declared_status":"unknown","priority_components":{"declaration":0,"status":25,"change":0,"evidence_uncertainty":9.979,"area":5.8394},"priority_score":40.82,"auto_candidate":true}},{"type":"Feature","geometry":{"type":"Polygon","coordinates":[[[141.017043082,37.610839148],[141.017107487,37.61091887],[141.017135055,37.610931988],[141.017167125,37.610963479],[141.017216215,37.61100652],[141.017261849,37.610964203],[141.017184684,37.610876237],[141.017163853,37.610889841],[141.017127415,37.610848348],[141.017137885,37.610844894],[141.017114205,37.610811645],[141.017043082,37.610839148]]]},"properties":{"field_id":"maff-2026-2e56c1fb-f5f3-41b0-a63b-be50592545d2","source_polygon_id":"2e56c1fb-f5f3-41b0-a63b-be50592545d2","field_id_method":"source_id","municipality":"南相馬市","area_ha":0.014994,"source_land_type":200,"declaration_source":"synthetic_demo","is_synthetic_declaration":true,"baseline_year":2024,"target_year":2025,"baseline_status":"insufficient_observation","status":"insufficient_observation","baseline_confidence":null,"confidence":null,"reason_codes":["INSUFFICIENT_OPTICAL_OBSERVATIONS"],"baseline_subtype":"not_evaluated","cultivation_subtype":"not_evaluated","subtype_confidence":null,"subtype_reason_codes":[],"change_type":"change_uncertain","change_confidence":null,"change_reason_codes":["OBSERVATION_LIMITS_YEAR_COMPARISON"],"reference_label":null,"evidence_strength":null,"evidence_sources":[],"evidence_dates":[],"review_status":"not_reviewed","polygon_vintage":2026,"valid_s2_count":0,"valid_s1_count":0,"observation_quality":0.0,"quality_flags":["BOUNDARY_VINTAGE_DIFFERENCE","SMALL_FIELD_SEVERE","SMALL_FIELD_MIXED_PIXEL","HARVEST_WINDOW_INCOMPLETE"],"ndvi_max":null,"ndvi_amplitude":null,"ndvi_may":null,"ndvi_aug":null,"vh_may_db":null,"vh_aug_db":null,"centroid_lat":37.6109077,"centroid_lon":141.0171551,"declaration_match":"mismatch","declared_crop":"paddy_rice","declared_status":"planned_cultivation","priority_components":{"declaration":40,"status":20,"change":9,"evidence_uncertainty":10.0,"area":1.0949},"priority_score":80.09,"auto_candidate":true}},{"type":"Feature","geometry":{"type":"Polygon","coordinates":[[[141.013771293,37.613993407],[141.013788461,37.614030908],[141.01381489,37.614055131],[141.01385496,37.614043429],[141.013859248,37.614015131],[141.013875255,37.613979182],[141.01392,37.613963665],[141.013941039,37.613946502],[141.013954887,37.613923759],[141.013925822,37.61388261],[141.01389966,37.613875337],[141.013873617,37.613875598],[141.013845713,37.613907899],[141.013791677,37.61393481],[141.013811154,37.613968521],[141.013771293,37.613993407]]]},"properties":{"field_id":"maff-2026-2f75c76b-507e-40c0-bf08-123a39f76af1","source_polygon_id":"2f75c76b-507e-40c0-bf08-123a39f76af1","field_id_method":"source_id","municipality":"南相馬市","area_ha":0.016244,"source_land_type":200,"declaration_source":"synthetic_demo","is_synthetic_declaration":true,"baseline_year":2024,"target_year":2025,"baseline_status":"insufficient_observation","status":"insufficient_observation","baseline_confidence":null,"confidence":null,"reason_codes":["INSUFFICIENT_OPTICAL_OBSERVATIONS"],"baseline_subtype":"not_evaluated","cultivation_subtype":"not_evaluated","subtype_confidence":null,"subtype_reason_codes":[],"change_type":"change_uncertain","change_confidence":null,"change_reason_codes":["OBSERVATION_LIMITS_YEAR_COMPARISON"],"reference_label":null,"evidence_strength":null,"evidence_sources":[],"evidence_dates":[],"review_status":"not_reviewed","polygon_vintage":2026,"valid_s2_count":0,"valid_s1_count":0,"observation_quality":0.0,"quality_flags":["BOUNDARY_VINTAGE_DIFFERENCE","SMALL_FIELD_SEVERE","SMALL_FIELD_MIXED_PIXEL","HARVEST_WINDOW_INCOMPLETE"],"ndvi_max":null,"ndvi_amplitude":null,"ndvi_may":null,"ndvi_aug":null,"vh_may_db":null,"vh_aug_db":null,"centroid_lat":37.6139577,"centroid_lon":141.0138591,"declaration_match":"mismatch","declared_crop":"paddy_rice","declared_status":"planned_cultivation","priority_components":{"declaration":40,"status":20,"change":9,"evidence_uncertainty":10.0,"area":1.3869},"priority_score":80.39,"auto_candidate":true}},{"type":"Feature","geometry":{"type":"Polygon","coordinates":[[[141.012393879,37.614875619],[141.012444735,37.614947159],[141.012562826,37.615077833],[141.012683465,37.615219784],[141.01277495,37.615314935],[141.012833781,37.615291743],[141.012775881,37.615224041],[141.012657551,37.615078299],[141.012459575,37.614837289],[141.012393879,37.614875619]]]},"properties":{"field_id":"maff-2026-2f7d6172-3770-4457-b22f-f48047dc0a2a","source_polygon_id":"2f7d6172-3770-4457-b22f-f48047dc0a2a","field_id_method":"source_id","municipality":"南相馬市","area_ha":0.041312,"source_land_type":200,"declaration_source":"synthetic_demo","is_synthetic_declaration":true,"baseline_year":2024,"target_year":2025,"baseline_status":"insufficient_observation","status":"review_required","baseline_confidence":null,"confidence":0.79,"reason_codes":["NO_SAR_FLOOD_SIGNAL","NDVI_PEAK_LOW","NDVI_AMPLITUDE_LOW","SMALL_FIELD_SEVERE"],"baseline_subtype":"not_evaluated","cultivation_subtype":"mixed_or_unknown","subtype_confidence":null,"subtype_reason_codes":["NO_SAR_FLOOD_SIGNAL"],"change_type":"change_uncertain","change_confidence":null,"change_reason_codes":["OBSERVATION_LIMITS_YEAR_COMPARISON"],"reference_label":null,"evidence_strength":null,"evidence_sources":[],"evidence_dates":[],"review_status":"not_reviewed","polygon_vintage":2026,"valid_s2_count":40,"valid_s1_count":29,"observation_quality":0.8905,"quality_flags":["BOUNDARY_VINTAGE_DIFFERENCE","SMALL_FIELD_SEVERE","SMALL_FIELD_MIXED_PIXEL"],"ndvi_max":0.4145213365554809,"ndvi_amplitude":0.2450043857097626,"ndvi_may":0.31556217372417444,"ndvi_aug":0.3631133735179901,"vh_may_db":-18.45531845092773,"vh_aug_db":-16.7904634475708,"centroid_lat":37.6150717,"centroid_lon":141.0126049,"declaration_match":"not_comparable","declared_crop":"unknown","declared_status":"unknown","priority_components":{"declaration":20,"status":23,"change":9,"evidence_uncertainty":2.1,"area":2.7007},"priority_score":56.8,"auto_candidate":true}},{"type":"Feature","geometry":{"type":"Polygon","coordinates":[[[141.017111709,37.619609148],[141.017466249,37.61959963],[141.017435316,37.618566944],[141.016657232,37.618571703],[141.016635817,37.618602636],[141.016585848,37.618605015],[141.016559674,37.618997626],[141.016538259,37.619523487],[141.016543018,37.619751915],[141.016631058,37.619806643],[141.016992736,37.619823299],[141.017092674,37.619768572],[141.017111709,37.619609148]]]},"properties":{"field_id":"maff-2026-30218695-de9d-4788-b791-0d5e548005a5","source_polygon_id":"30218695-de9d-4788-b791-0d5e548005a5","field_id_method":"source_id","municipality":"南相馬市","area_ha":1.012488,"source_land_type":100,"declaration_source":"synthetic_demo","is_synthetic_declaration":true,"baseline_year":2024,"target_year":2025,"baseline_status":"cultivation_signal","status":"cultivation_signal","baseline_confidence":0.9927,"confidence":0.9776,"reason_codes":["NO_SAR_FLOOD_SIGNAL","NDVI_GROWTH_RISE","NDVI_PEAK_REACHED","NDVI_HARVEST_DROP"],"baseline_subtype":"upland_crop_signal","cultivation_subtype":"upland_crop_signal","subtype_confidence":0.9776,"subtype_reason_codes":["NO_SAR_FLOOD_SIGNAL","NDVI_GROWTH_RISE","NDVI_PEAK_REACHED"],"change_type":"stable","change_confidence":0.9776,"change_reason_codes":["YEAR_STATUS_COMPARISON","BOUNDARY_VINTAGE_DIFFERENCE"],"reference_label":null,"evidence_strength":null,"evidence_sources":[],"evidence_dates":[],"review_status":"not_reviewed","polygon_vintage":2026,"valid_s2_count":44,"valid_s1_count":29,"observation_quality":0.9991,"quality_flags":["BOUNDARY_VINTAGE_DIFFERENCE"],"ndvi_max":0.6131221652030945,"ndvi_amplitude":0.5848089121282101,"ndvi_may":0.113168254494667,"ndvi_aug":0.4982467293739319,"vh_may_db":-18.40282440185547,"vh_aug_db":-14.192324161529541,"centroid_lat":37.6191622,"centroid_lon":141.016986,"declaration_match":"match","declared_crop":"upland_crop","declared_status":"planned_cultivation","priority_components":{"declaration":0,"status":0,"change":0,"evidence_uncertainty":0,"area":9.4161},"priority_score":9.42,"auto_candidate":false}},{"type":"Feature","geometry":{"type":"Polygon","coordinates":[[[141.005153637,37.618447749],[141.005208182,37.618452858],[141.005256304,37.618501354],[141.005362494,37.618477696],[141.005513433,37.618438523],[141.005509882,37.618363213],[141.00535119,37.618361023],[141.005279983,37.618350429],[141.005189657,37.618328722],[141.005163376,37.618313913],[141.005154261,37.618336608],[141.005152396,37.618368648],[141.005153637,37.618447749]]]},"properties":{"field_id":"maff-2026-303f4a7c-8b40-466b-97da-40cf64e0986a","source_polygon_id":"303f4a7c-8b40-466b-97da-40cf64e0986a","field_id_method":"source_id","municipality":"南相馬市","area_ha":0.041316,"source_land_type":200,"declaration_source":"synthetic_demo","is_synthetic_declaration":true,"baseline_year":2024,"target_year":2025,"baseline_status":"review_required","status":"review_required","baseline_confidence":0.79,"confidence":0.79,"reason_codes":["NO_SAR_FLOOD_SIGNAL","NDVI_PEAK_LOW","NDVI_AMPLITUDE_LOW","SMALL_FIELD_SEVERE"],"baseline_subtype":"mixed_or_unknown","cultivation_subtype":"mixed_or_unknown","subtype_confidence":null,"subtype_reason_codes":["NO_SAR_FLOOD_SIGNAL"],"change_type":"change_uncertain","change_confidence":0.79,"change_reason_codes":["YEAR_STATUS_COMPARISON","BOUNDARY_VINTAGE_DIFFERENCE"],"reference_label":null,"evidence_strength":null,"evidence_sources":[],"evidence_dates":[],"review_status":"not_reviewed","polygon_vintage":2026,"valid_s2_count":42,"valid_s1_count":29,"observation_quality":1.0,"quality_flags":["BOUNDARY_VINTAGE_DIFFERENCE","SMALL_FIELD_SEVERE","SMALL_FIELD_MIXED_PIXEL"],"ndvi_max":0.5087717771530151,"ndvi_amplitude":0.3074816465377809,"ndvi_may":0.3023132085800171,"ndvi_aug":0.3497132062911987,"vh_may_db":-14.219809532165527,"vh_aug_db":-14.931611061096191,"centroid_lat":37.6184106,"centroid_lon":141.0053171,"declaration_match":"match","declared_crop":"unknown","declared_status":"unknown","priority_components":{"declaration":0,"status":23,"change":9,"evidence_uncertainty":2.1,"area":2.7372},"priority_score":36.84,"auto_candidate":true}},{"type":"Feature","geometry":{"type":"Polygon","coordinates":[[[141.017534022,37.621110736],[141.018437741,37.621103597],[141.01842632,37.619925525],[141.017560196,37.619932664],[141.017514986,37.619939802],[141.017534022,37.621110736]]]},"properties":{"field_id":"maff-2026-305f1075-a033-49f5-8e7a-60751045f1a7","source_polygon_id":"305f1075-a033-49f5-8e7a-60751045f1a7","field_id_method":"source_id","municipality":"南相馬市","area_ha":1.046606,"source_land_type":100,"declaration_source":"synthetic_demo","is_synthetic_declaration":true,"baseline_year":2024,"target_year":2025,"baseline_status":"insufficient_observation","status":"insufficient_observation","baseline_confidence":null,"confidence":null,"reason_codes":["INSUFFICIENT_OPTICAL_OBSERVATIONS"],"baseline_subtype":"not_evaluated","cultivation_subtype":"not_evaluated","subtype_confidence":null,"subtype_reason_codes":[],"change_type":"change_uncertain","change_confidence":null,"change_reason_codes":["OBSERVATION_LIMITS_YEAR_COMPARISON"],"reference_label":null,"evidence_strength":null,"evidence_sources":[],"evidence_dates":[],"review_status":"not_reviewed","polygon_vintage":2026,"valid_s2_count":0,"valid_s1_count":0,"observation_quality":0.0,"quality_flags":["BOUNDARY_VINTAGE_DIFFERENCE","HARVEST_WINDOW_INCOMPLETE"],"ndvi_max":null,"ndvi_amplitude":null,"ndvi_may":null,"ndvi_aug":null,"vh_may_db":null,"vh_aug_db":null,"centroid_lat":37.6205175,"centroid_lon":141.0179783,"declaration_match":"match","declared_crop":"unknown","declared_status":"unknown","priority_components":{"declaration":0,"status":20,"change":9,"evidence_uncertainty":10.0,"area":9.5985},"priority_score":48.6,"auto_candidate":true}},{"type":"Feature","geometry":{"type":"Polygon","coordinates":[[[141.011005109,37.610024438],[141.011048019,37.610042846],[141.011090424,37.610029237],[141.011181119,37.609924732],[141.0112113,37.609886758],[141.011163537,37.609860863],[141.011093406,37.609918073],[141.011005109,37.610024438]]]},"properties":{"field_id":"maff-2026-3129a622-c17e-482a-8434-bd50e8675890","source_polygon_id":"3129a622-c17e-482a-8434-bd50e8675890","field_id_method":"source_id","municipality":"南相馬市","area_ha":0.014058,"source_land_type":200,"declaration_source":"synthetic_demo","is_synthetic_declaration":true,"baseline_year":2024,"target_year":2025,"baseline_status":"insufficient_observation","status":"insufficient_observation","baseline_confidence":null,"confidence":null,"reason_codes":["INSUFFICIENT_OPTICAL_OBSERVATIONS"],"baseline_subtype":"not_evaluated","cultivation_subtype":"not_evaluated","subtype_confidence":null,"subtype_reason_codes":[],"change_type":"change_uncertain","change_confidence":null,"change_reason_codes":["OBSERVATION_LIMITS_YEAR_COMPARISON"],"reference_label":null,"evidence_strength":null,"evidence_sources":[],"evidence_dates":[],"review_status":"not_reviewed","polygon_vintage":2026,"valid_s2_count":0,"valid_s1_count":0,"observation_quality":0.0,"quality_flags":["BOUNDARY_VINTAGE_DIFFERENCE","SMALL_FIELD_SEVERE","SMALL_FIELD_MIXED_PIXEL","HARVEST_WINDOW_INCOMPLETE"],"ndvi_max":null,"ndvi_amplitude":null,"ndvi_may":null,"ndvi_aug":null,"vh_may_db":null,"vh_aug_db":null,"centroid_lat":37.6099552,"centroid_lon":141.0111091,"declaration_match":"match","declared_crop":"unknown","declared_status":"unknown","priority_components":{"declaration":0,"status":20,"change":9,"evidence_uncertainty":10.0,"area":0.9854},"priority_score":39.99,"auto_candidate":true}},{"type":"Feature","geometry":{"type":"Polygon","coordinates":[[[141.008777703,37.609281968],[141.008875003,37.609296068],[141.008943715,37.609299151],[141.008943004,37.609253951],[141.008951288,37.609178523],[141.008797053,37.609157455],[141.008790544,37.609195193],[141.008781756,37.609238604],[141.008777703,37.609281968]]]},"properties":{"field_id":"maff-2026-31e954b6-5ec3-43d4-8a52-8da8c4553e93","source_polygon_id":"31e954b6-5ec3-43d4-8a52-8da8c4553e93","field_id_method":"source_id","municipality":"南相馬市","area_ha":0.019728,"source_land_type":200,"declaration_source":"synthetic_demo","is_synthetic_declaration":true,"baseline_year":2024,"target_year":2025,"baseline_status":"review_required","status":"review_required","baseline_confidence":0.79,"confidence":0.7434,"reason_codes":["SIGNAL_CONFLICT","SMALL_FIELD_SEVERE"],"baseline_subtype":"mixed_or_unknown","cultivation_subtype":"mixed_or_unknown","subtype_confidence":null,"subtype_reason_codes":[],"change_type":"change_uncertain","change_confidence":0.7434,"change_reason_codes":["YEAR_STATUS_COMPARISON","BOUNDARY_VINTAGE_DIFFERENCE"],"reference_label":null,"evidence_strength":null,"evidence_sources":[],"evidence_dates":[],"review_status":"not_reviewed","polygon_vintage":2026,"valid_s2_count":42,"valid_s1_count":29,"observation_quality":1.0,"quality_flags":["BOUNDARY_VINTAGE_DIFFERENCE","SMALL_FIELD_SEVERE","SMALL_FIELD_MIXED_PIXEL"],"ndvi_max":0.6331855058670044,"ndvi_amplitude":0.387228325009346,"ndvi_may":0.5410668849945068,"ndvi_aug":0.5546851754188538,"vh_may_db":-14.715326309204102,"vh_aug_db":-13.290345668792725,"centroid_lat":37.6092308,"centroid_lon":141.0088653,"declaration_match":"unavailable","declared_crop":"not_declared","declared_status":"not_submitted","priority_components":{"declaration":0,"status":23,"change":9,"evidence_uncertainty":2.566,"area":1.6058},"priority_score":36.17,"auto_candidate":true}},{"type":"Feature","geometry":{"type":"Polygon","coordinates":[[[141.007959879,37.608901768],[141.007966468,37.608919283],[141.008000065,37.608947831],[141.008049425,37.608974967],[141.008093912,37.608993359],[141.008131868,37.608998004],[141.008170791,37.608963712],[141.008086572,37.608928133],[141.008065936,37.608920804],[141.007959879,37.608901768]]]},"properties":{"field_id":"maff-2026-356d6f1c-4a02-443e-8da4-5a1fea98c1d4","source_polygon_id":"356d6f1c-4a02-443e-8da4-5a1fea98c1d4","field_id_method":"source_id","municipality":"南相馬市","area_ha":0.00899,"source_land_type":200,"declaration_source":"synthetic_demo","is_synthetic_declaration":true,"baseline_year":2024,"target_year":2025,"baseline_status":"insufficient_observation","status":"insufficient_observation","baseline_confidence":null,"confidence":null,"reason_codes":["INSUFFICIENT_OPTICAL_OBSERVATIONS"],"baseline_subtype":"not_evaluated","cultivation_subtype":"not_evaluated","subtype_confidence":null,"subtype_reason_codes":[],"change_type":"change_uncertain","change_confidence":null,"change_reason_codes":["OBSERVATION_LIMITS_YEAR_COMPARISON"],"reference_label":null,"evidence_strength":null,"evidence_sources":[],"evidence_dates":[],"review_status":"not_reviewed","polygon_vintage":2026,"valid_s2_count":0,"valid_s1_count":0,"observation_quality":0.0,"quality_flags":["BOUNDARY_VINTAGE_DIFFERENCE","SMALL_FIELD_SEVERE","SMALL_FIELD_MIXED_PIXEL","HARVEST_WINDOW_INCOMPLETE"],"ndvi_max":null,"ndvi_amplitude":null,"ndvi_may":null,"ndvi_aug":null,"vh_may_db":null,"vh_aug_db":null,"centroid_lat":37.608951,"centroid_lon":141.0080681,"declaration_match":"match","declared_crop":"unknown","declared_status":"unknown","priority_components":{"declaration":0,"status":20,"change":9,"evidence_uncertainty":10.0,"area":0.3285},"priority_score":39.33,"auto_candidate":true}},{"type":"Feature","geometry":{"type":"Polygon","coordinates":[[[141.007665294,37.61601065],[141.007782005,37.615961808],[141.007688873,37.615833047],[141.007917472,37.615733505],[141.008019863,37.615841195],[141.008295836,37.615704944],[141.008297003,37.615626738],[141.007765898,37.614937811],[141.007080525,37.615263131],[141.007665294,37.61601065]]]},"properties":{"field_id":"maff-2026-36595a5c-2d52-441c-84a1-195b39aca93d","source_polygon_id":"36595a5c-2d52-441c-84a1-195b39aca93d","field_id_method":"source_id","municipality":"南相馬市","area_ha":0.645225,"source_land_type":100,"declaration_source":"synthetic_demo","is_synthetic_declaration":true,"baseline_year":2024,"target_year":2025,"baseline_status":"cultivation_signal","status":"review_required","baseline_confidence":0.9719,"confidence":0.887,"reason_codes":["NO_SAR_FLOOD_SIGNAL","NDVI_GROWTH_RISE","NDVI_PEAK_REACHED","NDVI_HARVEST_DROP","NEAR_THRESHOLD"],"baseline_subtype":"upland_crop_signal","cultivation_subtype":"mixed_or_unknown","subtype_confidence":null,"subtype_reason_codes":["NO_SAR_FLOOD_SIGNAL","NDVI_GROWTH_RISE","NDVI_PEAK_REACHED"],"change_type":"change_uncertain","change_confidence":0.887,"change_reason_codes":["YEAR_STATUS_COMPARISON","BOUNDARY_VINTAGE_DIFFERENCE"],"reference_label":null,"evidence_strength":null,"evidence_sources":[],"evidence_dates":[],"review_status":"not_reviewed","polygon_vintage":2026,"valid_s2_count":38,"valid_s1_count":29,"observation_quality":0.9957,"quality_flags":["BOUNDARY_VINTAGE_DIFFERENCE"],"ndvi_max":0.5488371849060059,"ndvi_amplitude":0.5194020215421915,"ndvi_may":0.06412934884428975,"ndvi_aug":0.5237287878990173,"vh_may_db":-21.53252410888672,"vh_aug_db":-15.760445594787598,"centroid_lat":37.6154525,"centroid_lon":141.0077031,"declaration_match":"not_comparable","declared_crop":"unknown","declared_status":"unknown","priority_components":{"declaration":20,"status":23,"change":9,"evidence_uncertainty":1.13,"area":7.2993},"priority_score":60.43,"auto_candidate":true}},{"type":"Feature","geometry":{"type":"Polygon","coordinates":[[[141.009879384,37.613823297],[141.010018039,37.613788484],[141.010180262,37.613749259],[141.010292952,37.613733509],[141.010340156,37.613728859],[141.010358077,37.61369943],[141.010370746,37.613670053],[141.010213643,37.613700871],[141.010079879,37.613712652],[141.009928062,37.613745506],[141.009815207,37.61375081],[141.009850136,37.613800605],[141.009879384,37.613823297]]]},"properties":{"field_id":"maff-2026-399b9f0f-b982-435a-a43c-b15d006e0901","source_polygon_id":"399b9f0f-b982-435a-a43c-b15d006e0901","field_id_method":"source_id","municipality":"南相馬市","area_ha":0.028884,"source_land_type":200,"declaration_source":"synthetic_demo","is_synthetic_declaration":true,"baseline_year":2024,"target_year":2025,"baseline_status":"review_required","status":"review_required","baseline_confidence":0.79,"confidence":0.79,"reason_codes":["NO_SAR_FLOOD_SIGNAL","NDVI_PEAK_LOW","NDVI_AMPLITUDE_LOW","SMALL_FIELD_SEVERE"],"baseline_subtype":"mixed_or_unknown","cultivation_subtype":"mixed_or_unknown","subtype_confidence":null,"subtype_reason_codes":["NO_SAR_FLOOD_SIGNAL"],"change_type":"change_uncertain","change_confidence":0.79,"change_reason_codes":["YEAR_STATUS_COMPARISON","BOUNDARY_VINTAGE_DIFFERENCE"],"reference_label":null,"evidence_strength":null,"evidence_sources":[],"evidence_dates":[],"review_status":"not_reviewed","polygon_vintage":2026,"valid_s2_count":40,"valid_s1_count":29,"observation_quality":1.0,"quality_flags":["BOUNDARY_VINTAGE_DIFFERENCE","SMALL_FIELD_SEVERE","SMALL_FIELD_MIXED_PIXEL"],"ndvi_max":0.3561954200267792,"ndvi_amplitude":0.17333096265792847,"ndvi_may":0.21539434045553205,"ndvi_aug":0.3036079108715057,"vh_may_db":-17.639333724975586,"vh_aug_db":-15.135531425476074,"centroid_lat":37.6137462,"centroid_lon":141.0100769,"declaration_match":"mismatch","declared_crop":"paddy_rice","declared_status":"planned_cultivation","priority_components":{"declaration":40,"status":23,"change":9,"evidence_uncertainty":2.1,"area":2.1898},"priority_score":76.29,"auto_candidate":true}},{"type":"Feature","geometry":{"type":"Polygon","coordinates":[[[141.014475663,37.621123499],[141.014493426,37.621134515],[141.015280057,37.62112938],[141.015298558,37.621104065],[141.015291611,37.621061454],[141.015292374,37.620511426],[141.015284798,37.620012892],[141.015207195,37.619999678],[141.015091167,37.620003639],[141.014743038,37.620012722],[141.014532041,37.620017632],[141.014472777,37.620051805],[141.014467595,37.620667865],[141.014464203,37.621052159],[141.014468097,37.621089996],[141.014475663,37.621123499]]]},"properties":{"field_id":"maff-2026-39d35ca4-ec06-45f1-bd47-8665d1c7b8fc","source_polygon_id":"39d35ca4-ec06-45f1-bd47-8665d1c7b8fc","field_id_method":"source_id","municipality":"南相馬市","area_ha":0.901921,"source_land_type":100,"declaration_source":"synthetic_demo","is_synthetic_declaration":true,"baseline_year":2024,"target_year":2025,"baseline_status":"insufficient_observation","status":"insufficient_observation","baseline_confidence":null,"confidence":null,"reason_codes":["INSUFFICIENT_OPTICAL_OBSERVATIONS"],"baseline_subtype":"not_evaluated","cultivation_subtype":"not_evaluated","subtype_confidence":null,"subtype_reason_codes":[],"change_type":"change_uncertain","change_confidence":null,"change_reason_codes":["OBSERVATION_LIMITS_YEAR_COMPARISON"],"reference_label":null,"evidence_strength":null,"evidence_sources":[],"evidence_dates":[],"review_status":"not_reviewed","polygon_vintage":2026,"valid_s2_count":0,"valid_s1_count":0,"observation_quality":0.0,"quality_flags":["BOUNDARY_VINTAGE_DIFFERENCE","HARVEST_WINDOW_INCOMPLETE"],"ndvi_max":null,"ndvi_amplitude":null,"ndvi_may":null,"ndvi_aug":null,"vh_may_db":null,"vh_aug_db":null,"centroid_lat":37.6205729,"centroid_lon":141.0148808,"declaration_match":"match","declared_crop":"paddy_rice","declared_status":"planned_cultivation","priority_components":{"declaration":0,"status":20,"change":9,"evidence_uncertainty":10.0,"area":9.0511},"priority_score":48.05,"auto_candidate":true}},{"type":"Feature","geometry":{"type":"Polygon","coordinates":[[[141.009982072,37.614006135],[141.010055404,37.613992867],[141.009937651,37.613854056],[141.00990115,37.613871135],[141.00988313,37.613894297],[141.009982072,37.614006135]]]},"properties":{"field_id":"maff-2026-39dd5078-893b-4fa8-ad68-0e561ba95de7","source_polygon_id":"39dd5078-893b-4fa8-ad68-0e561ba95de7","field_id_method":"source_id","municipality":"南相馬市","area_ha":0.010946,"source_land_type":200,"declaration_source":"synthetic_demo","is_synthetic_declaration":true,"baseline_year":2024,"target_year":2025,"baseline_status":"insufficient_observation","status":"insufficient_observation","baseline_confidence":null,"confidence":null,"reason_codes":["INSUFFICIENT_OPTICAL_OBSERVATIONS"],"baseline_subtype":"not_evaluated","cultivation_subtype":"not_evaluated","subtype_confidence":null,"subtype_reason_codes":[],"change_type":"change_uncertain","change_confidence":null,"change_reason_codes":["OBSERVATION_LIMITS_YEAR_COMPARISON"],"reference_label":null,"evidence_strength":null,"evidence_sources":[],"evidence_dates":[],"review_status":"not_reviewed","polygon_vintage":2026,"valid_s2_count":0,"valid_s1_count":0,"observation_quality":0.0,"quality_flags":["BOUNDARY_VINTAGE_DIFFERENCE","SMALL_FIELD_SEVERE","SMALL_FIELD_MIXED_PIXEL","HARVEST_WINDOW_INCOMPLETE"],"ndvi_max":null,"ndvi_amplitude":null,"ndvi_may":null,"ndvi_aug":null,"vh_may_db":null,"vh_aug_db":null,"centroid_lat":37.6139343,"centroid_lon":141.0099638,"declaration_match":"match","declared_crop":"unknown","declared_status":"unknown","priority_components":{"declaration":0,"status":20,"change":9,"evidence_uncertainty":10.0,"area":0.5839},"priority_score":39.58,"auto_candidate":true}},{"type":"Feature","geometry":{"type":"Polygon","coordinates":[[[141.018443692,37.61985459],[141.019326472,37.619835435],[141.019377868,37.619793557],[141.019414036,37.618620958],[141.019395,37.618584791],[141.01842188,37.618578009],[141.018443692,37.61985459]]]},"properties":{"field_id":"maff-2026-3a240e99-df07-46af-9bc8-f7ddac64a2d2","source_polygon_id":"3a240e99-df07-46af-9bc8-f7ddac64a2d2","field_id_method":"source_id","municipality":"南相馬市","area_ha":1.189529,"source_land_type":100,"declaration_source":"synthetic_demo","is_synthetic_declaration":true,"baseline_year":2024,"target_year":2025,"baseline_status":"insufficient_observation","status":"review_required","baseline_confidence":null,"confidence":0.7691,"reason_codes":["SIGNAL_CONFLICT"],"baseline_subtype":"not_evaluated","cultivation_subtype":"mixed_or_unknown","subtype_confidence":null,"subtype_reason_codes":[],"change_type":"change_uncertain","change_confidence":null,"change_reason_codes":["OBSERVATION_LIMITS_YEAR_COMPARISON"],"reference_label":null,"evidence_strength":null,"evidence_sources":[],"evidence_dates":[],"review_status":"not_reviewed","polygon_vintage":2026,"valid_s2_count":44,"valid_s1_count":29,"observation_quality":1.0,"quality_flags":["BOUNDARY_VINTAGE_DIFFERENCE"],"ndvi_max":0.4080580770969391,"ndvi_amplitude":0.32748497277498245,"ndvi_may":0.1192083656787872,"ndvi_aug":0.2496147453784942,"vh_may_db":-14.54894733428955,"vh_aug_db":-14.645808219909668,"centroid_lat":37.619206,"centroid_lon":141.0189121,"declaration_match":"unavailable","declared_crop":"not_declared","declared_status":"not_submitted","priority_components":{"declaration":0,"status":23,"change":9,"evidence_uncertainty":2.309,"area":9.8905},"priority_score":44.2,"auto_candidate":true}},{"type":"Feature","geometry":{"type":"Polygon","coordinates":[[[141.007810463,37.609237287],[141.007933114,37.609307644],[141.008117909,37.609415055],[141.008189066,37.609322677],[141.008344086,37.609142815],[141.008318597,37.609128],[141.008236173,37.609106217],[141.008118731,37.609065946],[141.008034353,37.609020324],[141.007958086,37.609088894],[141.007874243,37.609177631],[141.007810463,37.609237287]]]},"properties":{"field_id":"maff-2026-3b066d92-ae6d-4a8b-92e9-10b3d8f7a4a8","source_polygon_id":"3b066d92-ae6d-4a8b-92e9-10b3d8f7a4a8","field_id_method":"source_id","municipality":"南相馬市","area_ha":0.104872,"source_land_type":100,"declaration_source":"synthetic_demo","is_synthetic_declaration":true,"baseline_year":2024,"target_year":2025,"baseline_status":"fallow_candidate","status":"fallow_candidate","baseline_confidence":1.0,"confidence":1.0,"reason_codes":["NO_SAR_FLOOD_SIGNAL","NDVI_PEAK_LOW","NDVI_AMPLITUDE_LOW"],"baseline_subtype":"mixed_or_unknown","cultivation_subtype":"mixed_or_unknown","subtype_confidence":null,"subtype_reason_codes":["NO_SAR_FLOOD_SIGNAL"],"change_type":"stable","change_confidence":1.0,"change_reason_codes":["YEAR_STATUS_COMPARISON","BOUNDARY_VINTAGE_DIFFERENCE"],"reference_label":null,"evidence_strength":null,"evidence_sources":[],"evidence_dates":[],"review_status":"not_reviewed","polygon_vintage":2026,"valid_s2_count":42,"valid_s1_count":29,"observation_quality":1.0,"quality_flags":["BOUNDARY_VINTAGE_DIFFERENCE"],"ndvi_max":0.6147838234901428,"ndvi_amplitude":0.4844442903995514,"ndvi_may":0.2422178983688354,"ndvi_aug":0.3363949358463287,"vh_may_db":-14.987136840820312,"vh_aug_db":-15.62101936340332,"centroid_lat":37.6092091,"centroid_lon":141.0080768,"declaration_match":"mismatch","declared_crop":"upland_crop","declared_status":"planned_cultivation","priority_components":{"declaration":40,"status":25,"change":0,"evidence_uncertainty":10.0,"area":4.4891},"priority_score":79.49,"auto_candidate":true}},{"type":"Feature","geometry":{"type":"Polygon","coordinates":[[[141.007307511,37.609895601],[141.007312572,37.609916271],[141.007336719,37.609946168],[141.007372586,37.609968415],[141.007411056,37.610005705],[141.007445058,37.610059992],[141.007462074,37.610088077],[141.007495573,37.610110348],[141.007531351,37.610126944],[141.007593199,37.610145165],[141.007645401,37.61015218],[141.007683161,37.61014427],[141.007685232,37.610125413],[141.007634687,37.610073175],[141.007510042,37.609976465],[141.007416323,37.609888867],[141.007378089,37.609866643],[141.007354267,37.609857463],[141.007316567,37.60986914],[141.007307511,37.609895601]]]},"properties":{"field_id":"maff-2026-3bc3ee96-a45b-48da-bed7-d0d9d239af04","source_polygon_id":"3bc3ee96-a45b-48da-bed7-d0d9d239af04","field_id_method":"source_id","municipality":"南相馬市","area_ha":0.039371,"source_land_type":100,"declaration_source":"synthetic_demo","is_synthetic_declaration":true,"baseline_year":2024,"target_year":2025,"baseline_status":"review_required","status":"review_required","baseline_confidence":0.79,"confidence":0.6717,"reason_codes":["SIGNAL_CONFLICT","NEAR_THRESHOLD","SMALL_FIELD_SEVERE"],"baseline_subtype":"mixed_or_unknown","cultivation_subtype":"mixed_or_unknown","subtype_confidence":null,"subtype_reason_codes":[],"change_type":"change_uncertain","change_confidence":0.6717,"change_reason_codes":["YEAR_STATUS_COMPARISON","BOUNDARY_VINTAGE_DIFFERENCE"],"reference_label":null,"evidence_strength":null,"evidence_sources":[],"evidence_dates":[],"review_status":"not_reviewed","polygon_vintage":2026,"valid_s2_count":44,"valid_s1_count":29,"observation_quality":1.0,"quality_flags":["BOUNDARY_VINTAGE_DIFFERENCE","SMALL_FIELD_SEVERE","SMALL_FIELD_MIXED_PIXEL"],"ndvi_max":0.5129993557929993,"ndvi_amplitude":0.3621816635131837,"ndvi_may":0.2026708573102951,"ndvi_aug":0.421106219291687,"vh_may_db":-15.897908210754396,"vh_aug_db":-15.271276473999023,"centroid_lat":37.6100169,"centroid_lon":141.0074881,"declaration_match":"match","declared_crop":"unknown","declared_status":"unknown","priority_components":{"declaration":0,"status":23,"change":9,"evidence_uncertainty":3.283,"area":2.6277},"priority_score":37.91,"auto_candidate":true}},{"type":"Feature","geometry":{"type":"Polygon","coordinates":[[[141.017772225,37.610380989],[141.017855293,37.61039334],[141.017888437,37.610393008],[141.0179686,37.610371482],[141.017988143,37.610260153],[141.01799417,37.610192281],[141.017899355,37.610185699],[141.01790571,37.610138544],[141.017846585,37.610142904],[141.017801605,37.610143356],[141.017790514,37.610190558],[141.017782689,37.610294237],[141.017772225,37.610380989]]]},"properties":{"field_id":"maff-2026-3cc489e2-2403-4bca-b0b7-869dc1b7da2e","source_polygon_id":"3cc489e2-2403-4bca-b0b7-869dc1b7da2e","field_id_method":"source_id","municipality":"南相馬市","area_ha":0.043517,"source_land_type":200,"declaration_source":"synthetic_demo","is_synthetic_declaration":true,"baseline_year":2024,"target_year":2025,"baseline_status":"review_required","status":"review_required","baseline_confidence":0.79,"confidence":0.79,"reason_codes":["NO_SAR_FLOOD_SIGNAL","NDVI_PEAK_LOW","NDVI_AMPLITUDE_LOW","NEAR_THRESHOLD","SMALL_FIELD_SEVERE"],"baseline_subtype":"mixed_or_unknown","cultivation_subtype":"mixed_or_unknown","subtype_confidence":null,"subtype_reason_codes":["NO_SAR_FLOOD_SIGNAL"],"change_type":"change_uncertain","change_confidence":0.79,"change_reason_codes":["YEAR_STATUS_COMPARISON","BOUNDARY_VINTAGE_DIFFERENCE"],"reference_label":null,"evidence_strength":null,"evidence_sources":[],"evidence_dates":[],"review_status":"not_reviewed","polygon_vintage":2026,"valid_s2_count":43,"valid_s1_count":29,"observation_quality":1.0,"quality_flags":["BOUNDARY_VINTAGE_DIFFERENCE","SMALL_FIELD_SEVERE","SMALL_FIELD_MIXED_PIXEL"],"ndvi_max":0.4894855916500091,"ndvi_amplitude":0.3182604163885116,"ndvi_may":0.33753278851509094,"ndvi_aug":0.4515161514282226,"vh_may_db":-14.54730987548828,"vh_aug_db":-13.858272552490234,"centroid_lat":37.6102732,"centroid_lon":141.017878,"declaration_match":"match","declared_crop":"unknown","declared_status":"unknown","priority_components":{"declaration":0,"status":23,"change":9,"evidence_uncertainty":2.1,"area":2.8467},"priority_score":36.95,"auto_candidate":true}},{"type":"Feature","geometry":{"type":"Polygon","coordinates":[[[141.008527836,37.60965365],[141.008835807,37.609814458],[141.008849508,37.6097823],[141.008874541,37.609718007],[141.008855246,37.609695595],[141.008797807,37.609656611],[141.00868571,37.609604987],[141.008606905,37.609562448],[141.008569471,37.609591075],[141.008527836,37.60965365]]]},"properties":{"field_id":"maff-2026-3d405ab5-ba86-4d4a-be95-3fc187150583","source_polygon_id":"3d405ab5-ba86-4d4a-be95-3fc187150583","field_id_method":"source_id","municipality":"南相馬市","area_ha":0.038286,"source_land_type":100,"declaration_source":"synthetic_demo","is_synthetic_declaration":true,"baseline_year":2024,"target_year":2025,"baseline_status":"review_required","status":"review_required","baseline_confidence":0.6977,"confidence":0.774,"reason_codes":["SIGNAL_CONFLICT","SMALL_FIELD_SEVERE"],"baseline_subtype":"mixed_or_unknown","cultivation_subtype":"mixed_or_unknown","subtype_confidence":null,"subtype_reason_codes":[],"change_type":"change_uncertain","change_confidence":0.6977,"change_reason_codes":["YEAR_STATUS_COMPARISON","BOUNDARY_VINTAGE_DIFFERENCE"],"reference_label":null,"evidence_strength":null,"evidence_sources":[],"evidence_dates":[],"review_status":"not_reviewed","polygon_vintage":2026,"valid_s2_count":40,"valid_s1_count":29,"observation_quality":0.9134,"quality_flags":["BOUNDARY_VINTAGE_DIFFERENCE","SMALL_FIELD_SEVERE","SMALL_FIELD_MIXED_PIXEL"],"ndvi_max":0.6522861123085022,"ndvi_amplitude":0.454841285943985,"ndvi_may":0.5501348972320557,"ndvi_aug":0.6222802400588989,"vh_may_db":-15.387372016906738,"vh_aug_db":-15.433380603790283,"centroid_lat":37.6096835,"centroid_lon":141.0087096,"declaration_match":"match","declared_crop":"unknown","declared_status":"unknown","priority_components":{"declaration":0,"status":23,"change":9,"evidence_uncertainty":2.26,"area":2.5182},"priority_score":36.78,"auto_candidate":true}},{"type":"Feature","geometry":{"type":"Polygon","coordinates":[[[141.006029246,37.616959349],[141.006669322,37.617813576],[141.007572517,37.617354375],[141.006999591,37.616563406],[141.00692678,37.616551985],[141.006029246,37.616959349]]]},"properties":{"field_id":"maff-2026-3ff3b450-439d-4f12-af8e-7945db916f2f","source_polygon_id":"3ff3b450-439d-4f12-af8e-7945db916f2f","field_id_method":"source_id","municipality":"南相馬市","area_ha":1.02793,"source_land_type":100,"declaration_source":"synthetic_demo","is_synthetic_declaration":true,"baseline_year":2024,"target_year":2025,"baseline_status":"cultivation_signal","status":"cultivation_signal","baseline_confidence":1.0,"confidence":0.9902,"reason_codes":["NO_SAR_FLOOD_SIGNAL","NDVI_GROWTH_RISE","NDVI_PEAK_REACHED","NDVI_HARVEST_DROP"],"baseline_subtype":"upland_crop_signal","cultivation_subtype":"upland_crop_signal","subtype_confidence":0.9215,"subtype_reason_codes":["NO_SAR_FLOOD_SIGNAL","NDVI_GROWTH_RISE","NDVI_PEAK_REACHED"],"change_type":"stable","change_confidence":0.9902,"change_reason_codes":["YEAR_STATUS_COMPARISON","BOUNDARY_VINTAGE_DIFFERENCE"],"reference_label":null,"evidence_strength":null,"evidence_sources":[],"evidence_dates":[],"review_status":"not_reviewed","polygon_vintage":2026,"valid_s2_count":38,"valid_s1_count":29,"observation_quality":1.0,"quality_flags":["BOUNDARY_VINTAGE_DIFFERENCE"],"ndvi_max":0.6283901929855347,"ndvi_amplitude":0.5357836186885834,"ndvi_may":0.13448032736778254,"ndvi_aug":0.5980455875396729,"vh_may_db":-20.586158752441406,"vh_aug_db":-13.91936445236206,"centroid_lat":37.6171654,"centroid_lon":141.0068072,"declaration_match":"match","declared_crop":"paddy_rice","declared_status":"planned_cultivation","priority_components":{"declaration":0,"status":0,"change":0,"evidence_uncertainty":0,"area":9.4891},"priority_score":9.49,"auto_candidate":false}},{"type":"Feature","geometry":{"type":"Polygon","coordinates":[[[141.005173156,37.617943093],[141.005274689,37.617977106],[141.005425357,37.618006509],[141.005456884,37.617870235],[141.005638817,37.617911688],[141.005637394,37.617821061],[141.005419762,37.617650182],[141.005342438,37.61767361],[141.005248511,37.617629224],[141.005070881,37.617696908],[141.005113248,37.617756228],[141.005142862,37.617828034],[141.005169661,37.617885448],[141.005173156,37.617943093]]]},"properties":{"field_id":"maff-2026-40ebf555-0262-4aa3-ab5e-cb8620b70b95","source_polygon_id":"40ebf555-0262-4aa3-ab5e-cb8620b70b95","field_id_method":"source_id","municipality":"南相馬市","area_ha":0.124851,"source_land_type":200,"declaration_source":"synthetic_demo","is_synthetic_declaration":true,"baseline_year":2024,"target_year":2025,"baseline_status":"fallow_candidate","status":"fallow_candidate","baseline_confidence":0.9542,"confidence":0.9558,"reason_codes":["NO_SAR_FLOOD_SIGNAL","NDVI_PEAK_LOW","NDVI_AMPLITUDE_LOW"],"baseline_subtype":"mixed_or_unknown","cultivation_subtype":"mixed_or_unknown","subtype_confidence":null,"subtype_reason_codes":["NO_SAR_FLOOD_SIGNAL"],"change_type":"stable","change_confidence":0.9479,"change_reason_codes":["YEAR_STATUS_COMPARISON","BOUNDARY_VINTAGE_DIFFERENCE"],"reference_label":null,"evidence_strength":null,"evidence_sources":[],"evidence_dates":[],"review_status":"not_reviewed","polygon_vintage":2026,"valid_s2_count":42,"valid_s1_count":29,"observation_quality":0.9479,"quality_flags":["BOUNDARY_VINTAGE_DIFFERENCE"],"ndvi_max":0.4226211905479431,"ndvi_amplitude":0.2429131269454956,"ndvi_may":0.2721538841724396,"ndvi_aug":0.3949853479862213,"vh_may_db":-16.576879501342773,"vh_aug_db":-15.841248512268066,"centroid_lat":37.6178092,"centroid_lon":141.0053439,"declaration_match":"mismatch","declared_crop":"upland_crop","declared_status":"planned_cultivation","priority_components":{"declaration":40,"status":25,"change":0,"evidence_uncertainty":9.558,"area":4.708},"priority_score":79.27,"auto_candidate":true}},{"type":"Feature","geometry":{"type":"Polygon","coordinates":[[[141.010885723,37.614376658],[141.011233275,37.614208827],[141.011740484,37.613950256],[141.011704722,37.613903255],[141.011600339,37.613946084],[141.011447331,37.614014471],[141.011321763,37.614046369],[141.011196064,37.61406991],[141.011031848,37.614093836],[141.010930394,37.61410042],[141.010818831,37.614132176],[141.010764258,37.614224652],[141.010814597,37.614307723],[141.010885723,37.614376658]]]},"properties":{"field_id":"maff-2026-415e3fa3-59d0-40ef-bd9a-dcaf9e225e77","source_polygon_id":"415e3fa3-59d0-40ef-bd9a-dcaf9e225e77","field_id_method":"source_id","municipality":"南相馬市","area_ha":0.133348,"source_land_type":100,"declaration_source":"synthetic_demo","is_synthetic_declaration":true,"baseline_year":2024,"target_year":2025,"baseline_status":"review_required","status":"review_required","baseline_confidence":0.6662,"confidence":0.8691,"reason_codes":["NO_SAR_FLOOD_SIGNAL","NDVI_PEAK_LOW","NDVI_AMPLITUDE_LOW","NEAR_THRESHOLD"],"baseline_subtype":"mixed_or_unknown","cultivation_subtype":"mixed_or_unknown","subtype_confidence":null,"subtype_reason_codes":["NO_SAR_FLOOD_SIGNAL"],"change_type":"change_uncertain","change_confidence":0.6662,"change_reason_codes":["YEAR_STATUS_COMPARISON","BOUNDARY_VINTAGE_DIFFERENCE"],"reference_label":null,"evidence_strength":null,"evidence_sources":[],"evidence_dates":[],"review_status":"not_reviewed","polygon_vintage":2026,"valid_s2_count":41,"valid_s1_count":29,"observation_quality":0.9611,"quality_flags":["BOUNDARY_VINTAGE_DIFFERENCE"],"ndvi_max":0.5101175308227539,"ndvi_amplitude":0.3113011121749878,"ndvi_may":0.49923810362815857,"ndvi_aug":0.4272613525390625,"vh_may_db":-14.23295783996582,"vh_aug_db":-14.001386642456055,"centroid_lat":37.6141533,"centroid_lon":141.0111465,"declaration_match":"match","declared_crop":"upland_crop","declared_status":"planned_cultivation","priority_components":{"declaration":0,"status":23,"change":9,"evidence_uncertainty":1.309,"area":4.8175},"priority_score":38.13,"auto_candidate":true}},{"type":"Feature","geometry":{"type":"Polygon","coordinates":[[[141.01819657,37.616101163],[141.019474341,37.615875114],[141.019495756,37.615870355],[141.01952193,37.615223142],[141.019510033,37.615204106],[141.018177535,37.615465847],[141.01819657,37.616101163]]]},"properties":{"field_id":"maff-2026-44d8606d-04dd-470a-8eb4-af20d2c65abb","source_polygon_id":"44d8606d-04dd-470a-8eb4-af20d2c65abb","field_id_method":"source_id","municipality":"南相馬市","area_ha":0.843647,"source_land_type":100,"declaration_source":"synthetic_demo","is_synthetic_declaration":true,"baseline_year":2024,"target_year":2025,"baseline_status":"review_required","status":"review_required","baseline_confidence":0.7309,"confidence":0.8967,"reason_codes":["NO_SAR_FLOOD_SIGNAL","NDVI_GROWTH_RISE","NDVI_PEAK_REACHED","NEAR_THRESHOLD"],"baseline_subtype":"mixed_or_unknown","cultivation_subtype":"mixed_or_unknown","subtype_confidence":null,"subtype_reason_codes":["NO_SAR_FLOOD_SIGNAL","NDVI_GROWTH_RISE","NDVI_PEAK_REACHED"],"change_type":"change_uncertain","change_confidence":0.7309,"change_reason_codes":["YEAR_STATUS_COMPARISON","BOUNDARY_VINTAGE_DIFFERENCE"],"reference_label":null,"evidence_strength":null,"evidence_sources":[],"evidence_dates":[],"review_status":"not_reviewed","polygon_vintage":2026,"valid_s2_count":44,"valid_s1_count":29,"observation_quality":1.0,"quality_flags":["BOUNDARY_VINTAGE_DIFFERENCE"],"ndvi_max":0.6501018404960632,"ndvi_amplitude":0.557101182639599,"ndvi_may":0.1721626296639442,"ndvi_aug":0.1320035457611084,"vh_may_db":-15.18215560913086,"vh_aug_db":-15.02122974395752,"centroid_lat":37.6156573,"centroid_lon":141.0188524,"declaration_match":"match","declared_crop":"upland_crop","declared_status":"planned_cultivation","priority_components":{"declaration":0,"status":23,"change":9,"evidence_uncertainty":1.033,"area":8.6131},"priority_score":41.65,"auto_candidate":true}},{"type":"Feature","geometry":{"type":"Polygon","coordinates":[[[141.008885904,37.609687756],[141.008919903,37.609591351],[141.008928928,37.609563007],[141.008879183,37.609561619],[141.008838848,37.60955637],[141.008791353,37.609547425],[141.008769779,37.609530687],[141.008746076,37.60952904],[141.008686891,37.609529629],[141.008632205,37.609515105],[141.008613592,37.60953601],[141.008678045,37.609569274],[141.008775878,37.609617273],[141.008852287,37.609657952],[141.008885904,37.609687756]]]},"properties":{"field_id":"maff-2026-4562c4f4-6b03-4ceb-8906-a6e045558539","source_polygon_id":"4562c4f4-6b03-4ceb-8906-a6e045558539","field_id_method":"source_id","municipality":"南相馬市","area_ha":0.020911,"source_land_type":100,"declaration_source":"synthetic_demo","is_synthetic_declaration":true,"baseline_year":2024,"target_year":2025,"baseline_status":"review_required","status":"review_required","baseline_confidence":0.7587,"confidence":0.79,"reason_codes":["SIGNAL_CONFLICT","SMALL_FIELD_SEVERE"],"baseline_subtype":"mixed_or_unknown","cultivation_subtype":"mixed_or_unknown","subtype_confidence":null,"subtype_reason_codes":[],"change_type":"change_uncertain","change_confidence":0.7587,"change_reason_codes":["YEAR_STATUS_COMPARISON","BOUNDARY_VINTAGE_DIFFERENCE"],"reference_label":null,"evidence_strength":null,"evidence_sources":[],"evidence_dates":[],"review_status":"not_reviewed","polygon_vintage":2026,"valid_s2_count":41,"valid_s1_count":29,"observation_quality":1.0,"quality_flags":["BOUNDARY_VINTAGE_DIFFERENCE","SMALL_FIELD_SEVERE","SMALL_FIELD_MIXED_PIXEL"],"ndvi_max":0.6506651043891907,"ndvi_amplitude":0.43640153110027313,"ndvi_may":0.6177898645401001,"ndvi_aug":0.616490364074707,"vh_may_db":-15.598085403442385,"vh_aug_db":-14.744274139404297,"centroid_lat":37.6095855,"centroid_lon":141.0087971,"declaration_match":"unavailable","declared_crop":"not_declared","declared_status":"not_submitted","priority_components":{"declaration":0,"status":23,"change":9,"evidence_uncertainty":2.1,"area":1.7153},"priority_score":35.82,"auto_candidate":true}},{"type":"Feature","geometry":{"type":"Polygon","coordinates":[[[141.010403325,37.613617075],[141.011349161,37.61346003],[141.01099938,37.613038866],[141.010289111,37.613392216],[141.010321234,37.613435046],[141.010278404,37.613470738],[141.010403325,37.613617075]]]},"properties":{"field_id":"maff-2026-457fae30-ad0d-476e-acbd-b5fd145cfffb","source_polygon_id":"457fae30-ad0d-476e-acbd-b5fd145cfffb","field_id_method":"source_id","municipality":"南相馬市","area_ha":0.323977,"source_land_type":100,"declaration_source":"synthetic_demo","is_synthetic_declaration":true,"baseline_year":2024,"target_year":2025,"baseline_status":"cultivation_signal","status":"review_required","baseline_confidence":0.9898,"confidence":0.9293,"reason_codes":["NO_SAR_FLOOD_SIGNAL","NDVI_GROWTH_RISE","NDVI_PEAK_REACHED","NDVI_HARVEST_DROP","NEAR_THRESHOLD"],"baseline_subtype":"upland_crop_signal","cultivation_subtype":"mixed_or_unknown","subtype_confidence":null,"subtype_reason_codes":["NO_SAR_FLOOD_SIGNAL","NDVI_GROWTH_RISE","NDVI_PEAK_REACHED"],"change_type":"change_uncertain","change_confidence":0.9293,"change_reason_codes":["YEAR_STATUS_COMPARISON","BOUNDARY_VINTAGE_DIFFERENCE"],"reference_label":null,"evidence_strength":null,"evidence_sources":[],"evidence_dates":[],"review_status":"not_reviewed","polygon_vintage":2026,"valid_s2_count":40,"valid_s1_count":29,"observation_quality":0.9968,"quality_flags":["BOUNDARY_VINTAGE_DIFFERENCE"],"ndvi_max":0.5488531589508057,"ndvi_amplitude":0.5153077580034734,"ndvi_may":0.10509019717574115,"ndvi_aug":0.5364187955856323,"vh_may_db":-20.695802688598636,"vh_aug_db":-13.739713191986084,"centroid_lat":37.613367,"centroid_lon":141.0108031,"declaration_match":"mismatch","declared_crop":"upland_crop","declared_status":"planned_cultivation","priority_components":{"declaration":40,"status":23,"change":9,"evidence_uncertainty":0.707,"area":5.6569},"priority_score":78.36,"auto_candidate":true}},{"type":"Feature","geometry":{"type":"Polygon","coordinates":[[[141.019064891,37.60841722],[141.019182814,37.608238973],[141.019165495,37.608192056],[141.019494558,37.608039941],[141.019602916,37.608004947],[141.019473534,37.607610684],[141.019444917,37.607597787],[141.019288555,37.607591824],[141.019244508,37.607501852],[141.019209208,37.607515392],[141.019194854,37.607506118],[141.018562778,37.607661276],[141.018553637,37.607682088],[141.018704505,37.60793863],[141.019008254,37.608429091],[141.019064891,37.60841722]]]},"properties":{"field_id":"maff-2026-46186f27-f4ec-45d4-acd4-9fdfb713d833","source_polygon_id":"46186f27-f4ec-45d4-acd4-9fdfb713d833","field_id_method":"source_id","municipality":"南相馬市","area_ha":0.525626,"source_land_type":100,"declaration_source":"synthetic_demo","is_synthetic_declaration":true,"baseline_year":2024,"target_year":2025,"baseline_status":"insufficient_observation","status":"insufficient_observation","baseline_confidence":null,"confidence":null,"reason_codes":["INSUFFICIENT_OPTICAL_OBSERVATIONS"],"baseline_subtype":"not_evaluated","cultivation_subtype":"not_evaluated","subtype_confidence":null,"subtype_reason_codes":[],"change_type":"change_uncertain","change_confidence":null,"change_reason_codes":["OBSERVATION_LIMITS_YEAR_COMPARISON"],"reference_label":null,"evidence_strength":null,"evidence_sources":[],"evidence_dates":[],"review_status":"not_reviewed","polygon_vintage":2026,"valid_s2_count":0,"valid_s1_count":0,"observation_quality":0.0,"quality_flags":["BOUNDARY_VINTAGE_DIFFERENCE","HARVEST_WINDOW_INCOMPLETE"],"ndvi_max":null,"ndvi_amplitude":null,"ndvi_may":null,"ndvi_aug":null,"vh_may_db":null,"vh_aug_db":null,"centroid_lat":37.6078888,"centroid_lon":141.0190895,"declaration_match":"match","declared_crop":"upland_crop","declared_status":"planned_cultivation","priority_components":{"declaration":0,"status":20,"change":9,"evidence_uncertainty":10.0,"area":6.8613},"priority_score":45.86,"auto_candidate":true}},{"type":"Feature","geometry":{"type":"Polygon","coordinates":[[[141.013699035,37.610182539],[141.013727722,37.610199832],[141.013872366,37.610163225],[141.014098861,37.610111984],[141.014169625,37.610094951],[141.014140125,37.61002618],[141.013717369,37.610044223],[141.013713488,37.610098259],[141.013703214,37.610147336],[141.013699035,37.610182539]]]},"properties":{"field_id":"maff-2026-488e251a-151c-4635-9585-65230b4ab2ac","source_polygon_id":"488e251a-151c-4635-9585-65230b4ab2ac","field_id_method":"source_id","municipality":"南相馬市","area_ha":0.050267,"source_land_type":100,"declaration_source":"synthetic_demo","is_synthetic_declaration":true,"baseline_year":2024,"target_year":2025,"baseline_status":"review_required","status":"review_required","baseline_confidence":0.7638,"confidence":0.6839,"reason_codes":["SIGNAL_CONFLICT","NEAR_THRESHOLD"],"baseline_subtype":"mixed_or_unknown","cultivation_subtype":"mixed_or_unknown","subtype_confidence":null,"subtype_reason_codes":[],"change_type":"change_uncertain","change_confidence":0.6839,"change_reason_codes":["YEAR_STATUS_COMPARISON","BOUNDARY_VINTAGE_DIFFERENCE"],"reference_label":null,"evidence_strength":null,"evidence_sources":[],"evidence_dates":[],"review_status":"not_reviewed","polygon_vintage":2026,"valid_s2_count":41,"valid_s1_count":29,"observation_quality":0.9979,"quality_flags":["BOUNDARY_VINTAGE_DIFFERENCE","SMALL_FIELD_WARNING","SMALL_FIELD_MIXED_PIXEL"],"ndvi_max":0.6035034656524658,"ndvi_amplitude":0.4461952745914459,"ndvi_may":0.4076279252767563,"ndvi_aug":0.5668501257896423,"vh_may_db":-16.374683380126953,"vh_aug_db":-13.860674858093262,"centroid_lat":37.6100972,"centroid_lon":141.013905,"declaration_match":"match","declared_crop":"other_crop","declared_status":"planned_fallow","priority_components":{"declaration":0,"status":23,"change":9,"evidence_uncertainty":3.161,"area":3.1752},"priority_score":38.34,"auto_candidate":true}},{"type":"Feature","geometry":{"type":"Polygon","coordinates":[[[141.005241775,37.618330088],[141.005329615,37.618344284],[141.005512044,37.618350007],[141.005578368,37.618351232],[141.005608319,37.618298192],[141.005631049,37.61823769],[141.005524298,37.618225565],[141.005346457,37.618210379],[141.005249383,37.618211343],[141.005241775,37.618330088]]]},"properties":{"field_id":"maff-2026-48e60ad7-8041-417d-b858-1fa4c744c786","source_polygon_id":"48e60ad7-8041-417d-b858-1fa4c744c786","field_id_method":"source_id","municipality":"南相馬市","area_ha":0.045037,"source_land_type":200,"declaration_source":"synthetic_demo","is_synthetic_declaration":true,"baseline_year":2024,"target_year":2025,"baseline_status":"review_required","status":"review_required","baseline_confidence":0.79,"confidence":0.79,"reason_codes":["NO_SAR_FLOOD_SIGNAL","NDVI_PEAK_LOW","NDVI_AMPLITUDE_LOW","SMALL_FIELD_SEVERE"],"baseline_subtype":"mixed_or_unknown","cultivation_subtype":"mixed_or_unknown","subtype_confidence":null,"subtype_reason_codes":["NO_SAR_FLOOD_SIGNAL"],"change_type":"change_uncertain","change_confidence":0.79,"change_reason_codes":["YEAR_STATUS_COMPARISON","BOUNDARY_VINTAGE_DIFFERENCE"],"reference_label":null,"evidence_strength":null,"evidence_sources":[],"evidence_dates":[],"review_status":"not_reviewed","polygon_vintage":2026,"valid_s2_count":42,"valid_s1_count":29,"observation_quality":0.9553,"quality_flags":["BOUNDARY_VINTAGE_DIFFERENCE","SMALL_FIELD_SEVERE","SMALL_FIELD_MIXED_PIXEL"],"ndvi_max":0.4090618193149566,"ndvi_amplitude":0.2800270617008209,"ndvi_may":0.2183933109045028,"ndvi_aug":0.1861689984798431,"vh_may_db":-17.799224853515625,"vh_aug_db":-16.658982276916504,"centroid_lat":37.6182812,"centroid_lon":141.0054248,"declaration_match":"mismatch","declared_crop":"paddy_rice","declared_status":"planned_cultivation","priority_components":{"declaration":40,"status":23,"change":9,"evidence_uncertainty":2.1,"area":2.9562},"priority_score":77.06,"auto_candidate":true}},{"type":"Feature","geometry":{"type":"Polygon","coordinates":[[[141.010594425,37.617896472],[141.0114082,37.617469597],[141.010894237,37.616844275],[141.010787162,37.616825714],[141.010063329,37.617182634],[141.010041914,37.617216898],[141.010594425,37.617896472]]]},"properties":{"field_id":"maff-2026-4a7a65df-f05a-437a-abef-f60ba9612423","source_polygon_id":"4a7a65df-f05a-437a-abef-f60ba9612423","field_id_method":"source_id","municipality":"南相馬市","area_ha":0.776549,"source_land_type":100,"declaration_source":"synthetic_demo","is_synthetic_declaration":true,"baseline_year":2024,"target_year":2025,"baseline_status":"cultivation_signal","status":"review_required","baseline_confidence":1.0,"confidence":0.9234,"reason_codes":["NO_SAR_FLOOD_SIGNAL","NDVI_GROWTH_RISE","NDVI_PEAK_REACHED","NDVI_HARVEST_DROP","NEAR_THRESHOLD"],"baseline_subtype":"upland_crop_signal","cultivation_subtype":"mixed_or_unknown","subtype_confidence":null,"subtype_reason_codes":["NO_SAR_FLOOD_SIGNAL","NDVI_GROWTH_RISE","NDVI_PEAK_REACHED"],"change_type":"change_uncertain","change_confidence":0.9234,"change_reason_codes":["YEAR_STATUS_COMPARISON","BOUNDARY_VINTAGE_DIFFERENCE"],"reference_label":null,"evidence_strength":null,"evidence_sources":[],"evidence_dates":[],"review_status":"not_reviewed","polygon_vintage":2026,"valid_s2_count":40,"valid_s1_count":29,"observation_quality":1.0,"quality_flags":["BOUNDARY_VINTAGE_DIFFERENCE"],"ndvi_max":0.5602004528045654,"ndvi_amplitude":0.49747917056083685,"ndvi_may":0.1047479659318924,"ndvi_aug":0.5387099981307983,"vh_may_db":-20.06636428833008,"vh_aug_db":-14.393740653991697,"centroid_lat":37.6173427,"centroid_lon":141.0107192,"declaration_match":"match","declared_crop":"other_crop","declared_status":"planned_fallow","priority_components":{"declaration":0,"status":23,"change":9,"evidence_uncertainty":0.766,"area":8.0657},"priority_score":40.83,"auto_candidate":true}},{"type":"Feature","geometry":{"type":"Polygon","coordinates":[[[141.007205659,37.609121497],[141.007257148,37.609083311],[141.007388715,37.609017959],[141.007477924,37.608969352],[141.007377429,37.608902541],[141.007091828,37.60900961],[141.007127319,37.609058232],[141.007148191,37.609080628],[141.007205659,37.609121497]]]},"properties":{"field_id":"maff-2026-4b47a0e5-62bb-40fa-ad57-bc918e92b27e","source_polygon_id":"4b47a0e5-62bb-40fa-ad57-bc918e92b27e","field_id_method":"source_id","municipality":"南相馬市","area_ha":0.038005,"source_land_type":100,"declaration_source":"synthetic_demo","is_synthetic_declaration":true,"baseline_year":2024,"target_year":2025,"baseline_status":"review_required","status":"review_required","baseline_confidence":0.6793,"confidence":0.79,"reason_codes":["NO_SAR_FLOOD_SIGNAL","NDVI_GROWTH_RISE","NDVI_PEAK_REACHED","NEAR_THRESHOLD","SMALL_FIELD_SEVERE"],"baseline_subtype":"mixed_or_unknown","cultivation_subtype":"mixed_or_unknown","subtype_confidence":null,"subtype_reason_codes":["NO_SAR_FLOOD_SIGNAL","NDVI_GROWTH_RISE","NDVI_PEAK_REACHED"],"change_type":"change_uncertain","change_confidence":0.6793,"change_reason_codes":["YEAR_STATUS_COMPARISON","BOUNDARY_VINTAGE_DIFFERENCE"],"reference_label":null,"evidence_strength":null,"evidence_sources":[],"evidence_dates":[],"review_status":"not_reviewed","polygon_vintage":2026,"valid_s2_count":44,"valid_s1_count":29,"observation_quality":0.9158,"quality_flags":["BOUNDARY_VINTAGE_DIFFERENCE","SMALL_FIELD_SEVERE","SMALL_FIELD_MIXED_PIXEL"],"ndvi_max":0.6315082907676697,"ndvi_amplitude":0.3679767847061158,"ndvi_may":0.3679706454277038,"ndvi_aug":0.5897279381752014,"vh_may_db":-13.053964614868164,"vh_aug_db":-13.666064262390137,"centroid_lat":37.6090054,"centroid_lon":141.0072766,"declaration_match":"match","declared_crop":"unknown","declared_status":"unknown","priority_components":{"declaration":0,"status":23,"change":9,"evidence_uncertainty":2.1,"area":2.4453},"priority_score":36.55,"auto_candidate":true}},{"type":"Feature","geometry":{"type":"Polygon","coordinates":[[[141.008552599,37.616136219],[141.008305812,37.615784656],[141.008025429,37.615924775],[141.008150762,37.616082529],[141.008259858,37.616198068],[141.008177711,37.616263365],[141.008285262,37.616357592],[141.008239577,37.61639376],[141.008286115,37.616438969],[141.008141543,37.616585068],[141.008194189,37.616624955],[141.008164528,37.61665264],[141.008000049,37.616560825],[141.007956004,37.616809197],[141.00797791,37.616829959],[141.008004489,37.616843044],[141.008216747,37.616885749],[141.008678685,37.616435345],[141.008544963,37.616317478],[141.008657704,37.616244836],[141.008698026,37.61623609],[141.008852517,37.616340638],[141.009187816,37.616127507],[141.009096385,37.616051117],[141.008889321,37.615800602],[141.00877006,37.615640215],[141.008699211,37.615588919],[141.008603984,37.615644473],[141.008585853,37.61565505],[141.008828962,37.616014358],[141.008552599,37.616136219]]]},"properties":{"field_id":"maff-2026-4b7e7be8-5483-404b-8ed9-fd0ae3642d05","source_polygon_id":"4b7e7be8-5483-404b-8ed9-fd0ae3642d05","field_id_method":"source_id","municipality":"南相馬市","area_ha":0.572212,"source_land_type":200,"declaration_source":"synthetic_demo","is_synthetic_declaration":true,"baseline_year":2024,"target_year":2025,"baseline_status":"review_required","status":"review_required","baseline_confidence":0.712,"confidence":0.9123,"reason_codes":["NO_SAR_FLOOD_SIGNAL","NDVI_GROWTH_RISE","NDVI_PEAK_REACHED","NEAR_THRESHOLD"],"baseline_subtype":"mixed_or_unknown","cultivation_subtype":"mixed_or_unknown","subtype_confidence":null,"subtype_reason_codes":["NO_SAR_FLOOD_SIGNAL","NDVI_GROWTH_RISE","NDVI_PEAK_REACHED"],"change_type":"change_uncertain","change_confidence":0.712,"change_reason_codes":["YEAR_STATUS_COMPARISON","BOUNDARY_VINTAGE_DIFFERENCE"],"reference_label":null,"evidence_strength":null,"evidence_sources":[],"evidence_dates":[],"review_status":"not_reviewed","polygon_vintage":2026,"valid_s2_count":42,"valid_s1_count":29,"observation_quality":1.0,"quality_flags":["BOUNDARY_VINTAGE_DIFFERENCE"],"ndvi_max":0.5601089000701904,"ndvi_amplitude":0.43874701112508785,"ndvi_may":0.15312151610851285,"ndvi_aug":0.5207139849662781,"vh_may_db":-18.70595932006836,"vh_aug_db":-16.004365921020508,"centroid_lat":37.6162417,"centroid_lon":141.0084998,"declaration_match":"match","declared_crop":"paddy_rice","declared_status":"planned_cultivation","priority_components":{"declaration":0,"status":23,"change":9,"evidence_uncertainty":0.877,"area":7.0073},"priority_score":39.88,"auto_candidate":true}},{"type":"Feature","geometry":{"type":"Polygon","coordinates":[[[141.013778963,37.609447122],[141.013944699,37.609446719],[141.013941831,37.609365124],[141.013746089,37.609364571],[141.013765544,37.609397026],[141.013778963,37.609447122]]]},"properties":{"field_id":"maff-2026-4b819f58-312f-4c8f-8640-afbbcd53e25a","source_polygon_id":"4b819f58-312f-4c8f-8640-afbbcd53e25a","field_id_method":"source_id","municipality":"南相馬市","area_ha":0.01426,"source_land_type":100,"declaration_source":"synthetic_demo","is_synthetic_declaration":true,"baseline_year":2024,"target_year":2025,"baseline_status":"insufficient_observation","status":"insufficient_observation","baseline_confidence":null,"confidence":null,"reason_codes":["INSUFFICIENT_OPTICAL_OBSERVATIONS"],"baseline_subtype":"not_evaluated","cultivation_subtype":"not_evaluated","subtype_confidence":null,"subtype_reason_codes":[],"change_type":"change_uncertain","change_confidence":null,"change_reason_codes":["OBSERVATION_LIMITS_YEAR_COMPARISON"],"reference_label":null,"evidence_strength":null,"evidence_sources":[],"evidence_dates":[],"review_status":"not_reviewed","polygon_vintage":2026,"valid_s2_count":0,"valid_s1_count":0,"observation_quality":0.0,"quality_flags":["BOUNDARY_VINTAGE_DIFFERENCE","SMALL_FIELD_SEVERE","SMALL_FIELD_MIXED_PIXEL","HARVEST_WINDOW_INCOMPLETE"],"ndvi_max":null,"ndvi_amplitude":null,"ndvi_may":null,"ndvi_aug":null,"vh_may_db":null,"vh_aug_db":null,"centroid_lat":37.6094048,"centroid_lon":141.0138541,"declaration_match":"mismatch","declared_crop":"paddy_rice","declared_status":"planned_cultivation","priority_components":{"declaration":40,"status":20,"change":9,"evidence_uncertainty":10.0,"area":1.0219},"priority_score":80.02,"auto_candidate":true}},{"type":"Feature","geometry":{"type":"Polygon","coordinates":[[[141.017694707,37.614196724],[141.018119441,37.613618515],[141.018415684,37.613283011],[141.018322885,37.613026029],[141.018269347,37.613022461],[141.017227143,37.613529285],[141.017205728,37.613582824],[141.017694707,37.614196724]]]},"properties":{"field_id":"maff-2026-4b822a65-4c3e-48b7-9771-bd7b1e8f09b4","source_polygon_id":"4b822a65-4c3e-48b7-9771-bd7b1e8f09b4","field_id_method":"source_id","municipality":"南相馬市","area_ha":0.62573,"source_land_type":100,"declaration_source":"synthetic_demo","is_synthetic_declaration":true,"baseline_year":2024,"target_year":2025,"baseline_status":"cultivation_signal","status":"review_required","baseline_confidence":0.9765,"confidence":0.8504,"reason_codes":["NO_SAR_FLOOD_SIGNAL","NDVI_GROWTH_RISE","NDVI_PEAK_REACHED","NDVI_HARVEST_DROP","NEAR_THRESHOLD"],"baseline_subtype":"upland_crop_signal","cultivation_subtype":"mixed_or_unknown","subtype_confidence":null,"subtype_reason_codes":["NO_SAR_FLOOD_SIGNAL","NDVI_GROWTH_RISE","NDVI_PEAK_REACHED"],"change_type":"change_uncertain","change_confidence":0.8504,"change_reason_codes":["YEAR_STATUS_COMPARISON","BOUNDARY_VINTAGE_DIFFERENCE"],"reference_label":null,"evidence_strength":null,"evidence_sources":[],"evidence_dates":[],"review_status":"not_reviewed","polygon_vintage":2026,"valid_s2_count":43,"valid_s1_count":29,"observation_quality":1.0,"quality_flags":["BOUNDARY_VINTAGE_DIFFERENCE"],"ndvi_max":0.5245035290718079,"ndvi_amplitude":0.5560087785124779,"ndvi_may":0.039516406599432154,"ndvi_aug":0.5030815005302429,"vh_may_db":-19.86801528930664,"vh_aug_db":-14.29944896697998,"centroid_lat":37.6135603,"centroid_lon":141.0178177,"declaration_match":"match","declared_crop":"unknown","declared_status":"unknown","priority_components":{"declaration":0,"status":23,"change":9,"evidence_uncertainty":1.496,"area":7.1898},"priority_score":40.69,"auto_candidate":true}},{"type":"Feature","geometry":{"type":"Polygon","coordinates":[[[141.014809333,37.612359781],[141.015753741,37.61190221],[141.015262977,37.611301397],[141.015126159,37.611256781],[141.014605651,37.611387652],[141.014070273,37.611447138],[141.014809333,37.612359781]]]},"properties":{"field_id":"maff-2026-4bc4caa0-3ffe-494d-bae1-b2174f4832e1","source_polygon_id":"4bc4caa0-3ffe-494d-bae1-b2174f4832e1","field_id_method":"source_id","municipality":"南相馬市","area_ha":0.990072,"source_land_type":100,"declaration_source":"synthetic_demo","is_synthetic_declaration":true,"baseline_year":2024,"target_year":2025,"baseline_status":"review_required","status":"cultivation_signal","baseline_confidence":0.8974,"confidence":0.9812,"reason_codes":["NO_SAR_FLOOD_SIGNAL","NDVI_GROWTH_RISE","NDVI_PEAK_REACHED","NDVI_HARVEST_DROP"],"baseline_subtype":"mixed_or_unknown","cultivation_subtype":"upland_crop_signal","subtype_confidence":0.9812,"subtype_reason_codes":["NO_SAR_FLOOD_SIGNAL","NDVI_GROWTH_RISE","NDVI_PEAK_REACHED"],"change_type":"change_uncertain","change_confidence":0.8974,"change_reason_codes":["YEAR_STATUS_COMPARISON","BOUNDARY_VINTAGE_DIFFERENCE"],"reference_label":null,"evidence_strength":null,"evidence_sources":[],"evidence_dates":[],"review_status":"not_reviewed","polygon_vintage":2026,"valid_s2_count":41,"valid_s1_count":29,"observation_quality":0.9964,"quality_flags":["BOUNDARY_VINTAGE_DIFFERENCE"],"ndvi_max":0.6059572100639343,"ndvi_amplitude":0.5806634984910488,"ndvi_may":0.10188962891697881,"ndvi_aug":0.5858263373374939,"vh_may_db":-21.46511459350586,"vh_aug_db":-14.023471355438232,"centroid_lat":37.6117554,"centroid_lon":141.01494,"declaration_match":"match","declared_crop":"other_crop","declared_status":"planned_fallow","priority_components":{"declaration":0,"status":0,"change":9,"evidence_uncertainty":0,"area":9.3431},"priority_score":18.34,"auto_candidate":true}},{"type":"Feature","geometry":{"type":"Polygon","coordinates":[[[141.012324197,37.615711236],[141.012406378,37.615667091],[141.012336291,37.615577377],[141.012258904,37.615625241],[141.012324197,37.615711236]]]},"properties":{"field_id":"maff-2026-4c34b531-c4c3-4b88-9327-69cc9c167de3","source_polygon_id":"4c34b531-c4c3-4b88-9327-69cc9c167de3","field_id_method":"source_id","municipality":"南相馬市","area_ha":0.009912,"source_land_type":200,"declaration_source":"synthetic_demo","is_synthetic_declaration":true,"baseline_year":2024,"target_year":2025,"baseline_status":"insufficient_observation","status":"insufficient_observation","baseline_confidence":null,"confidence":null,"reason_codes":["INSUFFICIENT_OPTICAL_OBSERVATIONS"],"baseline_subtype":"not_evaluated","cultivation_subtype":"not_evaluated","subtype_confidence":null,"subtype_reason_codes":[],"change_type":"change_uncertain","change_confidence":null,"change_reason_codes":["OBSERVATION_LIMITS_YEAR_COMPARISON"],"reference_label":null,"evidence_strength":null,"evidence_sources":[],"evidence_dates":[],"review_status":"not_reviewed","polygon_vintage":2026,"valid_s2_count":0,"valid_s1_count":0,"observation_quality":0.0,"quality_flags":["BOUNDARY_VINTAGE_DIFFERENCE","SMALL_FIELD_SEVERE","SMALL_FIELD_MIXED_PIXEL","HARVEST_WINDOW_INCOMPLETE"],"ndvi_max":null,"ndvi_amplitude":null,"ndvi_may":null,"ndvi_aug":null,"vh_may_db":null,"vh_aug_db":null,"centroid_lat":37.6156452,"centroid_lon":141.0123319,"declaration_match":"mismatch","declared_crop":"paddy_rice","declared_status":"planned_cultivation","priority_components":{"declaration":40,"status":20,"change":9,"evidence_uncertainty":10.0,"area":0.5109},"priority_score":79.51,"auto_candidate":true}},{"type":"Feature","geometry":{"type":"Polygon","coordinates":[[[141.013884842,37.616391992],[141.014067164,37.616626959],[141.01418223,37.616595164],[141.014626814,37.616362279],[141.014402468,37.616135946],[141.013884842,37.616391992]]]},"properties":{"field_id":"maff-2026-4d3335dc-14bf-4d6b-86cc-666b16a2de3e","source_polygon_id":"4d3335dc-14bf-4d6b-86cc-666b16a2de3e","field_id_method":"source_id","municipality":"南相馬市","area_ha":0.179676,"source_land_type":100,"declaration_source":"synthetic_demo","is_synthetic_declaration":true,"baseline_year":2024,"target_year":2025,"baseline_status":"fallow_candidate","status":"review_required","baseline_confidence":0.9784,"confidence":0.7345,"reason_codes":["SIGNAL_CONFLICT","NEAR_THRESHOLD"],"baseline_subtype":"mixed_or_unknown","cultivation_subtype":"mixed_or_unknown","subtype_confidence":null,"subtype_reason_codes":[],"change_type":"change_uncertain","change_confidence":0.7345,"change_reason_codes":["YEAR_STATUS_COMPARISON","BOUNDARY_VINTAGE_DIFFERENCE"],"reference_label":null,"evidence_strength":null,"evidence_sources":[],"evidence_dates":[],"review_status":"not_reviewed","polygon_vintage":2026,"valid_s2_count":43,"valid_s1_count":29,"observation_quality":0.9907,"quality_flags":["BOUNDARY_VINTAGE_DIFFERENCE"],"ndvi_max":0.5963995456695557,"ndvi_amplitude":0.3498220741748811,"ndvi_may":0.45627810060977936,"ndvi_aug":0.5498471856117249,"vh_may_db":-17.60498809814453,"vh_aug_db":-14.80858850479126,"centroid_lat":37.6163849,"centroid_lon":141.0142495,"declaration_match":"mismatch","declared_crop":"paddy_rice","declared_status":"planned_cultivation","priority_components":{"declaration":40,"status":23,"change":9,"evidence_uncertainty":2.655,"area":5.1825},"priority_score":79.84,"auto_candidate":true}},{"type":"Feature","geometry":{"type":"Polygon","coordinates":[[[141.011536652,37.617399799],[141.011782212,37.617266549],[141.011991605,37.617119974],[141.011515712,37.61656794],[141.011481448,37.61656794],[141.011091217,37.616771622],[141.011081699,37.61683313],[141.011536652,37.617399799]]]},"properties":{"field_id":"maff-2026-4eceb1ee-4b9d-4e05-ac28-c0efa9e03ea2","source_polygon_id":"4eceb1ee-4b9d-4e05-ac28-c0efa9e03ea2","field_id_method":"source_id","municipality":"南相馬市","area_ha":0.386821,"source_land_type":100,"declaration_source":"synthetic_demo","is_synthetic_declaration":true,"baseline_year":2024,"target_year":2025,"baseline_status":"cultivation_signal","status":"review_required","baseline_confidence":0.9927,"confidence":0.9363,"reason_codes":["NO_SAR_FLOOD_SIGNAL","NDVI_GROWTH_RISE","NDVI_PEAK_REACHED","NDVI_HARVEST_DROP","NEAR_THRESHOLD"],"baseline_subtype":"upland_crop_signal","cultivation_subtype":"mixed_or_unknown","subtype_confidence":null,"subtype_reason_codes":["NO_SAR_FLOOD_SIGNAL","NDVI_GROWTH_RISE","NDVI_PEAK_REACHED"],"change_type":"change_uncertain","change_confidence":0.9363,"change_reason_codes":["YEAR_STATUS_COMPARISON","BOUNDARY_VINTAGE_DIFFERENCE"],"reference_label":null,"evidence_strength":null,"evidence_sources":[],"evidence_dates":[],"review_status":"not_reviewed","polygon_vintage":2026,"valid_s2_count":40,"valid_s1_count":29,"observation_quality":1.0,"quality_flags":["BOUNDARY_VINTAGE_DIFFERENCE"],"ndvi_max":0.5588563680648804,"ndvi_amplitude":0.4710422605276109,"ndvi_may":0.1113879382610321,"ndvi_aug":0.5247710943222046,"vh_may_db":-19.897127151489254,"vh_aug_db":-14.690574645996094,"centroid_lat":37.6169745,"centroid_lon":141.0115249,"declaration_match":"not_comparable","declared_crop":"unknown","declared_status":"unknown","priority_components":{"declaration":20,"status":23,"change":9,"evidence_uncertainty":0.637,"area":6.0949},"priority_score":58.73,"auto_candidate":true}},{"type":"Feature","geometry":{"type":"Polygon","coordinates":[[[141.010048977,37.614635477],[141.010079903,37.614644587],[141.010329467,37.614553566],[141.010187318,37.614398643],[141.009970871,37.614487449],[141.010004995,37.614549269],[141.010048977,37.614635477]]]},"properties":{"field_id":"maff-2026-4f00684e-d6a0-452a-a75b-7c9ad4014563","source_polygon_id":"4f00684e-d6a0-452a-a75b-7c9ad4014563","field_id_method":"source_id","municipality":"南相馬市","area_ha":0.048438,"source_land_type":200,"declaration_source":"synthetic_demo","is_synthetic_declaration":true,"baseline_year":2024,"target_year":2025,"baseline_status":"review_required","status":"review_required","baseline_confidence":0.79,"confidence":0.79,"reason_codes":["NO_SAR_FLOOD_SIGNAL","NDVI_PEAK_LOW","NDVI_AMPLITUDE_LOW","SMALL_FIELD_SEVERE"],"baseline_subtype":"mixed_or_unknown","cultivation_subtype":"mixed_or_unknown","subtype_confidence":null,"subtype_reason_codes":["NO_SAR_FLOOD_SIGNAL"],"change_type":"change_uncertain","change_confidence":0.79,"change_reason_codes":["YEAR_STATUS_COMPARISON","BOUNDARY_VINTAGE_DIFFERENCE"],"reference_label":null,"evidence_strength":null,"evidence_sources":[],"evidence_dates":[],"review_status":"not_reviewed","polygon_vintage":2026,"valid_s2_count":42,"valid_s1_count":29,"observation_quality":0.9303,"quality_flags":["BOUNDARY_VINTAGE_DIFFERENCE","SMALL_FIELD_SEVERE","SMALL_FIELD_MIXED_PIXEL"],"ndvi_max":0.2389718890190124,"ndvi_amplitude":0.1165059804916382,"ndvi_may":0.146543949842453,"ndvi_aug":0.1751095354557037,"vh_may_db":-17.66421127319336,"vh_aug_db":-17.43949604034424,"centroid_lat":37.6145247,"centroid_lon":141.0101401,"declaration_match":"match","declared_crop":"unknown","declared_status":"unknown","priority_components":{"declaration":0,"status":23,"change":9,"evidence_uncertainty":2.1,"area":3.1022},"priority_score":37.2,"auto_candidate":true}},{"type":"Feature","geometry":{"type":"Polygon","coordinates":[[[141.006124531,37.617885533],[141.006191725,37.617959026],[141.006297612,37.618022863],[141.006335627,37.617969955],[141.006404277,37.617888932],[141.006441758,37.617802039],[141.006433262,37.617755773],[141.006322326,37.617617826],[141.00619901,37.617433651],[141.006156674,37.617458791],[141.006109774,37.617440718],[141.006132545,37.617406501],[141.00607783,37.617385415],[141.005978641,37.617500731],[141.005902028,37.617569473],[141.005930235,37.617634083],[141.005930721,37.617664978],[141.005962278,37.617695565],[141.006044521,37.617738007],[141.006102976,37.617749787],[141.006099771,37.617793078],[141.006084721,37.617824128],[141.006124531,37.617885533]]]},"properties":{"field_id":"maff-2026-514049b5-be11-4430-abb0-1b60c60646e9","source_polygon_id":"514049b5-be11-4430-abb0-1b60c60646e9","field_id_method":"source_id","municipality":"南相馬市","area_ha":0.172584,"source_land_type":200,"declaration_source":"synthetic_demo","is_synthetic_declaration":true,"baseline_year":2024,"target_year":2025,"baseline_status":"review_required","status":"fallow_candidate","baseline_confidence":0.9152,"confidence":0.9507,"reason_codes":["NO_SAR_FLOOD_SIGNAL","NDVI_PEAK_LOW","NDVI_AMPLITUDE_LOW"],"baseline_subtype":"mixed_or_unknown","cultivation_subtype":"mixed_or_unknown","subtype_confidence":null,"subtype_reason_codes":["NO_SAR_FLOOD_SIGNAL"],"change_type":"change_uncertain","change_confidence":0.9152,"change_reason_codes":["YEAR_STATUS_COMPARISON","BOUNDARY_VINTAGE_DIFFERENCE"],"reference_label":null,"evidence_strength":null,"evidence_sources":[],"evidence_dates":[],"review_status":"not_reviewed","polygon_vintage":2026,"valid_s2_count":42,"valid_s1_count":29,"observation_quality":1.0,"quality_flags":["BOUNDARY_VINTAGE_DIFFERENCE"],"ndvi_max":0.3870657086372375,"ndvi_amplitude":0.256803035736084,"ndvi_may":0.1785701364278793,"ndvi_aug":0.3180084228515625,"vh_may_db":-15.403878211975098,"vh_aug_db":-14.863507747650146,"centroid_lat":37.617698,"centroid_lon":141.0061852,"declaration_match":"match","declared_crop":"paddy_rice","declared_status":"planned_cultivation","priority_components":{"declaration":0,"status":25,"change":9,"evidence_uncertainty":9.507,"area":5.0365},"priority_score":48.54,"auto_candidate":true}},{"type":"Feature","geometry":{"type":"Polygon","coordinates":[[[141.009139536,37.615280774],[141.009524878,37.615098433],[141.009506858,37.614639458],[141.009228156,37.614297512],[141.009146442,37.614246833],[141.008497297,37.61457627],[141.008481499,37.614600743],[141.008991526,37.615245059],[141.009063508,37.615248633],[141.009139536,37.615280774]]]},"properties":{"field_id":"maff-2026-53c6935a-3b0a-4f36-8b53-d9be6d1bfdfb","source_polygon_id":"53c6935a-3b0a-4f36-8b53-d9be6d1bfdfb","field_id_method":"source_id","municipality":"南相馬市","area_ha":0.656113,"source_land_type":100,"declaration_source":"synthetic_demo","is_synthetic_declaration":true,"baseline_year":2024,"target_year":2025,"baseline_status":"cultivation_signal","status":"review_required","baseline_confidence":0.9958,"confidence":0.9304,"reason_codes":["NO_SAR_FLOOD_SIGNAL","NDVI_GROWTH_RISE","NDVI_PEAK_REACHED","NDVI_HARVEST_DROP","NEAR_THRESHOLD"],"baseline_subtype":"upland_crop_signal","cultivation_subtype":"mixed_or_unknown","subtype_confidence":null,"subtype_reason_codes":["NO_SAR_FLOOD_SIGNAL","NDVI_GROWTH_RISE","NDVI_PEAK_REACHED"],"change_type":"change_uncertain","change_confidence":0.9304,"change_reason_codes":["YEAR_STATUS_COMPARISON","BOUNDARY_VINTAGE_DIFFERENCE"],"reference_label":null,"evidence_strength":null,"evidence_sources":[],"evidence_dates":[],"review_status":"not_reviewed","polygon_vintage":2026,"valid_s2_count":39,"valid_s1_count":29,"observation_quality":0.9861,"quality_flags":["BOUNDARY_VINTAGE_DIFFERENCE"],"ndvi_max":0.5695752501487732,"ndvi_amplitude":0.5579882171005011,"ndvi_may":0.0122938528656959,"ndvi_aug":0.5476585626602173,"vh_may_db":-21.15799903869629,"vh_aug_db":-14.358273983001709,"centroid_lat":37.6147662,"centroid_lon":141.0090801,"declaration_match":"mismatch","declared_crop":"upland_crop","declared_status":"planned_cultivation","priority_components":{"declaration":40,"status":23,"change":9,"evidence_uncertainty":0.696,"area":7.4453},"priority_score":80.14,"auto_candidate":true}},{"type":"Feature","geometry":{"type":"Polygon","coordinates":[[[141.012317463,37.615134911],[141.012355315,37.615132649],[141.012510294,37.615050104],[141.012411381,37.614934307],[141.012358581,37.614889628],[141.012182413,37.614979919],[141.012175607,37.614998823],[141.012228735,37.615064219],[141.012291272,37.615125755],[141.012317463,37.615134911]]]},"properties":{"field_id":"maff-2026-54769f23-ad05-49f9-94c3-207a269233be","source_polygon_id":"54769f23-ad05-49f9-94c3-207a269233be","field_id_method":"source_id","municipality":"南相馬市","area_ha":0.04625,"source_land_type":200,"declaration_source":"synthetic_demo","is_synthetic_declaration":true,"baseline_year":2024,"target_year":2025,"baseline_status":"review_required","status":"review_required","baseline_confidence":0.79,"confidence":0.79,"reason_codes":["NO_SAR_FLOOD_SIGNAL","NDVI_PEAK_LOW","NDVI_AMPLITUDE_LOW","SMALL_FIELD_SEVERE"],"baseline_subtype":"mixed_or_unknown","cultivation_subtype":"mixed_or_unknown","subtype_confidence":null,"subtype_reason_codes":["NO_SAR_FLOOD_SIGNAL"],"change_type":"change_uncertain","change_confidence":0.79,"change_reason_codes":["YEAR_STATUS_COMPARISON","BOUNDARY_VINTAGE_DIFFERENCE"],"reference_label":null,"evidence_strength":null,"evidence_sources":[],"evidence_dates":[],"review_status":"not_reviewed","polygon_vintage":2026,"valid_s2_count":42,"valid_s1_count":29,"observation_quality":0.9459,"quality_flags":["BOUNDARY_VINTAGE_DIFFERENCE","SMALL_FIELD_SEVERE","SMALL_FIELD_MIXED_PIXEL"],"ndvi_max":0.2989837527275085,"ndvi_amplitude":0.1697377413511276,"ndvi_may":0.19363782554864878,"ndvi_aug":0.2078214585781097,"vh_may_db":-15.883705139160156,"vh_aug_db":-17.051311492919922,"centroid_lat":37.6150186,"centroid_lon":141.0123391,"declaration_match":"match","declared_crop":"unknown","declared_status":"unknown","priority_components":{"declaration":0,"status":23,"change":9,"evidence_uncertainty":2.1,"area":3.0292},"priority_score":37.13,"auto_candidate":true}},{"type":"Feature","geometry":{"type":"Polygon","coordinates":[[[141.012860416,37.614641408],[141.013001545,37.614581604],[141.012752453,37.614252575],[141.01258819,37.614047017],[141.012464948,37.613890023],[141.012380204,37.61377173],[141.012347058,37.613772061],[141.012241294,37.613822093],[141.012321355,37.613943729],[141.012415651,37.614067106],[141.012476237,37.614155032],[141.012715381,37.614454023],[141.012860416,37.614641408]]]},"properties":{"field_id":"maff-2026-557bb0aa-f6fd-4a05-856c-f3c6a5b659fe","source_polygon_id":"557bb0aa-f6fd-4a05-856c-f3c6a5b659fe","field_id_method":"source_id","municipality":"南相馬市","area_ha":0.15193,"source_land_type":100,"declaration_source":"synthetic_demo","is_synthetic_declaration":true,"baseline_year":2024,"target_year":2025,"baseline_status":"review_required","status":"cultivation_signal","baseline_confidence":0.8213,"confidence":0.9137,"reason_codes":["NO_SAR_FLOOD_SIGNAL","NDVI_GROWTH_RISE","NDVI_PEAK_REACHED","NDVI_HARVEST_DROP"],"baseline_subtype":"mixed_or_unknown","cultivation_subtype":"upland_crop_signal","subtype_confidence":0.9137,"subtype_reason_codes":["NO_SAR_FLOOD_SIGNAL","NDVI_GROWTH_RISE","NDVI_PEAK_REACHED"],"change_type":"change_uncertain","change_confidence":0.8213,"change_reason_codes":["YEAR_STATUS_COMPARISON","BOUNDARY_VINTAGE_DIFFERENCE"],"reference_label":null,"evidence_strength":null,"evidence_sources":[],"evidence_dates":[],"review_status":"not_reviewed","polygon_vintage":2026,"valid_s2_count":40,"valid_s1_count":29,"observation_quality":0.982,"quality_flags":["BOUNDARY_VINTAGE_DIFFERENCE"],"ndvi_max":0.594927191734314,"ndvi_amplitude":0.5125778391957284,"ndvi_may":0.1224958971142768,"ndvi_aug":0.5616259574890137,"vh_may_db":-20.72749328613281,"vh_aug_db":-16.266286849975586,"centroid_lat":37.6142061,"centroid_lon":141.0126179,"declaration_match":"mismatch","declared_crop":"upland_crop","declared_status":"planned_cultivation","priority_components":{"declaration":40,"status":0,"change":9,"evidence_uncertainty":0,"area":4.927},"priority_score":53.93,"auto_candidate":true}},{"type":"Feature","geometry":{"type":"Polygon","coordinates":[[[141.010920089,37.610296153],[141.010964951,37.610288171],[141.010968972,37.610242924],[141.010974827,37.610163752],[141.010965031,37.610143131],[141.010910046,37.610109774],[141.010847255,37.610181979],[141.010886351,37.610258818],[141.010920089,37.610296153]]]},"properties":{"field_id":"maff-2026-57c3e92b-8bbe-4e9f-add8-52b3c321b221","source_polygon_id":"57c3e92b-8bbe-4e9f-add8-52b3c321b221","field_id_method":"source_id","municipality":"南相馬市","area_ha":0.015401,"source_land_type":200,"declaration_source":"synthetic_demo","is_synthetic_declaration":true,"baseline_year":2024,"target_year":2025,"baseline_status":"insufficient_observation","status":"insufficient_observation","baseline_confidence":null,"confidence":null,"reason_codes":["INSUFFICIENT_OPTICAL_OBSERVATIONS"],"baseline_subtype":"not_evaluated","cultivation_subtype":"not_evaluated","subtype_confidence":null,"subtype_reason_codes":[],"change_type":"change_uncertain","change_confidence":null,"change_reason_codes":["OBSERVATION_LIMITS_YEAR_COMPARISON"],"reference_label":null,"evidence_strength":null,"evidence_sources":[],"evidence_dates":[],"review_status":"not_reviewed","polygon_vintage":2026,"valid_s2_count":0,"valid_s1_count":0,"observation_quality":0.0,"quality_flags":["BOUNDARY_VINTAGE_DIFFERENCE","SMALL_FIELD_SEVERE","SMALL_FIELD_MIXED_PIXEL","HARVEST_WINDOW_INCOMPLETE"],"ndvi_max":null,"ndvi_amplitude":null,"ndvi_may":null,"ndvi_aug":null,"vh_may_db":null,"vh_aug_db":null,"centroid_lat":37.6102035,"centroid_lon":141.01092,"declaration_match":"not_comparable","declared_crop":"unknown","declared_status":"unknown","priority_components":{"declaration":20,"status":20,"change":9,"evidence_uncertainty":10.0,"area":1.2044},"priority_score":60.2,"auto_candidate":true}},{"type":"Feature","geometry":{"type":"Polygon","coordinates":[[[141.012906707,37.6187571],[141.013275523,37.618616712],[141.013063751,37.617881459],[141.0125,37.618074195],[141.012226181,37.618202686],[141.012654484,37.618523913],[141.012906707,37.6187571]]]},"properties":{"field_id":"maff-2026-588f699e-5d5a-440b-b806-85dbbe7e0c6c","source_polygon_id":"588f699e-5d5a-440b-b806-85dbbe7e0c6c","field_id_method":"source_id","municipality":"南相馬市","area_ha":0.482044,"source_land_type":100,"declaration_source":"synthetic_demo","is_synthetic_declaration":true,"baseline_year":2024,"target_year":2025,"baseline_status":"review_required","status":"review_required","baseline_confidence":0.7775,"confidence":0.6406,"reason_codes":["SIGNAL_CONFLICT","NEAR_THRESHOLD"],"baseline_subtype":"mixed_or_unknown","cultivation_subtype":"mixed_or_unknown","subtype_confidence":null,"subtype_reason_codes":[],"change_type":"change_uncertain","change_confidence":0.6406,"change_reason_codes":["YEAR_STATUS_COMPARISON","BOUNDARY_VINTAGE_DIFFERENCE"],"reference_label":null,"evidence_strength":null,"evidence_sources":[],"evidence_dates":[],"review_status":"not_reviewed","polygon_vintage":2026,"valid_s2_count":43,"valid_s1_count":29,"observation_quality":0.979,"quality_flags":["BOUNDARY_VINTAGE_DIFFERENCE"],"ndvi_max":0.6691222190856934,"ndvi_amplitude":0.606857281178236,"ndvi_may":0.1812992393970489,"ndvi_aug":0.0863618627190589,"vh_may_db":-17.076126098632812,"vh_aug_db":-17.864737510681152,"centroid_lat":37.6183139,"centroid_lon":141.012839,"declaration_match":"match","declared_crop":"other_crop","declared_status":"planned_fallow","priority_components":{"declaration":0,"status":23,"change":9,"evidence_uncertainty":3.594,"area":6.5693},"priority_score":42.16,"auto_candidate":true}},{"type":"Feature","geometry":{"type":"Polygon","coordinates":[[[141.008273999,37.609923653],[141.008362452,37.609977399],[141.008398822,37.610031662],[141.00846159,37.610108265],[141.008492929,37.610143743],[141.008578837,37.61018621],[141.008631186,37.610202642],[141.008685963,37.610222816],[141.00870721,37.610218838],[141.008743577,37.61012241],[141.008512013,37.61000228],[141.008299389,37.609881961],[141.008273999,37.609923653]]]},"properties":{"field_id":"maff-2026-59067e54-396a-46d5-b1cc-6d2ec2240240","source_polygon_id":"59067e54-396a-46d5-b1cc-6d2ec2240240","field_id_method":"source_id","municipality":"南相馬市","area_ha":0.050298,"source_land_type":100,"declaration_source":"synthetic_demo","is_synthetic_declaration":true,"baseline_year":2024,"target_year":2025,"baseline_status":"fallow_candidate","status":"review_required","baseline_confidence":0.79,"confidence":0.7883,"reason_codes":["NO_SAR_FLOOD_SIGNAL","NDVI_GROWTH_RISE","NDVI_PEAK_REACHED","NEAR_THRESHOLD"],"baseline_subtype":"mixed_or_unknown","cultivation_subtype":"mixed_or_unknown","subtype_confidence":null,"subtype_reason_codes":["NO_SAR_FLOOD_SIGNAL","NDVI_GROWTH_RISE","NDVI_PEAK_REACHED"],"change_type":"change_uncertain","change_confidence":0.7883,"change_reason_codes":["YEAR_STATUS_COMPARISON","BOUNDARY_VINTAGE_DIFFERENCE"],"reference_label":null,"evidence_strength":null,"evidence_sources":[],"evidence_dates":[],"review_status":"not_reviewed","polygon_vintage":2026,"valid_s2_count":41,"valid_s1_count":29,"observation_quality":0.9976,"quality_flags":["BOUNDARY_VINTAGE_DIFFERENCE","SMALL_FIELD_WARNING","SMALL_FIELD_MIXED_PIXEL"],"ndvi_max":0.5401000380516052,"ndvi_amplitude":0.3392186611890793,"ndvi_may":0.25477887690067286,"ndvi_aug":0.5,"vh_may_db":-17.230138778686523,"vh_aug_db":-15.118607997894287,"centroid_lat":37.6100743,"centroid_lon":141.0085331,"declaration_match":"mismatch","declared_crop":"paddy_rice","declared_status":"planned_cultivation","priority_components":{"declaration":40,"status":23,"change":9,"evidence_uncertainty":2.117,"area":3.2117},"priority_score":77.33,"auto_candidate":true}},{"type":"Feature","geometry":{"type":"Polygon","coordinates":[[[141.018110922,37.614342752],[141.019410703,37.614527161],[141.019449369,37.614500391],[141.019449369,37.613911475],[141.019473164,37.613643785],[141.019256038,37.613542658],[141.019140039,37.613545632],[141.018815838,37.613483172],[141.018780145,37.613483172],[141.018110922,37.614342752]]]},"properties":{"field_id":"maff-2026-59556d06-8597-473d-b5b2-a2adc307e017","source_polygon_id":"59556d06-8597-473d-b5b2-a2adc307e017","field_id_method":"source_id","municipality":"南相馬市","area_ha":0.935332,"source_land_type":100,"declaration_source":"synthetic_demo","is_synthetic_declaration":true,"baseline_year":2024,"target_year":2025,"baseline_status":"insufficient_observation","status":"review_required","baseline_confidence":null,"confidence":0.84,"reason_codes":["NO_SAR_FLOOD_SIGNAL","NDVI_GROWTH_RISE","NDVI_PEAK_REACHED","NDVI_HARVEST_DROP","NEAR_THRESHOLD"],"baseline_subtype":"not_evaluated","cultivation_subtype":"mixed_or_unknown","subtype_confidence":null,"subtype_reason_codes":["NO_SAR_FLOOD_SIGNAL","NDVI_GROWTH_RISE","NDVI_PEAK_REACHED"],"change_type":"change_uncertain","change_confidence":null,"change_reason_codes":["OBSERVATION_LIMITS_YEAR_COMPARISON"],"reference_label":null,"evidence_strength":null,"evidence_sources":[],"evidence_dates":[],"review_status":"not_reviewed","polygon_vintage":2026,"valid_s2_count":38,"valid_s1_count":29,"observation_quality":0.9903,"quality_flags":["BOUNDARY_VINTAGE_DIFFERENCE"],"ndvi_max":0.5470085740089417,"ndvi_amplitude":0.5129843279719354,"ndvi_may":0.0937336795032024,"ndvi_aug":0.5205154418945312,"vh_may_db":-21.428321838378903,"vh_aug_db":-14.660219192504883,"centroid_lat":37.6140359,"centroid_lon":141.0189279,"declaration_match":"unavailable","declared_crop":"not_declared","declared_status":"not_submitted","priority_components":{"declaration":0,"status":23,"change":9,"evidence_uncertainty":1.6,"area":9.1606},"priority_score":42.76,"auto_candidate":true}},{"type":"Feature","geometry":{"type":"Polygon","coordinates":[[[141.017786316,37.613160826],[141.018277437,37.612917645],[141.018290762,37.612881478],[141.018146091,37.6123599],[141.018121344,37.612321828],[141.017772991,37.612131471],[141.017198114,37.612409392],[141.017786316,37.613160826]]]},"properties":{"field_id":"maff-2026-599eb86f-1022-41ff-95b5-10264a491b20","source_polygon_id":"599eb86f-1022-41ff-95b5-10264a491b20","field_id_method":"source_id","municipality":"南相馬市","area_ha":0.637957,"source_land_type":100,"declaration_source":"synthetic_demo","is_synthetic_declaration":true,"baseline_year":2024,"target_year":2025,"baseline_status":"review_required","status":"review_required","baseline_confidence":0.8399,"confidence":0.8319,"reason_codes":["NO_SAR_FLOOD_SIGNAL","NDVI_GROWTH_RISE","NDVI_PEAK_REACHED","NDVI_HARVEST_DROP","NEAR_THRESHOLD"],"baseline_subtype":"mixed_or_unknown","cultivation_subtype":"mixed_or_unknown","subtype_confidence":null,"subtype_reason_codes":["NO_SAR_FLOOD_SIGNAL","NDVI_GROWTH_RISE","NDVI_PEAK_REACHED"],"change_type":"change_uncertain","change_confidence":0.8319,"change_reason_codes":["YEAR_STATUS_COMPARISON","BOUNDARY_VINTAGE_DIFFERENCE"],"reference_label":null,"evidence_strength":null,"evidence_sources":[],"evidence_dates":[],"review_status":"not_reviewed","polygon_vintage":2026,"valid_s2_count":40,"valid_s1_count":29,"observation_quality":0.9918,"quality_flags":["BOUNDARY_VINTAGE_DIFFERENCE"],"ndvi_max":0.5747531652450562,"ndvi_amplitude":0.5503602195531131,"ndvi_may":0.11563551425933835,"ndvi_aug":0.5455838441848755,"vh_may_db":-21.183650970458984,"vh_aug_db":-15.235326290130613,"centroid_lat":37.6126195,"centroid_lon":141.0178007,"declaration_match":"mismatch","declared_crop":"paddy_rice","declared_status":"planned_cultivation","priority_components":{"declaration":40,"status":23,"change":9,"evidence_uncertainty":1.681,"area":7.2628},"priority_score":80.94,"auto_candidate":true}},{"type":"Feature","geometry":{"type":"Polygon","coordinates":[[[141.009098333,37.612509307],[141.009134089,37.612491431],[141.009488603,37.612373225],[141.009681774,37.612307591],[141.010180157,37.612044605],[141.010185485,37.612001549],[141.009799546,37.611522812],[141.008863757,37.611979685],[141.008884576,37.612030443],[141.008830804,37.612048499],[141.008968284,37.612260551],[141.008968635,37.612282844],[141.009098333,37.612509307]]]},"properties":{"field_id":"maff-2026-5a89c7dd-963c-4837-86a1-25a5c11e8ace","source_polygon_id":"5a89c7dd-963c-4837-86a1-25a5c11e8ace","field_id_method":"source_id","municipality":"南相馬市","area_ha":0.705061,"source_land_type":100,"declaration_source":"synthetic_demo","is_synthetic_declaration":true,"baseline_year":2024,"target_year":2025,"baseline_status":"cultivation_signal","status":"review_required","baseline_confidence":0.9627,"confidence":0.9054,"reason_codes":["NO_SAR_FLOOD_SIGNAL","NDVI_GROWTH_RISE","NDVI_PEAK_REACHED","NDVI_HARVEST_DROP","NEAR_THRESHOLD"],"baseline_subtype":"upland_crop_signal","cultivation_subtype":"mixed_or_unknown","subtype_confidence":null,"subtype_reason_codes":["NO_SAR_FLOOD_SIGNAL","NDVI_GROWTH_RISE","NDVI_PEAK_REACHED"],"change_type":"change_uncertain","change_confidence":0.9054,"change_reason_codes":["YEAR_STATUS_COMPARISON","BOUNDARY_VINTAGE_DIFFERENCE"],"reference_label":null,"evidence_strength":null,"evidence_sources":[],"evidence_dates":[],"review_status":"not_reviewed","polygon_vintage":2026,"valid_s2_count":42,"valid_s1_count":29,"observation_quality":0.9967,"quality_flags":["BOUNDARY_VINTAGE_DIFFERENCE"],"ndvi_max":0.5672318935394287,"ndvi_amplitude":0.49150876700878154,"ndvi_may":0.0985620729625225,"ndvi_aug":0.5441278219223022,"vh_may_db":-19.81799697875977,"vh_aug_db":-15.212077617645264,"centroid_lat":37.6120262,"centroid_lon":141.0094992,"declaration_match":"match","declared_crop":"paddy_rice","declared_status":"planned_cultivation","priority_components":{"declaration":0,"status":23,"change":9,"evidence_uncertainty":0.946,"area":7.7372},"priority_score":40.68,"auto_candidate":true}},{"type":"Feature","geometry":{"type":"Polygon","coordinates":[[[141.012529472,37.611406856],[141.012445715,37.611296211],[141.01118936,37.610782248],[141.010725365,37.610800093],[141.011596723,37.611858954],[141.012529472,37.611406856]]]},"properties":{"field_id":"maff-2026-5b266dd7-4c81-4878-ac71-fc42f11cd5b9","source_polygon_id":"5b266dd7-4c81-4878-ac71-fc42f11cd5b9","field_id_method":"source_id","municipality":"南相馬市","area_ha":0.876999,"source_land_type":100,"declaration_source":"synthetic_demo","is_synthetic_declaration":true,"baseline_year":2024,"target_year":2025,"baseline_status":"review_required","status":"cultivation_signal","baseline_confidence":0.6232,"confidence":0.9638,"reason_codes":["NO_SAR_FLOOD_SIGNAL","NDVI_GROWTH_RISE","NDVI_PEAK_REACHED","NDVI_HARVEST_DROP"],"baseline_subtype":"mixed_or_unknown","cultivation_subtype":"upland_crop_signal","subtype_confidence":0.9496,"subtype_reason_codes":["NO_SAR_FLOOD_SIGNAL","NDVI_GROWTH_RISE","NDVI_PEAK_REACHED"],"change_type":"change_uncertain","change_confidence":0.6232,"change_reason_codes":["YEAR_STATUS_COMPARISON","BOUNDARY_VINTAGE_DIFFERENCE"],"reference_label":null,"evidence_strength":null,"evidence_sources":[],"evidence_dates":[],"review_status":"not_reviewed","polygon_vintage":2026,"valid_s2_count":40,"valid_s1_count":29,"observation_quality":0.9887,"quality_flags":["BOUNDARY_VINTAGE_DIFFERENCE"],"ndvi_max":0.5980891585350037,"ndvi_amplitude":0.5542439669370651,"ndvi_may":0.0496851950883865,"ndvi_aug":0.5788363218307495,"vh_may_db":-21.37031936645508,"vh_aug_db":-13.792009353637695,"centroid_lat":37.6112821,"centroid_lon":141.0116168,"declaration_match":"match","declared_crop":"upland_crop","declared_status":"planned_cultivation","priority_components":{"declaration":0,"status":0,"change":9,"evidence_uncertainty":0,"area":8.8686},"priority_score":17.87,"auto_candidate":true}},{"type":"Feature","geometry":{"type":"Polygon","coordinates":[[[141.008802954,37.611910439],[141.009723805,37.611450727],[141.009733799,37.61143645],[141.009690968,37.611310815],[141.009678119,37.611306532],[141.009649566,37.611306532],[141.009192709,37.611440733],[141.00879296,37.611583501],[141.008741563,37.611607771],[141.008704444,37.611632042],[141.008680173,37.611672017],[141.008673035,37.611717702],[141.008785821,37.611911866],[141.008802954,37.611910439]]]},"properties":{"field_id":"maff-2026-5b912358-6af2-4a9d-b8f0-c00dfdc091da","source_polygon_id":"5b912358-6af2-4a9d-b8f0-c00dfdc091da","field_id_method":"source_id","municipality":"南相馬市","area_ha":0.254695,"source_land_type":200,"declaration_source":"synthetic_demo","is_synthetic_declaration":true,"baseline_year":2024,"target_year":2025,"baseline_status":"review_required","status":"review_required","baseline_confidence":0.6934,"confidence":0.7897,"reason_codes":["SIGNAL_CONFLICT"],"baseline_subtype":"mixed_or_unknown","cultivation_subtype":"mixed_or_unknown","subtype_confidence":null,"subtype_reason_codes":[],"change_type":"change_uncertain","change_confidence":0.6934,"change_reason_codes":["YEAR_STATUS_COMPARISON","BOUNDARY_VINTAGE_DIFFERENCE"],"reference_label":null,"evidence_strength":null,"evidence_sources":[],"evidence_dates":[],"review_status":"not_reviewed","polygon_vintage":2026,"valid_s2_count":41,"valid_s1_count":29,"observation_quality":0.9658,"quality_flags":["BOUNDARY_VINTAGE_DIFFERENCE"],"ndvi_max":0.6112008690834045,"ndvi_amplitude":0.4496357887983322,"ndvi_may":0.5543569028377533,"ndvi_aug":0.4327467978000641,"vh_may_db":-18.3150577545166,"vh_aug_db":-15.571544647216797,"centroid_lat":37.611592,"centroid_lon":141.0091607,"declaration_match":"match","declared_crop":"unknown","declared_status":"unknown","priority_components":{"declaration":0,"status":23,"change":9,"evidence_uncertainty":2.103,"area":5.4745},"priority_score":39.58,"auto_candidate":true}},{"type":"Feature","geometry":{"type":"Polygon","coordinates":[[[141.008418734,37.61563983],[141.008957437,37.615364121],[141.008960245,37.615314029],[141.008974132,37.615282422],[141.008454711,37.614612453],[141.008432935,37.614599797],[141.007813983,37.614917784],[141.007799893,37.614936519],[141.008328278,37.615604971],[141.00836055,37.615598928],[141.008387563,37.61560152],[141.008418734,37.61563983]]]},"properties":{"field_id":"maff-2026-5c9bb666-fa25-43bb-8d3a-2ea598cca278","source_polygon_id":"5c9bb666-fa25-43bb-8d3a-2ea598cca278","field_id_method":"source_id","municipality":"南相馬市","area_ha":0.64599,"source_land_type":100,"declaration_source":"synthetic_demo","is_synthetic_declaration":true,"baseline_year":2024,"target_year":2025,"baseline_status":"cultivation_signal","status":"cultivation_signal","baseline_confidence":1.0,"confidence":0.9154,"reason_codes":["NO_SAR_FLOOD_SIGNAL","NDVI_GROWTH_RISE","NDVI_PEAK_REACHED","NDVI_HARVEST_DROP"],"baseline_subtype":"upland_crop_signal","cultivation_subtype":"upland_crop_signal","subtype_confidence":0.801,"subtype_reason_codes":["NO_SAR_FLOOD_SIGNAL","NDVI_GROWTH_RISE","NDVI_PEAK_REACHED"],"change_type":"stable","change_confidence":0.9154,"change_reason_codes":["YEAR_STATUS_COMPARISON","BOUNDARY_VINTAGE_DIFFERENCE"],"reference_label":null,"evidence_strength":null,"evidence_sources":[],"evidence_dates":[],"review_status":"not_reviewed","polygon_vintage":2026,"valid_s2_count":38,"valid_s1_count":29,"observation_quality":1.0,"quality_flags":["BOUNDARY_VINTAGE_DIFFERENCE"],"ndvi_max":0.5783349275588989,"ndvi_amplitude":0.5295087322592735,"ndvi_may":0.0832478664815425,"ndvi_aug":0.552240252494812,"vh_may_db":-21.354808807373047,"vh_aug_db":-14.663232803344727,"centroid_lat":37.6151266,"centroid_lon":141.0084035,"declaration_match":"unavailable","declared_crop":"not_declared","declared_status":"not_submitted","priority_components":{"declaration":0,"status":0,"change":0,"evidence_uncertainty":0,"area":7.3358},"priority_score":7.34,"auto_candidate":false}},{"type":"Feature","geometry":{"type":"Polygon","coordinates":[[[141.014512924,37.610987156],[141.015429778,37.611038982],[141.015654636,37.611024705],[141.015611806,37.610228775],[141.015583253,37.61020379],[141.014862276,37.610453634],[141.01479803,37.610464342],[141.014698093,37.610450065],[141.014648125,37.610485757],[141.014594586,37.610828399],[141.014519633,37.610828399],[141.014512924,37.610987156]]]},"properties":{"field_id":"maff-2026-5d74e564-dcb4-422f-b60b-3d78f7b1a039","source_polygon_id":"5d74e564-dcb4-422f-b60b-3d78f7b1a039","field_id_method":"source_id","municipality":"南相馬市","area_ha":0.674586,"source_land_type":100,"declaration_source":"synthetic_demo","is_synthetic_declaration":true,"baseline_year":2024,"target_year":2025,"baseline_status":"cultivation_signal","status":"review_required","baseline_confidence":0.995,"confidence":0.7995,"reason_codes":["NO_SAR_FLOOD_SIGNAL","NDVI_GROWTH_RISE","NDVI_PEAK_REACHED","NEAR_THRESHOLD"],"baseline_subtype":"upland_crop_signal","cultivation_subtype":"mixed_or_unknown","subtype_confidence":null,"subtype_reason_codes":["NO_SAR_FLOOD_SIGNAL","NDVI_GROWTH_RISE","NDVI_PEAK_REACHED"],"change_type":"change_uncertain","change_confidence":0.7995,"change_reason_codes":["YEAR_STATUS_COMPARISON","BOUNDARY_VINTAGE_DIFFERENCE"],"reference_label":null,"evidence_strength":null,"evidence_sources":[],"evidence_dates":[],"review_status":"not_reviewed","polygon_vintage":2026,"valid_s2_count":41,"valid_s1_count":29,"observation_quality":0.9832,"quality_flags":["BOUNDARY_VINTAGE_DIFFERENCE"],"ndvi_max":0.6154417395591736,"ndvi_amplitude":0.5108665749430656,"ndvi_may":0.21290818601846695,"ndvi_aug":0.1845028400421142,"vh_may_db":-16.00619125366211,"vh_aug_db":-16.004093170166016,"centroid_lat":37.6106913,"centroid_lon":141.0151568,"declaration_match":"unavailable","declared_crop":"not_declared","declared_status":"not_submitted","priority_components":{"declaration":0,"status":23,"change":9,"evidence_uncertainty":2.005,"area":7.6277},"priority_score":41.63,"auto_candidate":true}},{"type":"Feature","geometry":{"type":"Polygon","coordinates":[[[141.01749274,37.61981628],[141.017589109,37.619876957],[141.018427868,37.619856018],[141.018408833,37.618578247],[141.017482033,37.618588479],[141.017453479,37.618613463],[141.01749274,37.61981628]]]},"properties":{"field_id":"maff-2026-5ea314cd-8275-46fc-b476-7592ebb1a6ec","source_polygon_id":"5ea314cd-8275-46fc-b476-7592ebb1a6ec","field_id_method":"source_id","municipality":"南相馬市","area_ha":1.184882,"source_land_type":100,"declaration_source":"synthetic_demo","is_synthetic_declaration":true,"baseline_year":2024,"target_year":2025,"baseline_status":"insufficient_observation","status":"review_required","baseline_confidence":null,"confidence":0.71,"reason_codes":["SIGNAL_CONFLICT"],"baseline_subtype":"not_evaluated","cultivation_subtype":"mixed_or_unknown","subtype_confidence":null,"subtype_reason_codes":[],"change_type":"change_uncertain","change_confidence":null,"change_reason_codes":["OBSERVATION_LIMITS_YEAR_COMPARISON"],"reference_label":null,"evidence_strength":null,"evidence_sources":[],"evidence_dates":[],"review_status":"not_reviewed","polygon_vintage":2026,"valid_s2_count":43,"valid_s1_count":29,"observation_quality":0.9913,"quality_flags":["BOUNDARY_VINTAGE_DIFFERENCE"],"ndvi_max":0.4312008321285248,"ndvi_amplitude":0.3504554554820061,"ndvi_may":0.10712441056966779,"ndvi_aug":0.3173241913318634,"vh_may_db":-16.52783966064453,"vh_aug_db":-14.944268226623535,"centroid_lat":37.6192217,"centroid_lon":141.0179464,"declaration_match":"match","declared_crop":"upland_crop","declared_status":"planned_cultivation","priority_components":{"declaration":0,"status":23,"change":9,"evidence_uncertainty":2.9,"area":9.854},"priority_score":44.75,"auto_candidate":true}},{"type":"Feature","geometry":{"type":"Polygon","coordinates":[[[141.009757746,37.620080531],[141.009916668,37.620013647],[141.010197421,37.619930479],[141.010416488,37.619940014],[141.010755597,37.619953374],[141.010799662,37.619944562],[141.01101467,37.619830235],[141.010640756,37.61934506],[141.010466686,37.619118667],[141.010428987,37.619130764],[141.010401205,37.619104252],[141.009484352,37.619562118],[141.009438683,37.619602758],[141.009452208,37.61965955],[141.009588149,37.619870837],[141.009723728,37.620059104],[141.009757746,37.620080531]]]},"properties":{"field_id":"maff-2026-5f365e73-6a34-4172-ba9e-ba3018a9a6f9","source_polygon_id":"5f365e73-6a34-4172-ba9e-ba3018a9a6f9","field_id_method":"source_id","municipality":"南相馬市","area_ha":0.859125,"source_land_type":100,"declaration_source":"synthetic_demo","is_synthetic_declaration":true,"baseline_year":2024,"target_year":2025,"baseline_status":"cultivation_signal","status":"review_required","baseline_confidence":0.9986,"confidence":0.9184,"reason_codes":["NO_SAR_FLOOD_SIGNAL","NDVI_GROWTH_RISE","NDVI_PEAK_REACHED","NDVI_HARVEST_DROP","NEAR_THRESHOLD"],"baseline_subtype":"upland_crop_signal","cultivation_subtype":"mixed_or_unknown","subtype_confidence":null,"subtype_reason_codes":["NO_SAR_FLOOD_SIGNAL","NDVI_GROWTH_RISE","NDVI_PEAK_REACHED"],"change_type":"change_uncertain","change_confidence":0.9184,"change_reason_codes":["YEAR_STATUS_COMPARISON","BOUNDARY_VINTAGE_DIFFERENCE"],"reference_label":null,"evidence_strength":null,"evidence_sources":[],"evidence_dates":[],"review_status":"not_reviewed","polygon_vintage":2026,"valid_s2_count":40,"valid_s1_count":29,"observation_quality":0.9952,"quality_flags":["BOUNDARY_VINTAGE_DIFFERENCE"],"ndvi_max":0.5616335868835449,"ndvi_amplitude":0.4783002510666847,"ndvi_may":0.15226759016513824,"ndvi_aug":0.5358684659004211,"vh_may_db":-20.871273040771484,"vh_aug_db":-14.79286003112793,"centroid_lat":37.6196352,"centroid_lon":141.0102116,"declaration_match":"match","declared_crop":"paddy_rice","declared_status":"planned_cultivation","priority_components":{"declaration":0,"status":23,"change":9,"evidence_uncertainty":0.816,"area":8.7226},"priority_score":41.54,"auto_candidate":true}},{"type":"Feature","geometry":{"type":"Polygon","coordinates":[[[141.017023904,37.610824271],[141.017140634,37.610752778],[141.017065388,37.610653072],[141.016983982,37.610695747],[141.016951886,37.610662582],[141.016916615,37.610694749],[141.017002223,37.610784304],[141.017023904,37.610824271]]]},"properties":{"field_id":"maff-2026-5fb0cbe3-c11c-4513-8d70-ee8c7e7e427d","source_polygon_id":"5fb0cbe3-c11c-4513-8d70-ee8c7e7e427d","field_id_method":"source_id","municipality":"南相馬市","area_ha":0.018862,"source_land_type":200,"declaration_source":"synthetic_demo","is_synthetic_declaration":true,"baseline_year":2024,"target_year":2025,"baseline_status":"insufficient_observation","status":"insufficient_observation","baseline_confidence":null,"confidence":null,"reason_codes":["INSUFFICIENT_OPTICAL_OBSERVATIONS"],"baseline_subtype":"not_evaluated","cultivation_subtype":"not_evaluated","subtype_confidence":null,"subtype_reason_codes":[],"change_type":"change_uncertain","change_confidence":null,"change_reason_codes":["OBSERVATION_LIMITS_YEAR_COMPARISON"],"reference_label":null,"evidence_strength":null,"evidence_sources":[],"evidence_dates":[],"review_status":"not_reviewed","polygon_vintage":2026,"valid_s2_count":0,"valid_s1_count":0,"observation_quality":0.0,"quality_flags":["BOUNDARY_VINTAGE_DIFFERENCE","SMALL_FIELD_SEVERE","SMALL_FIELD_MIXED_PIXEL","HARVEST_WINDOW_INCOMPLETE"],"ndvi_max":null,"ndvi_amplitude":null,"ndvi_may":null,"ndvi_aug":null,"vh_may_db":null,"vh_aug_db":null,"centroid_lat":37.6107319,"centroid_lon":141.0170339,"declaration_match":"mismatch","declared_crop":"paddy_rice","declared_status":"planned_cultivation","priority_components":{"declaration":40,"status":20,"change":9,"evidence_uncertainty":10.0,"area":1.5693},"priority_score":80.57,"auto_candidate":true}},{"type":"Feature","geometry":{"type":"Polygon","coordinates":[[[141.014056997,37.619923158],[141.015331199,37.61991245],[141.015388306,37.619855343],[141.015345475,37.618748894],[141.014777974,37.61929855],[141.014670898,37.619405626],[141.01399989,37.619887466],[141.014056997,37.619923158]]]},"properties":{"field_id":"maff-2026-6420a6a2-4197-4a48-b285-cf61d16453af","source_polygon_id":"6420a6a2-4197-4a48-b285-cf61d16453af","field_id_method":"source_id","municipality":"南相馬市","area_ha":0.757516,"source_land_type":100,"declaration_source":"synthetic_demo","is_synthetic_declaration":true,"baseline_year":2024,"target_year":2025,"baseline_status":"insufficient_observation","status":"insufficient_observation","baseline_confidence":null,"confidence":null,"reason_codes":["INSUFFICIENT_OPTICAL_OBSERVATIONS","NDVI_HARVEST_DROP"],"baseline_subtype":"not_evaluated","cultivation_subtype":"not_evaluated","subtype_confidence":null,"subtype_reason_codes":[],"change_type":"change_uncertain","change_confidence":null,"change_reason_codes":["OBSERVATION_LIMITS_YEAR_COMPARISON"],"reference_label":null,"evidence_strength":null,"evidence_sources":[],"evidence_dates":[],"review_status":"not_reviewed","polygon_vintage":2026,"valid_s2_count":34,"valid_s1_count":29,"observation_quality":0.987,"quality_flags":["BOUNDARY_VINTAGE_DIFFERENCE"],"ndvi_max":0.5790466070175171,"ndvi_amplitude":0.4878664165735245,"ndvi_may":null,"ndvi_aug":0.5539535880088806,"vh_may_db":-21.584945678710938,"vh_aug_db":-14.892163276672363,"centroid_lat":37.6195396,"centroid_lon":141.0149155,"declaration_match":"match","declared_crop":"upland_crop","declared_status":"planned_cultivation","priority_components":{"declaration":0,"status":20,"change":9,"evidence_uncertainty":0.13,"area":8.0292},"priority_score":37.16,"auto_candidate":true}},{"type":"Feature","geometry":{"type":"Polygon","coordinates":[[[141.007609003,37.609475374],[141.007718988,37.609543346],[141.007891039,37.60964335],[141.007910097,37.609650695],[141.0080852,37.609443008],[141.007954638,37.609371473],[141.007824175,37.609306217],[141.007769981,37.609272851],[141.007673868,37.609384314],[141.007609003,37.609475374]]]},"properties":{"field_id":"maff-2026-6554090b-2476-4ab0-8060-195de8387f2f","source_polygon_id":"6554090b-2476-4ab0-8060-195de8387f2f","field_id_method":"source_id","municipality":"南相馬市","area_ha":0.091716,"source_land_type":100,"declaration_source":"synthetic_demo","is_synthetic_declaration":true,"baseline_year":2024,"target_year":2025,"baseline_status":"fallow_candidate","status":"review_required","baseline_confidence":0.79,"confidence":0.79,"reason_codes":["NO_SAR_FLOOD_SIGNAL","NDVI_PEAK_LOW","NDVI_AMPLITUDE_LOW","NEAR_THRESHOLD"],"baseline_subtype":"mixed_or_unknown","cultivation_subtype":"mixed_or_unknown","subtype_confidence":null,"subtype_reason_codes":["NO_SAR_FLOOD_SIGNAL"],"change_type":"change_uncertain","change_confidence":0.79,"change_reason_codes":["YEAR_STATUS_COMPARISON","BOUNDARY_VINTAGE_DIFFERENCE"],"reference_label":null,"evidence_strength":null,"evidence_sources":[],"evidence_dates":[],"review_status":"not_reviewed","polygon_vintage":2026,"valid_s2_count":42,"valid_s1_count":29,"observation_quality":1.0,"quality_flags":["BOUNDARY_VINTAGE_DIFFERENCE","SMALL_FIELD_WARNING","SMALL_FIELD_MIXED_PIXEL"],"ndvi_max":0.5649380683898926,"ndvi_amplitude":0.4311492145061493,"ndvi_may":0.2576177418231964,"ndvi_aug":0.4228698015213012,"vh_may_db":-16.425559997558594,"vh_aug_db":-14.943434715270996,"centroid_lat":37.6094616,"centroid_lon":141.0078432,"declaration_match":"mismatch","declared_crop":"paddy_rice","declared_status":"planned_cultivation","priority_components":{"declaration":40,"status":23,"change":9,"evidence_uncertainty":2.1,"area":4.1971},"priority_score":78.3,"auto_candidate":true}},{"type":"Feature","geometry":{"type":"Polygon","coordinates":[[[141.008648408,37.610866845],[141.008918035,37.61101485],[141.008965935,37.61098256],[141.009001393,37.610962115],[141.009002782,37.610782946],[141.008973268,37.610779891],[141.008947751,37.610763402],[141.008892564,37.610733814],[141.008837429,37.610707574],[141.008776244,37.610698138],[141.008751255,37.610715129],[141.008716587,37.610785797],[141.008648408,37.610866845]]]},"properties":{"field_id":"maff-2026-65cd944a-ac22-419f-a695-160a5a626024","source_polygon_id":"65cd944a-ac22-419f-a695-160a5a626024","field_id_method":"source_id","municipality":"南相馬市","area_ha":0.068921,"source_land_type":200,"declaration_source":"synthetic_demo","is_synthetic_declaration":true,"baseline_year":2024,"target_year":2025,"baseline_status":"fallow_candidate","status":"fallow_candidate","baseline_confidence":0.79,"confidence":0.79,"reason_codes":["NO_SAR_FLOOD_SIGNAL","NDVI_PEAK_LOW","NDVI_AMPLITUDE_LOW"],"baseline_subtype":"mixed_or_unknown","cultivation_subtype":"mixed_or_unknown","subtype_confidence":null,"subtype_reason_codes":["NO_SAR_FLOOD_SIGNAL"],"change_type":"stable","change_confidence":0.79,"change_reason_codes":["YEAR_STATUS_COMPARISON","BOUNDARY_VINTAGE_DIFFERENCE"],"reference_label":null,"evidence_strength":null,"evidence_sources":[],"evidence_dates":[],"review_status":"not_reviewed","polygon_vintage":2026,"valid_s2_count":42,"valid_s1_count":29,"observation_quality":1.0,"quality_flags":["BOUNDARY_VINTAGE_DIFFERENCE","SMALL_FIELD_WARNING","SMALL_FIELD_MIXED_PIXEL"],"ndvi_max":0.2998940348625183,"ndvi_amplitude":0.15887556970119482,"ndvi_may":0.17422405630350107,"ndvi_aug":0.1748336404561996,"vh_may_db":-15.453767776489258,"vh_aug_db":-12.80610179901123,"centroid_lat":37.6108518,"centroid_lon":141.0088521,"declaration_match":"unavailable","declared_crop":"not_declared","declared_status":"not_submitted","priority_components":{"declaration":0,"status":25,"change":0,"evidence_uncertainty":7.9,"area":3.5401},"priority_score":36.44,"auto_candidate":true}},{"type":"Feature","geometry":{"type":"Polygon","coordinates":[[[141.018239401,37.617138608],[141.019405337,37.616569917],[141.019421993,37.616550881],[141.019488618,37.615925083],[141.018187053,37.616136855],[141.018170396,37.616146372],[141.018213227,37.617091019],[141.018225124,37.61712909],[141.018239401,37.617138608]]]},"properties":{"field_id":"maff-2026-6676ae1e-9157-4384-ac2f-9729e651e7de","source_polygon_id":"6676ae1e-9157-4384-ac2f-9729e651e7de","field_id_method":"source_id","municipality":"南相馬市","area_ha":1.01283,"source_land_type":100,"declaration_source":"synthetic_demo","is_synthetic_declaration":true,"baseline_year":2024,"target_year":2025,"baseline_status":"review_required","status":"review_required","baseline_confidence":0.7998,"confidence":0.884,"reason_codes":["NO_SAR_FLOOD_SIGNAL","NDVI_GROWTH_RISE","NDVI_PEAK_REACHED","NEAR_THRESHOLD"],"baseline_subtype":"mixed_or_unknown","cultivation_subtype":"mixed_or_unknown","subtype_confidence":null,"subtype_reason_codes":["NO_SAR_FLOOD_SIGNAL","NDVI_GROWTH_RISE","NDVI_PEAK_REACHED"],"change_type":"change_uncertain","change_confidence":0.7998,"change_reason_codes":["YEAR_STATUS_COMPARISON","BOUNDARY_VINTAGE_DIFFERENCE"],"reference_label":null,"evidence_strength":null,"evidence_sources":[],"evidence_dates":[],"review_status":"not_reviewed","polygon_vintage":2026,"valid_s2_count":45,"valid_s1_count":29,"observation_quality":0.9994,"quality_flags":["BOUNDARY_VINTAGE_DIFFERENCE"],"ndvi_max":0.6554397940635681,"ndvi_amplitude":0.5701050981879235,"ndvi_may":0.188395157456398,"ndvi_aug":0.1458006650209427,"vh_may_db":-14.02634620666504,"vh_aug_db":-15.346423149108887,"centroid_lat":37.6164542,"centroid_lon":141.0187717,"declaration_match":"mismatch","declared_crop":"upland_crop","declared_status":"planned_cultivation","priority_components":{"declaration":40,"status":23,"change":9,"evidence_uncertainty":1.16,"area":9.4526},"priority_score":82.61,"auto_candidate":true}},{"type":"Feature","geometry":{"type":"Polygon","coordinates":[[[141.012302781,37.615854606],[141.01236626,37.615825717],[141.012354095,37.615805119],[141.012358413,37.615778705],[141.012242539,37.615638589],[141.012153255,37.615682806],[141.01220878,37.615750061],[141.012264365,37.615821084],[141.012302781,37.615854606]]]},"properties":{"field_id":"maff-2026-667e8781-6dd5-4950-95ae-b328979d3223","source_polygon_id":"667e8781-6dd5-4950-95ae-b328979d3223","field_id_method":"source_id","municipality":"南相馬市","area_ha":0.020916,"source_land_type":200,"declaration_source":"synthetic_demo","is_synthetic_declaration":true,"baseline_year":2024,"target_year":2025,"baseline_status":"insufficient_observation","status":"insufficient_observation","baseline_confidence":null,"confidence":null,"reason_codes":["INSUFFICIENT_OPTICAL_OBSERVATIONS"],"baseline_subtype":"not_evaluated","cultivation_subtype":"not_evaluated","subtype_confidence":null,"subtype_reason_codes":[],"change_type":"change_uncertain","change_confidence":null,"change_reason_codes":["OBSERVATION_LIMITS_YEAR_COMPARISON"],"reference_label":null,"evidence_strength":null,"evidence_sources":[],"evidence_dates":[],"review_status":"not_reviewed","polygon_vintage":2026,"valid_s2_count":0,"valid_s1_count":0,"observation_quality":0.0,"quality_flags":["BOUNDARY_VINTAGE_DIFFERENCE","SMALL_FIELD_SEVERE","SMALL_FIELD_MIXED_PIXEL","HARVEST_WINDOW_INCOMPLETE"],"ndvi_max":null,"ndvi_amplitude":null,"ndvi_may":null,"ndvi_aug":null,"vh_may_db":null,"vh_aug_db":null,"centroid_lat":37.6157462,"centroid_lon":141.0122668,"declaration_match":"match","declared_crop":"unknown","declared_status":"unknown","priority_components":{"declaration":0,"status":20,"change":9,"evidence_uncertainty":10.0,"area":1.7518},"priority_score":40.75,"auto_candidate":true}},{"type":"Feature","geometry":{"type":"Polygon","coordinates":[[[141.01373485,37.609851917],[141.013829466,37.609845947],[141.013931934,37.609837388],[141.013899287,37.609669443],[141.013727218,37.609668653],[141.013730662,37.60978666],[141.01373485,37.609851917]]]},"properties":{"field_id":"maff-2026-681f387d-20ef-472e-bd1e-dd65c12a87e5","source_polygon_id":"681f387d-20ef-472e-bd1e-dd65c12a87e5","field_id_method":"source_id","municipality":"南相馬市","area_ha":0.032103,"source_land_type":100,"declaration_source":"synthetic_demo","is_synthetic_declaration":true,"baseline_year":2024,"target_year":2025,"baseline_status":"review_required","status":"review_required","baseline_confidence":0.7774,"confidence":0.7789,"reason_codes":["SIGNAL_CONFLICT","SMALL_FIELD_SEVERE"],"baseline_subtype":"mixed_or_unknown","cultivation_subtype":"mixed_or_unknown","subtype_confidence":null,"subtype_reason_codes":[],"change_type":"change_uncertain","change_confidence":0.7774,"change_reason_codes":["YEAR_STATUS_COMPARISON","BOUNDARY_VINTAGE_DIFFERENCE"],"reference_label":null,"evidence_strength":null,"evidence_sources":[],"evidence_dates":[],"review_status":"not_reviewed","polygon_vintage":2026,"valid_s2_count":41,"valid_s1_count":29,"observation_quality":1.0,"quality_flags":["BOUNDARY_VINTAGE_DIFFERENCE","SMALL_FIELD_SEVERE","SMALL_FIELD_MIXED_PIXEL"],"ndvi_max":0.6090425848960876,"ndvi_amplitude":0.35293102264404297,"ndvi_may":0.4941646456718445,"ndvi_aug":0.5412005186080933,"vh_may_db":-17.49171257019043,"vh_aug_db":-18.495076179504395,"centroid_lat":37.6097593,"centroid_lon":141.013822,"declaration_match":"mismatch","declared_crop":"paddy_rice","declared_status":"planned_cultivation","priority_components":{"declaration":40,"status":23,"change":9,"evidence_uncertainty":2.211,"area":2.3358},"priority_score":76.55,"auto_candidate":true}},{"type":"Feature","geometry":{"type":"Polygon","coordinates":[[[141.014515246,37.610289901],[141.014606824,37.610291496],[141.014733026,37.610286465],[141.014791402,37.610284625],[141.014851118,37.610267702],[141.014828426,37.610230256],[141.014795629,37.610152728],[141.014787579,37.610142762],[141.014572996,37.610148678],[141.014564787,37.610128668],[141.014476443,37.610132064],[141.014496197,37.610183352],[141.014512694,37.610228395],[141.014506897,37.610261102],[141.014515246,37.610289901]]]},"properties":{"field_id":"maff-2026-6828fb37-e3ec-4c5b-9096-7b41fcc9e8f0","source_polygon_id":"6828fb37-e3ec-4c5b-9096-7b41fcc9e8f0","field_id_method":"source_id","municipality":"南相馬市","area_ha":0.045631,"source_land_type":100,"declaration_source":"synthetic_demo","is_synthetic_declaration":true,"baseline_year":2024,"target_year":2025,"baseline_status":"review_required","status":"review_required","baseline_confidence":0.7062,"confidence":0.7155,"reason_codes":["SIGNAL_CONFLICT","NEAR_THRESHOLD","SMALL_FIELD_SEVERE"],"baseline_subtype":"mixed_or_unknown","cultivation_subtype":"mixed_or_unknown","subtype_confidence":null,"subtype_reason_codes":[],"change_type":"change_uncertain","change_confidence":0.7062,"change_reason_codes":["YEAR_STATUS_COMPARISON","BOUNDARY_VINTAGE_DIFFERENCE"],"reference_label":null,"evidence_strength":null,"evidence_sources":[],"evidence_dates":[],"review_status":"not_reviewed","polygon_vintage":2026,"valid_s2_count":41,"valid_s1_count":29,"observation_quality":1.0,"quality_flags":["BOUNDARY_VINTAGE_DIFFERENCE","SMALL_FIELD_SEVERE","SMALL_FIELD_MIXED_PIXEL"],"ndvi_max":0.5827516317367554,"ndvi_amplitude":0.38054192066192627,"ndvi_may":0.43741714954376215,"ndvi_aug":0.5255782604217529,"vh_may_db":-13.343376159667969,"vh_aug_db":-15.488180160522461,"centroid_lat":37.6102152,"centroid_lon":141.0146567,"declaration_match":"match","declared_crop":"unknown","declared_status":"unknown","priority_components":{"declaration":0,"status":23,"change":9,"evidence_uncertainty":2.845,"area":2.9927},"priority_score":37.84,"auto_candidate":true}},{"type":"Feature","geometry":{"type":"Polygon","coordinates":[[[141.00901883,37.610866503],[141.009098586,37.610852314],[141.009157165,37.610829964],[141.009154533,37.610796504],[141.009068175,37.610792341],[141.009023957,37.610791107],[141.00901883,37.610866503]]]},"properties":{"field_id":"maff-2026-6960691d-5e00-4059-9cee-0b1e028f24df","source_polygon_id":"6960691d-5e00-4059-9cee-0b1e028f24df","field_id_method":"source_id","municipality":"南相馬市","area_ha":0.007651,"source_land_type":200,"declaration_source":"synthetic_demo","is_synthetic_declaration":true,"baseline_year":2024,"target_year":2025,"baseline_status":"insufficient_observation","status":"insufficient_observation","baseline_confidence":null,"confidence":null,"reason_codes":["INSUFFICIENT_OPTICAL_OBSERVATIONS"],"baseline_subtype":"not_evaluated","cultivation_subtype":"not_evaluated","subtype_confidence":null,"subtype_reason_codes":[],"change_type":"change_uncertain","change_confidence":null,"change_reason_codes":["OBSERVATION_LIMITS_YEAR_COMPARISON"],"reference_label":null,"evidence_strength":null,"evidence_sources":[],"evidence_dates":[],"review_status":"not_reviewed","polygon_vintage":2026,"valid_s2_count":0,"valid_s1_count":0,"observation_quality":0.0,"quality_flags":["BOUNDARY_VINTAGE_DIFFERENCE","SMALL_FIELD_SEVERE","SMALL_FIELD_MIXED_PIXEL","HARVEST_WINDOW_INCOMPLETE"],"ndvi_max":null,"ndvi_amplitude":null,"ndvi_may":null,"ndvi_aug":null,"vh_may_db":null,"vh_aug_db":null,"centroid_lat":37.6108238,"centroid_lon":141.0090808,"declaration_match":"match","declared_crop":"unknown","declared_status":"unknown","priority_components":{"declaration":0,"status":20,"change":9,"evidence_uncertainty":10.0,"area":0.073},"priority_score":39.07,"auto_candidate":true}},{"type":"Feature","geometry":{"type":"Polygon","coordinates":[[[141.013313594,37.618607194],[141.01364196,37.618542949],[141.013601509,37.618402561],[141.013701447,37.618374007],[141.013542023,37.617755347],[141.013092304,37.617886218],[141.013313594,37.618607194]]]},"properties":{"field_id":"maff-2026-69b5325d-5515-4f86-88aa-200de794f3fe","source_polygon_id":"69b5325d-5515-4f86-88aa-200de794f3fe","field_id_method":"source_id","municipality":"南相馬市","area_ha":0.326425,"source_land_type":100,"declaration_source":"synthetic_demo","is_synthetic_declaration":true,"baseline_year":2024,"target_year":2025,"baseline_status":"review_required","status":"review_required","baseline_confidence":0.7463,"confidence":0.8869,"reason_codes":["NO_SAR_FLOOD_SIGNAL","NDVI_GROWTH_RISE","NDVI_PEAK_REACHED","NEAR_THRESHOLD"],"baseline_subtype":"mixed_or_unknown","cultivation_subtype":"mixed_or_unknown","subtype_confidence":null,"subtype_reason_codes":["NO_SAR_FLOOD_SIGNAL","NDVI_GROWTH_RISE","NDVI_PEAK_REACHED"],"change_type":"change_uncertain","change_confidence":0.7463,"change_reason_codes":["YEAR_STATUS_COMPARISON","BOUNDARY_VINTAGE_DIFFERENCE"],"reference_label":null,"evidence_strength":null,"evidence_sources":[],"evidence_dates":[],"review_status":"not_reviewed","polygon_vintage":2026,"valid_s2_count":44,"valid_s1_count":29,"observation_quality":1.0,"quality_flags":["BOUNDARY_VINTAGE_DIFFERENCE"],"ndvi_max":0.6327436566352844,"ndvi_amplitude":0.5541610270738602,"ndvi_may":0.1451275646686554,"ndvi_aug":0.1297917664051056,"vh_may_db":-17.306087493896484,"vh_aug_db":-16.607913970947266,"centroid_lat":37.6181753,"centroid_lon":141.0134111,"declaration_match":"match","declared_crop":"upland_crop","declared_status":"planned_cultivation","priority_components":{"declaration":0,"status":23,"change":9,"evidence_uncertainty":1.131,"area":5.6934},"priority_score":38.82,"auto_candidate":true}},{"type":"Feature","geometry":{"type":"Polygon","coordinates":[[[141.005298239,37.616053842],[141.005899456,37.615750348],[141.005921705,37.615678607],[141.005547393,37.615201717],[141.005286049,37.615277263],[141.005223036,37.615157735],[141.005149413,37.615164188],[141.005105456,37.615113131],[141.004757475,37.615282511],[141.004731068,37.615318533],[141.005298239,37.616053842]]]},"properties":{"field_id":"maff-2026-6acdae50-6766-4426-800c-3524ea64bab7","source_polygon_id":"6acdae50-6766-4426-800c-3524ea64bab7","field_id_method":"source_id","municipality":"南相馬市","area_ha":0.5989,"source_land_type":100,"declaration_source":"synthetic_demo","is_synthetic_declaration":true,"baseline_year":2024,"target_year":2025,"baseline_status":"cultivation_signal","status":"cultivation_signal","baseline_confidence":0.9629,"confidence":0.9648,"reason_codes":["NO_SAR_FLOOD_SIGNAL","NDVI_GROWTH_RISE","NDVI_PEAK_REACHED","NDVI_HARVEST_DROP"],"baseline_subtype":"upland_crop_signal","cultivation_subtype":"upland_crop_signal","subtype_confidence":0.9143,"subtype_reason_codes":["NO_SAR_FLOOD_SIGNAL","NDVI_GROWTH_RISE","NDVI_PEAK_REACHED"],"change_type":"stable","change_confidence":0.9629,"change_reason_codes":["YEAR_STATUS_COMPARISON","BOUNDARY_VINTAGE_DIFFERENCE"],"reference_label":null,"evidence_strength":null,"evidence_sources":[],"evidence_dates":[],"review_status":"not_reviewed","polygon_vintage":2026,"valid_s2_count":38,"valid_s1_count":29,"observation_quality":0.9753,"quality_flags":["BOUNDARY_VINTAGE_DIFFERENCE"],"ndvi_max":0.6040961146354675,"ndvi_amplitude":0.5225543603301048,"ndvi_may":0.1140227355062961,"ndvi_aug":0.5713450312614441,"vh_may_db":-19.249530792236328,"vh_aug_db":-13.56212043762207,"centroid_lat":37.6155562,"centroid_lon":141.0053355,"declaration_match":"not_comparable","declared_crop":"unknown","declared_status":"unknown","priority_components":{"declaration":20,"status":0,"change":0,"evidence_uncertainty":0,"area":7.1168},"priority_score":27.12,"auto_candidate":false}},{"type":"Feature","geometry":{"type":"Polygon","coordinates":[[[141.007308965,37.620537201],[141.007520282,37.620422081],[141.007773775,37.620278285],[141.008224864,37.620050583],[141.007761152,37.619475983],[141.007676359,37.619505082],[141.007267579,37.619712582],[141.006876465,37.619914254],[141.006883835,37.619931134],[141.006859285,37.619951156],[141.006993313,37.620116524],[141.007087786,37.620251206],[141.007308965,37.620537201]]]},"properties":{"field_id":"maff-2026-6b96d32b-4cea-4127-addd-b448f057df96","source_polygon_id":"6b96d32b-4cea-4127-addd-b448f057df96","field_id_method":"source_id","municipality":"南相馬市","area_ha":0.744206,"source_land_type":100,"declaration_source":"synthetic_demo","is_synthetic_declaration":true,"baseline_year":2024,"target_year":2025,"baseline_status":"fallow_candidate","status":"review_required","baseline_confidence":0.9502,"confidence":0.7502,"reason_codes":["SIGNAL_CONFLICT","NDVI_HARVEST_DROP"],"baseline_subtype":"mixed_or_unknown","cultivation_subtype":"mixed_or_unknown","subtype_confidence":null,"subtype_reason_codes":[],"change_type":"change_uncertain","change_confidence":0.7502,"change_reason_codes":["YEAR_STATUS_COMPARISON","BOUNDARY_VINTAGE_DIFFERENCE"],"reference_label":null,"evidence_strength":null,"evidence_sources":[],"evidence_dates":[],"review_status":"not_reviewed","polygon_vintage":2026,"valid_s2_count":41,"valid_s1_count":29,"observation_quality":0.8341,"quality_flags":["BOUNDARY_VINTAGE_DIFFERENCE"],"ndvi_max":0.6851063966751099,"ndvi_amplitude":0.5813639909029008,"ndvi_may":0.6614454388618469,"ndvi_aug":0.6040018796920776,"vh_may_db":-16.652414321899414,"vh_aug_db":-13.818671226501465,"centroid_lat":37.6199963,"centroid_lon":141.0075309,"declaration_match":"mismatch","declared_crop":"paddy_rice","declared_status":"planned_cultivation","priority_components":{"declaration":40,"status":23,"change":9,"evidence_uncertainty":2.498,"area":7.9197},"priority_score":82.42,"auto_candidate":true}},{"type":"Feature","geometry":{"type":"Polygon","coordinates":[[[141.021684118,37.60952742],[141.021815283,37.609511972],[141.022030863,37.609444816],[141.022058866,37.609419104],[141.022082194,37.609322804],[141.022073069,37.60919575],[141.022016163,37.609190673],[141.021721876,37.609221892],[141.021640472,37.609239664],[141.021650227,37.609406267],[141.021648384,37.609513653],[141.021684118,37.60952742]]]},"properties":{"field_id":"maff-2026-6bf6542a-742a-4471-b52d-05745b7a6491","source_polygon_id":"6bf6542a-742a-4471-b52d-05745b7a6491","field_id_method":"source_id","municipality":"南相馬市","area_ha":0.117601,"source_land_type":100,"declaration_source":"synthetic_demo","is_synthetic_declaration":true,"baseline_year":2024,"target_year":2025,"baseline_status":"review_required","status":"review_required","baseline_confidence":0.8674,"confidence":0.5723,"reason_codes":["SIGNAL_CONFLICT","NEAR_THRESHOLD","LOW_CONFIDENCE"],"baseline_subtype":"mixed_or_unknown","cultivation_subtype":"mixed_or_unknown","subtype_confidence":null,"subtype_reason_codes":[],"change_type":"change_uncertain","change_confidence":0.5723,"change_reason_codes":["YEAR_STATUS_COMPARISON","BOUNDARY_VINTAGE_DIFFERENCE"],"reference_label":null,"evidence_strength":null,"evidence_sources":[],"evidence_dates":[],"review_status":"not_reviewed","polygon_vintage":2026,"valid_s2_count":44,"valid_s1_count":29,"observation_quality":0.9354,"quality_flags":["BOUNDARY_VINTAGE_DIFFERENCE"],"ndvi_max":0.5396541357040405,"ndvi_amplitude":0.338874414563179,"ndvi_may":0.3333333432674408,"ndvi_aug":0.3057742714881897,"vh_may_db":-14.582878112792969,"vh_aug_db":-15.548733234405518,"centroid_lat":37.6093497,"centroid_lon":141.021853,"declaration_match":"match","declared_crop":"paddy_rice","declared_status":"planned_cultivation","priority_components":{"declaration":0,"status":23,"change":9,"evidence_uncertainty":4.277,"area":4.6715},"priority_score":40.95,"auto_candidate":true}},{"type":"Feature","geometry":{"type":"Polygon","coordinates":[[[141.006846173,37.619805399],[141.007172086,37.619648954],[141.007695422,37.619397619],[141.007105544,37.618629943],[141.007080289,37.618630194],[141.006306455,37.619014617],[141.006295011,37.619090076],[141.006462801,37.619319467],[141.006752648,37.619680753],[141.006846173,37.619805399]]]},"properties":{"field_id":"maff-2026-6cfa911a-0826-407c-8e1d-bc4c3b7e426e","source_polygon_id":"6cfa911a-0826-407c-8e1d-bc4c3b7e426e","field_id_method":"source_id","municipality":"南相馬市","area_ha":0.878924,"source_land_type":100,"declaration_source":"synthetic_demo","is_synthetic_declaration":true,"baseline_year":2024,"target_year":2025,"baseline_status":"cultivation_signal","status":"cultivation_signal","baseline_confidence":0.8951,"confidence":0.987,"reason_codes":["NO_SAR_FLOOD_SIGNAL","NDVI_GROWTH_RISE","NDVI_PEAK_REACHED","NDVI_HARVEST_DROP"],"baseline_subtype":"upland_crop_signal","cultivation_subtype":"upland_crop_signal","subtype_confidence":0.987,"subtype_reason_codes":["NO_SAR_FLOOD_SIGNAL","NDVI_GROWTH_RISE","NDVI_PEAK_REACHED"],"change_type":"stable","change_confidence":0.8951,"change_reason_codes":["YEAR_STATUS_COMPARISON","BOUNDARY_VINTAGE_DIFFERENCE"],"reference_label":null,"evidence_strength":null,"evidence_sources":[],"evidence_dates":[],"review_status":"not_reviewed","polygon_vintage":2026,"valid_s2_count":35,"valid_s1_count":29,"observation_quality":0.9986,"quality_flags":["BOUNDARY_VINTAGE_DIFFERENCE"],"ndvi_max":0.6186219453811646,"ndvi_amplitude":0.6489249765872954,"ndvi_may":0.03628723323345185,"ndvi_aug":0.5899001359939575,"vh_may_db":-21.038158416748047,"vh_aug_db":-15.416517734527588,"centroid_lat":37.619216,"centroid_lon":141.0069751,"declaration_match":"match","declared_crop":"unknown","declared_status":"unknown","priority_components":{"declaration":0,"status":0,"change":0,"evidence_uncertainty":0,"area":8.9051},"priority_score":8.91,"auto_candidate":false}},{"type":"Feature","geometry":{"type":"Polygon","coordinates":[[[141.007756697,37.610152956],[141.007778686,37.610196061],[141.007837634,37.610180405],[141.007896345,37.610149683],[141.007955055,37.61011896],[141.007911553,37.610062884],[141.007885809,37.610081976],[141.007827098,37.610112699],[141.007756697,37.610152956]]]},"properties":{"field_id":"maff-2026-6ec101ad-2339-461a-a8cf-8bf46141b071","source_polygon_id":"6ec101ad-2339-461a-a8cf-8bf46141b071","field_id_method":"source_id","municipality":"南相馬市","area_ha":0.011381,"source_land_type":200,"declaration_source":"synthetic_demo","is_synthetic_declaration":true,"baseline_year":2024,"target_year":2025,"baseline_status":"insufficient_observation","status":"insufficient_observation","baseline_confidence":null,"confidence":null,"reason_codes":["INSUFFICIENT_OPTICAL_OBSERVATIONS"],"baseline_subtype":"not_evaluated","cultivation_subtype":"not_evaluated","subtype_confidence":null,"subtype_reason_codes":[],"change_type":"change_uncertain","change_confidence":null,"change_reason_codes":["OBSERVATION_LIMITS_YEAR_COMPARISON"],"reference_label":null,"evidence_strength":null,"evidence_sources":[],"evidence_dates":[],"review_status":"not_reviewed","polygon_vintage":2026,"valid_s2_count":0,"valid_s1_count":0,"observation_quality":0.0,"quality_flags":["BOUNDARY_VINTAGE_DIFFERENCE","SMALL_FIELD_SEVERE","SMALL_FIELD_MIXED_PIXEL","HARVEST_WINDOW_INCOMPLETE"],"ndvi_max":null,"ndvi_amplitude":null,"ndvi_may":null,"ndvi_aug":null,"vh_may_db":null,"vh_aug_db":null,"centroid_lat":37.6101338,"centroid_lon":141.0078556,"declaration_match":"unavailable","declared_crop":"not_declared","declared_status":"not_submitted","priority_components":{"declaration":0,"status":20,"change":9,"evidence_uncertainty":10.0,"area":0.6569},"priority_score":39.66,"auto_candidate":true}},{"type":"Feature","geometry":{"type":"Polygon","coordinates":[[[141.01290142,37.614164334],[141.01314015,37.61405423],[141.012773367,37.613595457],[141.012742904,37.613588332],[141.01269155,37.613588846],[141.012587388,37.613645602],[141.01254336,37.613666472],[141.012534375,37.613688848],[141.012575171,37.613759013],[141.012706167,37.613922993],[141.012844371,37.614099902],[141.01290142,37.614164334]]]},"properties":{"field_id":"maff-2026-6f29ea3c-7056-4adc-ab22-d3857494cef1","source_polygon_id":"6f29ea3c-7056-4adc-ab22-d3857494cef1","field_id_method":"source_id","municipality":"南相馬市","area_ha":0.155521,"source_land_type":100,"declaration_source":"synthetic_demo","is_synthetic_declaration":true,"baseline_year":2024,"target_year":2025,"baseline_status":"review_required","status":"cultivation_signal","baseline_confidence":0.8857,"confidence":0.9464,"reason_codes":["NO_SAR_FLOOD_SIGNAL","NDVI_GROWTH_RISE","NDVI_PEAK_REACHED","NDVI_HARVEST_DROP"],"baseline_subtype":"mixed_or_unknown","cultivation_subtype":"upland_crop_signal","subtype_confidence":0.9464,"subtype_reason_codes":["NO_SAR_FLOOD_SIGNAL","NDVI_GROWTH_RISE","NDVI_PEAK_REACHED"],"change_type":"change_uncertain","change_confidence":0.8857,"change_reason_codes":["YEAR_STATUS_COMPARISON","BOUNDARY_VINTAGE_DIFFERENCE"],"reference_label":null,"evidence_strength":null,"evidence_sources":[],"evidence_dates":[],"review_status":"not_reviewed","polygon_vintage":2026,"valid_s2_count":38,"valid_s1_count":29,"observation_quality":1.0,"quality_flags":["BOUNDARY_VINTAGE_DIFFERENCE"],"ndvi_max":0.5830169320106506,"ndvi_amplitude":0.5257933661341667,"ndvi_may":0.06261675432324405,"ndvi_aug":0.5462336540222168,"vh_may_db":-20.730323791503903,"vh_aug_db":-14.497386932373047,"centroid_lat":37.6138688,"centroid_lon":141.0128275,"declaration_match":"mismatch","declared_crop":"paddy_rice","declared_status":"planned_cultivation","priority_components":{"declaration":40,"status":0,"change":9,"evidence_uncertainty":0,"area":4.9635},"priority_score":53.96,"auto_candidate":true}},{"type":"Feature","geometry":{"type":"Polygon","coordinates":[[[141.007936091,37.610418646],[141.007976871,37.610452146],[141.008001049,37.610483927],[141.008006495,37.61052908],[141.008016201,37.610544053],[141.00804245,37.610556977],[141.008085241,37.610567853],[141.008120694,37.610563732],[141.008136791,37.610533434],[141.008152652,37.610488069],[141.008170732,37.610433264],[141.008193843,37.610397244],[141.008075176,37.61037959],[141.007949497,37.610367655],[141.007936091,37.610418646]]]},"properties":{"field_id":"maff-2026-6fa2d627-3852-4220-b4d3-62600a93ed5f","source_polygon_id":"6fa2d627-3852-4220-b4d3-62600a93ed5f","field_id_method":"source_id","municipality":"南相馬市","area_ha":0.031483,"source_land_type":200,"declaration_source":"synthetic_demo","is_synthetic_declaration":true,"baseline_year":2024,"target_year":2025,"baseline_status":"review_required","status":"review_required","baseline_confidence":0.79,"confidence":0.79,"reason_codes":["NO_SAR_FLOOD_SIGNAL","NDVI_PEAK_LOW","NDVI_AMPLITUDE_LOW","SMALL_FIELD_SEVERE"],"baseline_subtype":"mixed_or_unknown","cultivation_subtype":"mixed_or_unknown","subtype_confidence":null,"subtype_reason_codes":["NO_SAR_FLOOD_SIGNAL"],"change_type":"change_uncertain","change_confidence":0.79,"change_reason_codes":["YEAR_STATUS_COMPARISON","BOUNDARY_VINTAGE_DIFFERENCE"],"reference_label":null,"evidence_strength":null,"evidence_sources":[],"evidence_dates":[],"review_status":"not_reviewed","polygon_vintage":2026,"valid_s2_count":42,"valid_s1_count":29,"observation_quality":0.9812,"quality_flags":["BOUNDARY_VINTAGE_DIFFERENCE","SMALL_FIELD_SEVERE","SMALL_FIELD_MIXED_PIXEL"],"ndvi_max":0.4649933874607086,"ndvi_amplitude":0.23306243121623993,"ndvi_may":0.35291166603565216,"ndvi_aug":0.3951841294765472,"vh_may_db":-17.173906326293945,"vh_aug_db":-15.08691120147705,"centroid_lat":37.6104565,"centroid_lon":141.0080651,"declaration_match":"match","declared_crop":"unknown","declared_status":"unknown","priority_components":{"declaration":0,"status":23,"change":9,"evidence_uncertainty":2.1,"area":2.2628},"priority_score":36.36,"auto_candidate":true}},{"type":"Feature","geometry":{"type":"Polygon","coordinates":[[[141.01532058,37.621096325],[141.015349511,37.621128684],[141.015589481,37.621128791],[141.016138757,37.621120775],[141.016133692,37.620402534],[141.016121927,37.620004503],[141.016040851,37.619994123],[141.015924778,37.619995287],[141.015527229,37.619993674],[141.015421753,37.619997529],[141.015337426,37.620003971],[141.015321434,37.620104867],[141.015320778,37.620507819],[141.015320344,37.62092476],[141.015318598,37.621036707],[141.01532058,37.621096325]]]},"properties":{"field_id":"maff-2026-702b1b70-5e47-4639-a85f-31aeea7ebeb4","source_polygon_id":"702b1b70-5e47-4639-a85f-31aeea7ebeb4","field_id_method":"source_id","municipality":"南相馬市","area_ha":0.897702,"source_land_type":100,"declaration_source":"synthetic_demo","is_synthetic_declaration":true,"baseline_year":2024,"target_year":2025,"baseline_status":"insufficient_observation","status":"insufficient_observation","baseline_confidence":null,"confidence":null,"reason_codes":["INSUFFICIENT_OPTICAL_OBSERVATIONS"],"baseline_subtype":"not_evaluated","cultivation_subtype":"not_evaluated","subtype_confidence":null,"subtype_reason_codes":[],"change_type":"change_uncertain","change_confidence":null,"change_reason_codes":["OBSERVATION_LIMITS_YEAR_COMPARISON"],"reference_label":null,"evidence_strength":null,"evidence_sources":[],"evidence_dates":[],"review_status":"not_reviewed","polygon_vintage":2026,"valid_s2_count":0,"valid_s1_count":0,"observation_quality":0.0,"quality_flags":["BOUNDARY_VINTAGE_DIFFERENCE","HARVEST_WINDOW_INCOMPLETE"],"ndvi_max":null,"ndvi_amplitude":null,"ndvi_may":null,"ndvi_aug":null,"vh_may_db":null,"vh_aug_db":null,"centroid_lat":37.6205632,"centroid_lon":141.0157271,"declaration_match":"not_comparable","declared_crop":"unknown","declared_status":"unknown","priority_components":{"declaration":20,"status":20,"change":9,"evidence_uncertainty":10.0,"area":8.9781},"priority_score":67.98,"auto_candidate":true}},{"type":"Feature","geometry":{"type":"Polygon","coordinates":[[[141.012117836,37.618117742],[141.012646076,37.617878606],[141.012985149,37.6177751],[141.012960165,37.617717993],[141.013131486,37.617664454],[141.013177885,37.617710854],[141.013259976,37.617696577],[141.012724598,37.617043415],[141.012656783,37.617036277],[141.012239187,37.617189753],[141.012082143,37.61728969],[141.011703809,37.617528826],[141.011682394,37.617603778],[141.012117836,37.618117742]]]},"properties":{"field_id":"maff-2026-704b9462-fbcc-4bf1-b0ac-38db041e9f25","source_polygon_id":"704b9462-fbcc-4bf1-b0ac-38db041e9f25","field_id_method":"source_id","municipality":"南相馬市","area_ha":0.900089,"source_land_type":100,"declaration_source":"synthetic_demo","is_synthetic_declaration":true,"baseline_year":2024,"target_year":2025,"baseline_status":"cultivation_signal","status":"review_required","baseline_confidence":0.9998,"confidence":0.8495,"reason_codes":["NO_SAR_FLOOD_SIGNAL","NDVI_GROWTH_RISE","NDVI_PEAK_REACHED","NDVI_HARVEST_DROP","NEAR_THRESHOLD"],"baseline_subtype":"upland_crop_signal","cultivation_subtype":"mixed_or_unknown","subtype_confidence":null,"subtype_reason_codes":["NO_SAR_FLOOD_SIGNAL","NDVI_GROWTH_RISE","NDVI_PEAK_REACHED"],"change_type":"change_uncertain","change_confidence":0.8495,"change_reason_codes":["YEAR_STATUS_COMPARISON","BOUNDARY_VINTAGE_DIFFERENCE"],"reference_label":null,"evidence_strength":null,"evidence_sources":[],"evidence_dates":[],"review_status":"not_reviewed","polygon_vintage":2026,"valid_s2_count":38,"valid_s1_count":29,"observation_quality":1.0,"quality_flags":["BOUNDARY_VINTAGE_DIFFERENCE"],"ndvi_max":0.5333473682403564,"ndvi_amplitude":0.49007019773125654,"ndvi_may":0.094315655529499,"ndvi_aug":0.5157750248908997,"vh_may_db":-20.35429954528809,"vh_aug_db":-14.732133865356445,"centroid_lat":37.6175678,"centroid_lon":141.0124257,"declaration_match":"not_comparable","declared_crop":"unknown","declared_status":"unknown","priority_components":{"declaration":20,"status":23,"change":9,"evidence_uncertainty":1.505,"area":9.0146},"priority_score":62.52,"auto_candidate":true}},{"type":"Feature","geometry":{"type":"Polygon","coordinates":[[[141.013834156,37.621143856],[141.014440622,37.621132245],[141.014440753,37.620967002],[141.014444145,37.620582708],[141.014441444,37.620411953],[141.014438402,37.620020187],[141.01442226,37.619997745],[141.014402842,37.619967802],[141.01378432,37.619989061],[141.013481326,37.620089708],[141.013506568,37.620195272],[141.013486878,37.620218372],[141.013596822,37.620497095],[141.013761803,37.62096124],[141.013821071,37.621107664],[141.013834156,37.621143856]]]},"properties":{"field_id":"maff-2026-7061da74-fbfd-4bfc-af74-6ff24e706164","source_polygon_id":"7061da74-fbfd-4bfc-af74-6ff24e706164","field_id_method":"source_id","municipality":"南相馬市","area_ha":0.908323,"source_land_type":100,"declaration_source":"synthetic_demo","is_synthetic_declaration":true,"baseline_year":2024,"target_year":2025,"baseline_status":"insufficient_observation","status":"insufficient_observation","baseline_confidence":null,"confidence":null,"reason_codes":["INSUFFICIENT_OPTICAL_OBSERVATIONS"],"baseline_subtype":"not_evaluated","cultivation_subtype":"not_evaluated","subtype_confidence":null,"subtype_reason_codes":[],"change_type":"change_uncertain","change_confidence":null,"change_reason_codes":["OBSERVATION_LIMITS_YEAR_COMPARISON"],"reference_label":null,"evidence_strength":null,"evidence_sources":[],"evidence_dates":[],"review_status":"not_reviewed","polygon_vintage":2026,"valid_s2_count":0,"valid_s1_count":0,"observation_quality":0.0,"quality_flags":["BOUNDARY_VINTAGE_DIFFERENCE","HARVEST_WINDOW_INCOMPLETE"],"ndvi_max":null,"ndvi_amplitude":null,"ndvi_may":null,"ndvi_aug":null,"vh_may_db":null,"vh_aug_db":null,"centroid_lat":37.6205233,"centroid_lon":141.0140341,"declaration_match":"mismatch","declared_crop":"upland_crop","declared_status":"planned_cultivation","priority_components":{"declaration":40,"status":20,"change":9,"evidence_uncertainty":10.0,"area":9.0876},"priority_score":88.09,"auto_candidate":true}},{"type":"Feature","geometry":{"type":"Polygon","coordinates":[[[141.013909093,37.610289688],[141.014295847,37.610290841],[141.01428602,37.610268336],[141.01424693,37.610192126],[141.014174558,37.610107459],[141.014129047,37.610124239],[141.014044138,37.610145181],[141.013984383,37.610159592],[141.013938752,37.610168839],[141.013907346,37.610179199],[141.013891841,37.610196935],[141.013894074,37.610238353],[141.013909093,37.610289688]]]},"properties":{"field_id":"maff-2026-7166551f-1d52-4403-912c-c493cb5858dd","source_polygon_id":"7166551f-1d52-4403-912c-c493cb5858dd","field_id_method":"source_id","municipality":"南相馬市","area_ha":0.051343,"source_land_type":100,"declaration_source":"synthetic_demo","is_synthetic_declaration":true,"baseline_year":2024,"target_year":2025,"baseline_status":"review_required","status":"review_required","baseline_confidence":0.6502,"confidence":0.6582,"reason_codes":["SIGNAL_CONFLICT","NEAR_THRESHOLD"],"baseline_subtype":"mixed_or_unknown","cultivation_subtype":"mixed_or_unknown","subtype_confidence":null,"subtype_reason_codes":[],"change_type":"change_uncertain","change_confidence":0.6502,"change_reason_codes":["YEAR_STATUS_COMPARISON","BOUNDARY_VINTAGE_DIFFERENCE"],"reference_label":null,"evidence_strength":null,"evidence_sources":[],"evidence_dates":[],"review_status":"not_reviewed","polygon_vintage":2026,"valid_s2_count":40,"valid_s1_count":29,"observation_quality":1.0,"quality_flags":["BOUNDARY_VINTAGE_DIFFERENCE","SMALL_FIELD_WARNING","SMALL_FIELD_MIXED_PIXEL"],"ndvi_max":0.6114221811294556,"ndvi_amplitude":0.45221319794654846,"ndvi_may":0.3997778594493866,"ndvi_aug":0.5791094303131104,"vh_may_db":-14.072559356689451,"vh_aug_db":-15.081677436828613,"centroid_lat":37.6102188,"centroid_lon":141.0140887,"declaration_match":"match","declared_crop":"upland_crop","declared_status":"planned_cultivation","priority_components":{"declaration":0,"status":23,"change":9,"evidence_uncertainty":3.418,"area":3.2847},"priority_score":38.7,"auto_candidate":true}},{"type":"Feature","geometry":{"type":"Polygon","coordinates":[[[141.012792592,37.620249965],[141.013247929,37.620092209],[141.013231906,37.620077301],[141.013272787,37.620066846],[141.012998618,37.619301066],[141.012922835,37.619100903],[141.012809249,37.61890614],[141.012436751,37.619110785],[141.012033,37.619335832],[141.012378087,37.619794501],[141.012719625,37.620228091],[141.012757271,37.620212645],[141.012792592,37.620249965]]]},"properties":{"field_id":"maff-2026-74154edf-e7ec-44a9-a98e-84667ca13691","source_polygon_id":"74154edf-e7ec-44a9-a98e-84667ca13691","field_id_method":"source_id","municipality":"南相馬市","area_ha":0.874396,"source_land_type":100,"declaration_source":"synthetic_demo","is_synthetic_declaration":true,"baseline_year":2024,"target_year":2025,"baseline_status":"insufficient_observation","status":"review_required","baseline_confidence":null,"confidence":0.8819,"reason_codes":["NO_SAR_FLOOD_SIGNAL","NDVI_GROWTH_RISE","NDVI_PEAK_REACHED","NDVI_HARVEST_DROP","NEAR_THRESHOLD"],"baseline_subtype":"not_evaluated","cultivation_subtype":"mixed_or_unknown","subtype_confidence":null,"subtype_reason_codes":["NO_SAR_FLOOD_SIGNAL","NDVI_GROWTH_RISE","NDVI_PEAK_REACHED"],"change_type":"change_uncertain","change_confidence":null,"change_reason_codes":["OBSERVATION_LIMITS_YEAR_COMPARISON"],"reference_label":null,"evidence_strength":null,"evidence_sources":[],"evidence_dates":[],"review_status":"not_reviewed","polygon_vintage":2026,"valid_s2_count":38,"valid_s1_count":29,"observation_quality":0.9717,"quality_flags":["BOUNDARY_VINTAGE_DIFFERENCE"],"ndvi_max":0.5575252771377563,"ndvi_amplitude":0.46871501207351685,"ndvi_may":0.1137085519731044,"ndvi_aug":0.5327327251434326,"vh_may_db":-20.824848175048828,"vh_aug_db":-15.141456127166748,"centroid_lat":37.6195966,"centroid_lon":141.0127054,"declaration_match":"not_comparable","declared_crop":"unknown","declared_status":"unknown","priority_components":{"declaration":20,"status":23,"change":9,"evidence_uncertainty":1.181,"area":8.8321},"priority_score":62.01,"auto_candidate":true}},{"type":"Feature","geometry":{"type":"Polygon","coordinates":[[[141.014469875,37.614146525],[141.014535867,37.614127028],[141.014513815,37.614080158],[141.014511238,37.614066998],[141.014586582,37.614039874],[141.014569175,37.613987306],[141.014395969,37.614048632],[141.014418845,37.614064156],[141.014438352,37.61409975],[141.014469875,37.614146525]]]},"properties":{"field_id":"maff-2026-76424de4-4d25-4eb7-b760-e44538a2d47d","source_polygon_id":"76424de4-4d25-4eb7-b760-e44538a2d47d","field_id_method":"source_id","municipality":"南相馬市","area_ha":0.013708,"source_land_type":200,"declaration_source":"synthetic_demo","is_synthetic_declaration":true,"baseline_year":2024,"target_year":2025,"baseline_status":"insufficient_observation","status":"insufficient_observation","baseline_confidence":null,"confidence":null,"reason_codes":["INSUFFICIENT_OPTICAL_OBSERVATIONS"],"baseline_subtype":"not_evaluated","cultivation_subtype":"not_evaluated","subtype_confidence":null,"subtype_reason_codes":[],"change_type":"change_uncertain","change_confidence":null,"change_reason_codes":["OBSERVATION_LIMITS_YEAR_COMPARISON"],"reference_label":null,"evidence_strength":null,"evidence_sources":[],"evidence_dates":[],"review_status":"not_reviewed","polygon_vintage":2026,"valid_s2_count":0,"valid_s1_count":0,"observation_quality":0.0,"quality_flags":["BOUNDARY_VINTAGE_DIFFERENCE","SMALL_FIELD_SEVERE","SMALL_FIELD_MIXED_PIXEL","HARVEST_WINDOW_INCOMPLETE"],"ndvi_max":null,"ndvi_amplitude":null,"ndvi_may":null,"ndvi_aug":null,"vh_may_db":null,"vh_aug_db":null,"centroid_lat":37.6140634,"centroid_lon":141.0144945,"declaration_match":"unavailable","declared_crop":"not_declared","declared_status":"not_submitted","priority_components":{"declaration":0,"status":20,"change":9,"evidence_uncertainty":10.0,"area":0.9124},"priority_score":39.91,"auto_candidate":true}},{"type":"Feature","geometry":{"type":"Polygon","coordinates":[[[141.009741099,37.614048235],[141.009863635,37.613990601],[141.009863273,37.613967622],[141.009814655,37.613882444],[141.009666153,37.613959141],[141.009741099,37.614048235]]]},"properties":{"field_id":"maff-2026-7720d1df-1fbb-4561-8e42-10f9a8ac02ad","source_polygon_id":"7720d1df-1fbb-4561-8e42-10f9a8ac02ad","field_id_method":"source_id","municipality":"南相馬市","area_ha":0.017694,"source_land_type":200,"declaration_source":"synthetic_demo","is_synthetic_declaration":true,"baseline_year":2024,"target_year":2025,"baseline_status":"insufficient_observation","status":"insufficient_observation","baseline_confidence":null,"confidence":null,"reason_codes":["INSUFFICIENT_OPTICAL_OBSERVATIONS"],"baseline_subtype":"not_evaluated","cultivation_subtype":"not_evaluated","subtype_confidence":null,"subtype_reason_codes":[],"change_type":"change_uncertain","change_confidence":null,"change_reason_codes":["OBSERVATION_LIMITS_YEAR_COMPARISON"],"reference_label":null,"evidence_strength":null,"evidence_sources":[],"evidence_dates":[],"review_status":"not_reviewed","polygon_vintage":2026,"valid_s2_count":0,"valid_s1_count":0,"observation_quality":0.0,"quality_flags":["BOUNDARY_VINTAGE_DIFFERENCE","SMALL_FIELD_SEVERE","SMALL_FIELD_MIXED_PIXEL","HARVEST_WINDOW_INCOMPLETE"],"ndvi_max":null,"ndvi_amplitude":null,"ndvi_may":null,"ndvi_aug":null,"vh_may_db":null,"vh_aug_db":null,"centroid_lat":37.6139674,"centroid_lon":141.0097731,"declaration_match":"match","declared_crop":"unknown","declared_status":"unknown","priority_components":{"declaration":0,"status":20,"change":9,"evidence_uncertainty":10.0,"area":1.5328},"priority_score":40.53,"auto_candidate":true}},{"type":"Feature","geometry":{"type":"Polygon","coordinates":[[[141.012331288,37.615560474],[141.012549716,37.615447157],[141.012405313,37.615299793],[141.012306458,37.615187763],[141.012111439,37.615283893],[141.012167111,37.615360566],[141.012278012,37.615485661],[141.012331288,37.615560474]]]},"properties":{"field_id":"maff-2026-77b8978d-2ba9-4f93-963d-a3c9dcf1a7b9","source_polygon_id":"77b8978d-2ba9-4f93-963d-a3c9dcf1a7b9","field_id_method":"source_id","municipality":"南相馬市","area_ha":0.077113,"source_land_type":200,"declaration_source":"synthetic_demo","is_synthetic_declaration":true,"baseline_year":2024,"target_year":2025,"baseline_status":"review_required","status":"review_required","baseline_confidence":0.79,"confidence":0.7564,"reason_codes":["SIGNAL_CONFLICT"],"baseline_subtype":"mixed_or_unknown","cultivation_subtype":"mixed_or_unknown","subtype_confidence":null,"subtype_reason_codes":[],"change_type":"change_uncertain","change_confidence":0.7564,"change_reason_codes":["YEAR_STATUS_COMPARISON","BOUNDARY_VINTAGE_DIFFERENCE"],"reference_label":null,"evidence_strength":null,"evidence_sources":[],"evidence_dates":[],"review_status":"not_reviewed","polygon_vintage":2026,"valid_s2_count":42,"valid_s1_count":29,"observation_quality":1.0,"quality_flags":["BOUNDARY_VINTAGE_DIFFERENCE","SMALL_FIELD_WARNING","SMALL_FIELD_MIXED_PIXEL"],"ndvi_max":0.4115240275859833,"ndvi_amplitude":0.3025452718138695,"ndvi_may":0.1263101622462272,"ndvi_aug":0.1361274719238281,"vh_may_db":-16.335880279541016,"vh_aug_db":-16.1810564994812,"centroid_lat":37.6153727,"centroid_lon":141.0123256,"declaration_match":"mismatch","declared_crop":"upland_crop","declared_status":"planned_cultivation","priority_components":{"declaration":40,"status":23,"change":9,"evidence_uncertainty":2.436,"area":3.6496},"priority_score":78.09,"auto_candidate":true}},{"type":"Feature","geometry":{"type":"Polygon","coordinates":[[[141.009817213,37.613716377],[141.010380756,37.613638613],[141.010203848,37.61341264],[141.010115089,37.613446954],[141.009545395,37.613371556],[141.009476012,37.613363771],[141.009668554,37.613580119],[141.009766474,37.613708406],[141.009817213,37.613716377]]]},"properties":{"field_id":"maff-2026-79777ed5-c966-417c-a11f-8a1051bb74ef","source_polygon_id":"79777ed5-c966-417c-a11f-8a1051bb74ef","field_id_method":"source_id","municipality":"南相馬市","area_ha":0.178307,"source_land_type":100,"declaration_source":"synthetic_demo","is_synthetic_declaration":true,"baseline_year":2024,"target_year":2025,"baseline_status":"cultivation_signal","status":"review_required","baseline_confidence":0.9498,"confidence":0.857,"reason_codes":["NO_SAR_FLOOD_SIGNAL","NDVI_GROWTH_RISE","NDVI_PEAK_REACHED","NDVI_HARVEST_DROP","NEAR_THRESHOLD"],"baseline_subtype":"upland_crop_signal","cultivation_subtype":"mixed_or_unknown","subtype_confidence":null,"subtype_reason_codes":["NO_SAR_FLOOD_SIGNAL","NDVI_GROWTH_RISE","NDVI_PEAK_REACHED"],"change_type":"change_uncertain","change_confidence":0.857,"change_reason_codes":["YEAR_STATUS_COMPARISON","BOUNDARY_VINTAGE_DIFFERENCE"],"reference_label":null,"evidence_strength":null,"evidence_sources":[],"evidence_dates":[],"review_status":"not_reviewed","polygon_vintage":2026,"valid_s2_count":41,"valid_s1_count":29,"observation_quality":1.0,"quality_flags":["BOUNDARY_VINTAGE_DIFFERENCE"],"ndvi_max":0.5421974658966064,"ndvi_amplitude":0.4917034171521664,"ndvi_may":0.12318957969546315,"ndvi_aug":0.5281370282173157,"vh_may_db":-18.90567779541016,"vh_aug_db":-12.749520301818848,"centroid_lat":37.6135437,"centroid_lon":141.0099368,"declaration_match":"mismatch","declared_crop":"upland_crop","declared_status":"planned_cultivation","priority_components":{"declaration":40,"status":23,"change":9,"evidence_uncertainty":1.43,"area":5.146},"priority_score":78.58,"auto_candidate":true}},{"type":"Feature","geometry":{"type":"Polygon","coordinates":[[[141.008175062,37.609435834],[141.008242158,37.609486652],[141.008402925,37.609571698],[141.008471461,37.609613712],[141.008566253,37.609518586],[141.00855341,37.6095049],[141.008518629,37.609501479],[141.008477278,37.609481799],[141.008263679,37.60934956],[141.008221323,37.609366307],[141.008175062,37.609435834]]]},"properties":{"field_id":"maff-2026-7a446a7a-780c-4637-af06-546e6ecf71a9","source_polygon_id":"7a446a7a-780c-4637-af06-546e6ecf71a9","field_id_method":"source_id","municipality":"南相馬市","area_ha":0.0425,"source_land_type":100,"declaration_source":"synthetic_demo","is_synthetic_declaration":true,"baseline_year":2024,"target_year":2025,"baseline_status":"review_required","status":"review_required","baseline_confidence":0.79,"confidence":0.4846,"reason_codes":["SIGNAL_CONFLICT","NEAR_THRESHOLD","SMALL_FIELD_SEVERE","LOW_CONFIDENCE"],"baseline_subtype":"mixed_or_unknown","cultivation_subtype":"mixed_or_unknown","subtype_confidence":null,"subtype_reason_codes":[],"change_type":"change_uncertain","change_confidence":0.4846,"change_reason_codes":["YEAR_STATUS_COMPARISON","BOUNDARY_VINTAGE_DIFFERENCE"],"reference_label":null,"evidence_strength":null,"evidence_sources":[],"evidence_dates":[],"review_status":"not_reviewed","polygon_vintage":2026,"valid_s2_count":41,"valid_s1_count":29,"observation_quality":0.8824,"quality_flags":["BOUNDARY_VINTAGE_DIFFERENCE","SMALL_FIELD_SEVERE","SMALL_FIELD_MIXED_PIXEL"],"ndvi_max":0.5754386186599731,"ndvi_amplitude":0.41783460974693304,"ndvi_may":0.2714617252349853,"ndvi_aug":0.4919694364070892,"vh_may_db":-15.613641738891602,"vh_aug_db":-14.936593055725098,"centroid_lat":37.6094801,"centroid_lon":141.0083623,"declaration_match":"match","declared_crop":"unknown","declared_status":"unknown","priority_components":{"declaration":0,"status":23,"change":9,"evidence_uncertainty":5.154,"area":2.7737},"priority_score":39.93,"auto_candidate":true}},{"type":"Feature","geometry":{"type":"Polygon","coordinates":[[[141.007943595,37.609672965],[141.00804711,37.609730956],[141.008254041,37.609840658],[141.008410858,37.609674591],[141.008413639,37.609650705],[141.008405372,37.609626927],[141.008129904,37.609475212],[141.007943595,37.609672965]]]},"properties":{"field_id":"maff-2026-7c2f6697-7e8a-439b-a3fe-3be599891f3e","source_polygon_id":"7c2f6697-7e8a-439b-a3fe-3be599891f3e","field_id_method":"source_id","municipality":"南相馬市","area_ha":0.089971,"source_land_type":100,"declaration_source":"synthetic_demo","is_synthetic_declaration":true,"baseline_year":2024,"target_year":2025,"baseline_status":"fallow_candidate","status":"fallow_candidate","baseline_confidence":0.79,"confidence":0.79,"reason_codes":["NO_SAR_FLOOD_SIGNAL","NDVI_PEAK_LOW","NDVI_AMPLITUDE_LOW"],"baseline_subtype":"mixed_or_unknown","cultivation_subtype":"mixed_or_unknown","subtype_confidence":null,"subtype_reason_codes":["NO_SAR_FLOOD_SIGNAL"],"change_type":"stable","change_confidence":0.79,"change_reason_codes":["YEAR_STATUS_COMPARISON","BOUNDARY_VINTAGE_DIFFERENCE"],"reference_label":null,"evidence_strength":null,"evidence_sources":[],"evidence_dates":[],"review_status":"not_reviewed","polygon_vintage":2026,"valid_s2_count":40,"valid_s1_count":29,"observation_quality":0.8989,"quality_flags":["BOUNDARY_VINTAGE_DIFFERENCE","SMALL_FIELD_WARNING","SMALL_FIELD_MIXED_PIXEL"],"ndvi_max":0.5403019189834595,"ndvi_amplitude":0.45070964097976685,"ndvi_may":0.173505961894989,"ndvi_aug":0.2995169162750244,"vh_may_db":-14.168261528015137,"vh_aug_db":-15.904499530792236,"centroid_lat":37.6096587,"centroid_lon":141.0081894,"declaration_match":"match","declared_crop":"paddy_rice","declared_status":"planned_cultivation","priority_components":{"declaration":0,"status":25,"change":0,"evidence_uncertainty":7.9,"area":4.0146},"priority_score":36.91,"auto_candidate":true}},{"type":"Feature","geometry":{"type":"Polygon","coordinates":[[[141.017083662,37.612401064],[141.017574544,37.612165735],[141.017056298,37.611510431],[141.017019178,37.611510431],[141.016590875,37.611728866],[141.016572077,37.611762179],[141.017083662,37.612401064]]]},"properties":{"field_id":"maff-2026-7c891d8b-25b2-49ec-ad66-efcefc5600f3","source_polygon_id":"7c891d8b-25b2-49ec-ad66-efcefc5600f3","field_id_method":"source_id","municipality":"南相馬市","area_ha":0.441263,"source_land_type":100,"declaration_source":"synthetic_demo","is_synthetic_declaration":true,"baseline_year":2024,"target_year":2025,"baseline_status":"cultivation_signal","status":"cultivation_signal","baseline_confidence":1.0,"confidence":0.9978,"reason_codes":["NO_SAR_FLOOD_SIGNAL","NDVI_GROWTH_RISE","NDVI_PEAK_REACHED","NDVI_HARVEST_DROP"],"baseline_subtype":"upland_crop_signal","cultivation_subtype":"upland_crop_signal","subtype_confidence":0.9978,"subtype_reason_codes":["NO_SAR_FLOOD_SIGNAL","NDVI_GROWTH_RISE","NDVI_PEAK_REACHED"],"change_type":"stable","change_confidence":0.9978,"change_reason_codes":["YEAR_STATUS_COMPARISON","BOUNDARY_VINTAGE_DIFFERENCE"],"reference_label":null,"evidence_strength":null,"evidence_sources":[],"evidence_dates":[],"review_status":"not_reviewed","polygon_vintage":2026,"valid_s2_count":41,"valid_s1_count":29,"observation_quality":1.0,"quality_flags":["BOUNDARY_VINTAGE_DIFFERENCE"],"ndvi_max":0.6265369653701782,"ndvi_amplitude":0.6677592992782593,"ndvi_may":0.0223770648008212,"ndvi_aug":0.5982149839401245,"vh_may_db":-21.79332733154297,"vh_aug_db":-16.123282432556152,"centroid_lat":37.6119518,"centroid_lon":141.0170663,"declaration_match":"mismatch","declared_crop":"paddy_rice","declared_status":"planned_cultivation","priority_components":{"declaration":40,"status":0,"change":0,"evidence_uncertainty":0,"area":6.3869},"priority_score":46.39,"auto_candidate":true}},{"type":"Feature","geometry":{"type":"Polygon","coordinates":[[[141.008105655,37.617627491],[141.008306694,37.617916352],[141.008391958,37.617877554],[141.008962289,37.617589724],[141.009017569,37.617561825],[141.009280262,37.617424768],[141.00930596,37.617409064],[141.009310243,37.617386221],[141.009274551,37.61733768],[141.009044695,37.617162076],[141.009018997,37.617163503],[141.008993299,37.617174925],[141.008909066,37.617317692],[141.008891933,37.617317692],[141.008853386,37.617313409],[141.008737744,37.617306271],[141.008707763,37.617311982],[141.008688405,37.617326539],[141.008105655,37.617627491]]]},"properties":{"field_id":"maff-2026-7d60ddb1-432f-450e-8bff-0a2dd4714b0e","source_polygon_id":"7d60ddb1-432f-450e-8bff-0a2dd4714b0e","field_id_method":"source_id","municipality":"南相馬市","area_ha":0.369526,"source_land_type":100,"declaration_source":"synthetic_demo","is_synthetic_declaration":true,"baseline_year":2024,"target_year":2025,"baseline_status":"cultivation_signal","status":"cultivation_signal","baseline_confidence":1.0,"confidence":0.945,"reason_codes":["NO_SAR_FLOOD_SIGNAL","NDVI_GROWTH_RISE","NDVI_PEAK_REACHED","NDVI_HARVEST_DROP"],"baseline_subtype":"upland_crop_signal","cultivation_subtype":"upland_crop_signal","subtype_confidence":0.945,"subtype_reason_codes":["NO_SAR_FLOOD_SIGNAL","NDVI_GROWTH_RISE","NDVI_PEAK_REACHED"],"change_type":"stable","change_confidence":0.945,"change_reason_codes":["YEAR_STATUS_COMPARISON","BOUNDARY_VINTAGE_DIFFERENCE"],"reference_label":null,"evidence_strength":null,"evidence_sources":[],"evidence_dates":[],"review_status":"not_reviewed","polygon_vintage":2026,"valid_s2_count":39,"valid_s1_count":29,"observation_quality":1.0,"quality_flags":["BOUNDARY_VINTAGE_DIFFERENCE"],"ndvi_max":0.5830287933349609,"ndvi_amplitude":0.5062553733587265,"ndvi_may":0.1141412258148193,"ndvi_aug":0.5560381412506104,"vh_may_db":-19.17508316040039,"vh_aug_db":-13.593174934387207,"centroid_lat":37.6175348,"centroid_lon":141.008693,"declaration_match":"match","declared_crop":"other_crop","declared_status":"planned_fallow","priority_components":{"declaration":0,"status":0,"change":0,"evidence_uncertainty":0,"area":6.0219},"priority_score":6.02,"auto_candidate":false}},{"type":"Feature","geometry":{"type":"Polygon","coordinates":[[[141.007990833,37.616944214],[141.008130982,37.617086409],[141.008228316,37.617048509],[141.008278033,37.617030729],[141.008279086,37.61702874],[141.00828399,37.617019476],[141.008290882,37.617006459],[141.008292309,37.616996465],[141.008288026,37.616987899],[141.008265183,37.61697505],[141.008163844,37.616944982],[141.008134343,37.616938127],[141.008016768,37.616910805],[141.00799107,37.616920798],[141.007990854,37.616942102],[141.007990833,37.616944214]]]},"properties":{"field_id":"maff-2026-7e0f8a8f-2756-48ae-ba1e-fecfb3169f11","source_polygon_id":"7e0f8a8f-2756-48ae-ba1e-fecfb3169f11","field_id_method":"source_id","municipality":"南相馬市","area_ha":0.027627,"source_land_type":200,"declaration_source":"synthetic_demo","is_synthetic_declaration":true,"baseline_year":2024,"target_year":2025,"baseline_status":"review_required","status":"review_required","baseline_confidence":0.6464,"confidence":0.79,"reason_codes":["NO_SAR_FLOOD_SIGNAL","NDVI_PEAK_LOW","NDVI_AMPLITUDE_LOW","NEAR_THRESHOLD","SMALL_FIELD_SEVERE"],"baseline_subtype":"mixed_or_unknown","cultivation_subtype":"mixed_or_unknown","subtype_confidence":null,"subtype_reason_codes":["NO_SAR_FLOOD_SIGNAL"],"change_type":"change_uncertain","change_confidence":0.6464,"change_reason_codes":["YEAR_STATUS_COMPARISON","BOUNDARY_VINTAGE_DIFFERENCE"],"reference_label":null,"evidence_strength":null,"evidence_sources":[],"evidence_dates":[],"review_status":"not_reviewed","polygon_vintage":2026,"valid_s2_count":38,"valid_s1_count":29,"observation_quality":1.0,"quality_flags":["BOUNDARY_VINTAGE_DIFFERENCE","SMALL_FIELD_SEVERE","SMALL_FIELD_MIXED_PIXEL"],"ndvi_max":0.4303150177001953,"ndvi_amplitude":0.2664732038974762,"ndvi_may":0.2287145256996154,"ndvi_aug":0.3321021795272827,"vh_may_db":-19.44692611694336,"vh_aug_db":-17.008285522460938,"centroid_lat":37.6169941,"centroid_lon":141.00814,"declaration_match":"match","declared_crop":"unknown","declared_status":"unknown","priority_components":{"declaration":0,"status":23,"change":9,"evidence_uncertainty":2.1,"area":2.0803},"priority_score":36.18,"auto_candidate":true}},{"type":"Feature","geometry":{"type":"Polygon","coordinates":[[[141.009042946,37.612615614],[141.009024178,37.61256802],[141.008483749,37.61283142],[141.008542678,37.612886577],[141.009042946,37.612615614]]]},"properties":{"field_id":"maff-2026-7e1b13ce-1dd4-40e7-a09f-100e6b6b8ccb","source_polygon_id":"7e1b13ce-1dd4-40e7-a09f-100e6b6b8ccb","field_id_method":"source_id","municipality":"南相馬市","area_ha":0.03634,"source_land_type":200,"declaration_source":"synthetic_demo","is_synthetic_declaration":true,"baseline_year":2024,"target_year":2025,"baseline_status":"review_required","status":"review_required","baseline_confidence":0.79,"confidence":0.7739,"reason_codes":["NO_SAR_FLOOD_SIGNAL","NDVI_PEAK_LOW","NDVI_AMPLITUDE_LOW","NEAR_THRESHOLD","SMALL_FIELD_SEVERE"],"baseline_subtype":"mixed_or_unknown","cultivation_subtype":"mixed_or_unknown","subtype_confidence":null,"subtype_reason_codes":["NO_SAR_FLOOD_SIGNAL"],"change_type":"change_uncertain","change_confidence":0.7739,"change_reason_codes":["YEAR_STATUS_COMPARISON","BOUNDARY_VINTAGE_DIFFERENCE"],"reference_label":null,"evidence_strength":null,"evidence_sources":[],"evidence_dates":[],"review_status":"not_reviewed","polygon_vintage":2026,"valid_s2_count":39,"valid_s1_count":29,"observation_quality":0.9302,"quality_flags":["BOUNDARY_VINTAGE_DIFFERENCE","SMALL_FIELD_SEVERE","SMALL_FIELD_MIXED_PIXEL"],"ndvi_max":0.5057588815689087,"ndvi_amplitude":0.3099546879529953,"ndvi_may":0.26527407765388483,"ndvi_aug":0.3751187026500702,"vh_may_db":-16.344518661499023,"vh_aug_db":-15.139451503753662,"centroid_lat":37.612734,"centroid_lon":141.0087561,"declaration_match":"match","declared_crop":"unknown","declared_status":"unknown","priority_components":{"declaration":0,"status":23,"change":9,"evidence_uncertainty":2.261,"area":2.3723},"priority_score":36.63,"auto_candidate":true}},{"type":"Feature","geometry":{"type":"Polygon","coordinates":[[[141.015410553,37.619857366],[141.015463853,37.619902933],[141.015960566,37.619905907],[141.016127128,37.619885087],[141.016142,37.619662012],[141.015954617,37.619644166],[141.015960566,37.618466333],[141.015871336,37.618394949],[141.01546766,37.618629565],[141.015364867,37.618736164],[141.015410553,37.619857366]]]},"properties":{"field_id":"maff-2026-7f0fcea3-677d-4d69-a5ba-3d6993d6be51","source_polygon_id":"7f0fcea3-677d-4d69-a5ba-3d6993d6be51","field_id_method":"source_id","municipality":"南相馬市","area_ha":0.811278,"source_land_type":100,"declaration_source":"synthetic_demo","is_synthetic_declaration":true,"baseline_year":2024,"target_year":2025,"baseline_status":"insufficient_observation","status":"insufficient_observation","baseline_confidence":null,"confidence":null,"reason_codes":["INSUFFICIENT_OPTICAL_OBSERVATIONS","NDVI_HARVEST_DROP"],"baseline_subtype":"not_evaluated","cultivation_subtype":"not_evaluated","subtype_confidence":null,"subtype_reason_codes":[],"change_type":"change_uncertain","change_confidence":null,"change_reason_codes":["OBSERVATION_LIMITS_YEAR_COMPARISON"],"reference_label":null,"evidence_strength":null,"evidence_sources":[],"evidence_dates":[],"review_status":"not_reviewed","polygon_vintage":2026,"valid_s2_count":34,"valid_s1_count":29,"observation_quality":1.0,"quality_flags":["BOUNDARY_VINTAGE_DIFFERENCE"],"ndvi_max":0.5645756721496582,"ndvi_amplitude":0.4733790457248688,"ndvi_may":null,"ndvi_aug":0.5410497784614563,"vh_may_db":-20.711212158203125,"vh_aug_db":-15.544306755065918,"centroid_lat":37.6192308,"centroid_lon":141.0157021,"declaration_match":"mismatch","declared_crop":"upland_crop","declared_status":"planned_cultivation","priority_components":{"declaration":40,"status":20,"change":9,"evidence_uncertainty":0.0,"area":8.3942},"priority_score":77.39,"auto_candidate":true}},{"type":"Feature","geometry":{"type":"Polygon","coordinates":[[[141.00606048,37.608445152],[141.006095635,37.608422199],[141.006135288,37.608384132],[141.006084154,37.608294226],[141.005989905,37.608323417],[141.006014376,37.608374031],[141.006048406,37.608430203],[141.00606048,37.608445152]]]},"properties":{"field_id":"maff-2026-7fac5d9a-0999-4768-9822-f8626ec80a50","source_polygon_id":"7fac5d9a-0999-4768-9822-f8626ec80a50","field_id_method":"source_id","municipality":"南相馬市","area_ha":0.01203,"source_land_type":200,"declaration_source":"synthetic_demo","is_synthetic_declaration":true,"baseline_year":2024,"target_year":2025,"baseline_status":"insufficient_observation","status":"insufficient_observation","baseline_confidence":null,"confidence":null,"reason_codes":["INSUFFICIENT_OPTICAL_OBSERVATIONS"],"baseline_subtype":"not_evaluated","cultivation_subtype":"not_evaluated","subtype_confidence":null,"subtype_reason_codes":[],"change_type":"change_uncertain","change_confidence":null,"change_reason_codes":["OBSERVATION_LIMITS_YEAR_COMPARISON"],"reference_label":null,"evidence_strength":null,"evidence_sources":[],"evidence_dates":[],"review_status":"not_reviewed","polygon_vintage":2026,"valid_s2_count":0,"valid_s1_count":0,"observation_quality":0.0,"quality_flags":["BOUNDARY_VINTAGE_DIFFERENCE","SMALL_FIELD_SEVERE","SMALL_FIELD_MIXED_PIXEL","HARVEST_WINDOW_INCOMPLETE"],"ndvi_max":null,"ndvi_amplitude":null,"ndvi_may":null,"ndvi_aug":null,"vh_may_db":null,"vh_aug_db":null,"centroid_lat":37.6083645,"centroid_lon":141.0060646,"declaration_match":"mismatch","declared_crop":"paddy_rice","declared_status":"planned_cultivation","priority_components":{"declaration":40,"status":20,"change":9,"evidence_uncertainty":10.0,"area":0.7299},"priority_score":79.73,"auto_candidate":true}},{"type":"Feature","geometry":{"type":"Polygon","coordinates":[[[141.017902779,37.610819864],[141.018305438,37.610828378],[141.018305258,37.610817078],[141.018314709,37.610815728],[141.018306239,37.610779396],[141.01828966,37.610729332],[141.018282669,37.610686706],[141.018277356,37.610650343],[141.018276879,37.61062021],[141.018284411,37.610597531],[141.018282574,37.610581224],[141.018247752,37.610575295],[141.018097757,37.610573034],[141.017841978,37.610569322],[141.017824995,37.610593352],[141.017827828,37.610672437],[141.017857053,37.61072363],[141.017881404,37.610766081],[141.017902779,37.610819864]]]},"properties":{"field_id":"maff-2026-80bead57-8b4f-40f4-b615-02f99e936988","source_polygon_id":"80bead57-8b4f-40f4-b615-02f99e936988","field_id_method":"source_id","municipality":"南相馬市","area_ha":0.107612,"source_land_type":100,"declaration_source":"synthetic_demo","is_synthetic_declaration":true,"baseline_year":2024,"target_year":2025,"baseline_status":"review_required","status":"cultivation_signal","baseline_confidence":0.8703,"confidence":0.9879,"reason_codes":["NO_SAR_FLOOD_SIGNAL","NDVI_GROWTH_RISE","NDVI_PEAK_REACHED","NDVI_HARVEST_DROP"],"baseline_subtype":"mixed_or_unknown","cultivation_subtype":"upland_crop_signal","subtype_confidence":0.9879,"subtype_reason_codes":["NO_SAR_FLOOD_SIGNAL","NDVI_GROWTH_RISE","NDVI_PEAK_REACHED"],"change_type":"change_uncertain","change_confidence":0.8703,"change_reason_codes":["YEAR_STATUS_COMPARISON","BOUNDARY_VINTAGE_DIFFERENCE"],"reference_label":null,"evidence_strength":null,"evidence_sources":[],"evidence_dates":[],"review_status":"not_reviewed","polygon_vintage":2026,"valid_s2_count":43,"valid_s1_count":29,"observation_quality":1.0,"quality_flags":["BOUNDARY_VINTAGE_DIFFERENCE"],"ndvi_max":0.6294738054275513,"ndvi_amplitude":0.5317949876189233,"ndvi_may":0.13110040873289106,"ndvi_aug":0.5903308987617493,"vh_may_db":-17.950252532958984,"vh_aug_db":-17.098942756652832,"centroid_lat":37.610696,"centroid_lon":141.0180706,"declaration_match":"mismatch","declared_crop":"paddy_rice","declared_status":"planned_cultivation","priority_components":{"declaration":40,"status":0,"change":9,"evidence_uncertainty":0,"area":4.562},"priority_score":53.56,"auto_candidate":true}},{"type":"Feature","geometry":{"type":"Polygon","coordinates":[[[141.016781257,37.610918794],[141.016977149,37.610928549],[141.016938394,37.610873684],[141.01689322,37.610812187],[141.016850496,37.610772432],[141.016829347,37.610765947],[141.016781477,37.610799913],[141.016781257,37.610918794]]]},"properties":{"field_id":"maff-2026-82473c27-d5a5-4a65-a1cf-972e6e416b6b","source_polygon_id":"82473c27-d5a5-4a65-a1cf-972e6e416b6b","field_id_method":"source_id","municipality":"南相馬市","area_ha":0.019733,"source_land_type":200,"declaration_source":"synthetic_demo","is_synthetic_declaration":true,"baseline_year":2024,"target_year":2025,"baseline_status":"review_required","status":"review_required","baseline_confidence":0.79,"confidence":0.79,"reason_codes":["NO_SAR_FLOOD_SIGNAL","NDVI_PEAK_LOW","NDVI_AMPLITUDE_LOW","SMALL_FIELD_SEVERE"],"baseline_subtype":"mixed_or_unknown","cultivation_subtype":"mixed_or_unknown","subtype_confidence":null,"subtype_reason_codes":["NO_SAR_FLOOD_SIGNAL"],"change_type":"change_uncertain","change_confidence":0.79,"change_reason_codes":["YEAR_STATUS_COMPARISON","BOUNDARY_VINTAGE_DIFFERENCE"],"reference_label":null,"evidence_strength":null,"evidence_sources":[],"evidence_dates":[],"review_status":"not_reviewed","polygon_vintage":2026,"valid_s2_count":42,"valid_s1_count":29,"observation_quality":1.0,"quality_flags":["BOUNDARY_VINTAGE_DIFFERENCE","SMALL_FIELD_SEVERE","SMALL_FIELD_MIXED_PIXEL"],"ndvi_max":0.3701863288879394,"ndvi_amplitude":0.2671606689691543,"ndvi_may":0.20507502555847165,"ndvi_aug":0.3414869606494903,"vh_may_db":-13.162954330444336,"vh_aug_db":-12.901173114776611,"centroid_lat":37.6108607,"centroid_lon":141.0168568,"declaration_match":"match","declared_crop":"unknown","declared_status":"unknown","priority_components":{"declaration":0,"status":23,"change":9,"evidence_uncertainty":2.1,"area":1.6423},"priority_score":35.74,"auto_candidate":true}},{"type":"Feature","geometry":{"type":"Polygon","coordinates":[[[141.011181882,37.618603355],[141.012032135,37.618162892],[141.011622868,37.617663205],[141.011520551,37.617632272],[141.010794815,37.617984433],[141.010741872,37.618053794],[141.011181882,37.618603355]]]},"properties":{"field_id":"maff-2026-8290bf10-7389-4a50-86f7-b1937a2d5b01","source_polygon_id":"8290bf10-7389-4a50-86f7-b1937a2d5b01","field_id_method":"source_id","municipality":"南相馬市","area_ha":0.665815,"source_land_type":100,"declaration_source":"synthetic_demo","is_synthetic_declaration":true,"baseline_year":2024,"target_year":2025,"baseline_status":"cultivation_signal","status":"cultivation_signal","baseline_confidence":1.0,"confidence":0.9428,"reason_codes":["NO_SAR_FLOOD_SIGNAL","NDVI_GROWTH_RISE","NDVI_PEAK_REACHED","NDVI_HARVEST_DROP"],"baseline_subtype":"upland_crop_signal","cultivation_subtype":"upland_crop_signal","subtype_confidence":0.9428,"subtype_reason_codes":["NO_SAR_FLOOD_SIGNAL","NDVI_GROWTH_RISE","NDVI_PEAK_REACHED"],"change_type":"stable","change_confidence":0.9428,"change_reason_codes":["YEAR_STATUS_COMPARISON","BOUNDARY_VINTAGE_DIFFERENCE"],"reference_label":null,"evidence_strength":null,"evidence_sources":[],"evidence_dates":[],"review_status":"not_reviewed","polygon_vintage":2026,"valid_s2_count":39,"valid_s1_count":29,"observation_quality":1.0,"quality_flags":["BOUNDARY_VINTAGE_DIFFERENCE"],"ndvi_max":0.5790430903434753,"ndvi_amplitude":0.48926531523466116,"ndvi_may":0.10261154547333715,"ndvi_aug":0.555670976638794,"vh_may_db":-19.493730545043945,"vh_aug_db":-14.936888694763184,"centroid_lat":37.6181019,"centroid_lon":141.0113753,"declaration_match":"mismatch","declared_crop":"paddy_rice","declared_status":"planned_cultivation","priority_components":{"declaration":40,"status":0,"change":0,"evidence_uncertainty":0,"area":7.4818},"priority_score":47.48,"auto_candidate":true}},{"type":"Feature","geometry":{"type":"Polygon","coordinates":[[[141.007122258,37.608451778],[141.007375359,37.608737456],[141.00771164,37.608666299],[141.007690687,37.608463074],[141.007609022,37.608283404],[141.007146249,37.608328271],[141.007122258,37.608451778]]]},"properties":{"field_id":"maff-2026-867fb551-003e-400d-ac51-8bfe863a6cf6","source_polygon_id":"867fb551-003e-400d-ac51-8bfe863a6cf6","field_id_method":"source_id","municipality":"南相馬市","area_ha":0.189306,"source_land_type":100,"declaration_source":"synthetic_demo","is_synthetic_declaration":true,"baseline_year":2024,"target_year":2025,"baseline_status":"review_required","status":"fallow_candidate","baseline_confidence":0.7919,"confidence":0.982,"reason_codes":["NO_SAR_FLOOD_SIGNAL","NDVI_PEAK_LOW","NDVI_AMPLITUDE_LOW"],"baseline_subtype":"mixed_or_unknown","cultivation_subtype":"mixed_or_unknown","subtype_confidence":null,"subtype_reason_codes":["NO_SAR_FLOOD_SIGNAL"],"change_type":"change_uncertain","change_confidence":0.7919,"change_reason_codes":["YEAR_STATUS_COMPARISON","BOUNDARY_VINTAGE_DIFFERENCE"],"reference_label":null,"evidence_strength":null,"evidence_sources":[],"evidence_dates":[],"review_status":"not_reviewed","polygon_vintage":2026,"valid_s2_count":43,"valid_s1_count":29,"observation_quality":1.0,"quality_flags":["BOUNDARY_VINTAGE_DIFFERENCE"],"ndvi_max":0.440278559923172,"ndvi_amplitude":0.2617148756980896,"ndvi_may":0.3853828310966491,"ndvi_aug":0.4143619537353515,"vh_may_db":-16.83786964416504,"vh_aug_db":-14.282639503479004,"centroid_lat":37.6084956,"centroid_lon":141.0074369,"declaration_match":"not_comparable","declared_crop":"unknown","declared_status":"unknown","priority_components":{"declaration":20,"status":25,"change":9,"evidence_uncertainty":9.82,"area":5.219},"priority_score":69.04,"auto_candidate":true}},{"type":"Feature","geometry":{"type":"Polygon","coordinates":[[[141.013855748,37.616271638],[141.014057751,37.616167901],[141.014229394,37.616090838],[141.014358717,37.616033034],[141.014396241,37.616010055],[141.014347847,37.615944613],[141.014242333,37.615860905],[141.01412513,37.615786733],[141.014057439,37.615698879],[141.0139513,37.615575622],[141.013904946,37.615489438],[141.013847231,37.615433506],[141.013708409,37.615489521],[141.013331772,37.615630793],[141.013334616,37.615660903],[141.013450551,37.615804783],[141.013679936,37.616085034],[141.013824731,37.61625688],[141.013841602,37.616275547],[141.013855748,37.616271638]]]},"properties":{"field_id":"maff-2026-8854a9e5-172b-4c6a-ae6b-49fc80743661","source_polygon_id":"8854a9e5-172b-4c6a-ae6b-49fc80743661","field_id_method":"source_id","municipality":"南相馬市","area_ha":0.435709,"source_land_type":100,"declaration_source":"synthetic_demo","is_synthetic_declaration":true,"baseline_year":2024,"target_year":2025,"baseline_status":"cultivation_signal","status":"cultivation_signal","baseline_confidence":0.9794,"confidence":0.9118,"reason_codes":["NO_SAR_FLOOD_SIGNAL","NDVI_GROWTH_RISE","NDVI_PEAK_REACHED","NDVI_HARVEST_DROP"],"baseline_subtype":"upland_crop_signal","cultivation_subtype":"upland_crop_signal","subtype_confidence":0.9118,"subtype_reason_codes":["NO_SAR_FLOOD_SIGNAL","NDVI_GROWTH_RISE","NDVI_PEAK_REACHED"],"change_type":"stable","change_confidence":0.9118,"change_reason_codes":["YEAR_STATUS_COMPARISON","BOUNDARY_VINTAGE_DIFFERENCE"],"reference_label":null,"evidence_strength":null,"evidence_sources":[],"evidence_dates":[],"review_status":"not_reviewed","polygon_vintage":2026,"valid_s2_count":37,"valid_s1_count":29,"observation_quality":1.0,"quality_flags":["BOUNDARY_VINTAGE_DIFFERENCE"],"ndvi_max":0.5739014744758606,"ndvi_amplitude":0.5136122629046441,"ndvi_may":0.0964966192841529,"ndvi_aug":0.5444770455360413,"vh_may_db":-21.032629013061523,"vh_aug_db":-15.404258251190186,"centroid_lat":37.6158508,"centroid_lon":141.0138458,"declaration_match":"unavailable","declared_crop":"not_declared","declared_status":"not_submitted","priority_components":{"declaration":0,"status":0,"change":0,"evidence_uncertainty":0,"area":6.3139},"priority_score":6.31,"auto_candidate":false}},{"type":"Feature","geometry":{"type":"Polygon","coordinates":[[[141.007851462,37.619274061],[141.008696171,37.618872527],[141.008184586,37.618143817],[141.008077511,37.61815274],[141.007333929,37.618527505],[141.007336903,37.618613761],[141.007851462,37.619274061]]]},"properties":{"field_id":"maff-2026-8997141f-a64b-4045-b009-e1c48e2436c2","source_polygon_id":"8997141f-a64b-4045-b009-e1c48e2436c2","field_id_method":"source_id","municipality":"南相馬市","area_ha":0.847163,"source_land_type":100,"declaration_source":"synthetic_demo","is_synthetic_declaration":true,"baseline_year":2024,"target_year":2025,"baseline_status":"cultivation_signal","status":"cultivation_signal","baseline_confidence":1.0,"confidence":0.9688,"reason_codes":["NO_SAR_FLOOD_SIGNAL","NDVI_GROWTH_RISE","NDVI_PEAK_REACHED","NDVI_HARVEST_DROP"],"baseline_subtype":"upland_crop_signal","cultivation_subtype":"upland_crop_signal","subtype_confidence":0.9688,"subtype_reason_codes":["NO_SAR_FLOOD_SIGNAL","NDVI_GROWTH_RISE","NDVI_PEAK_REACHED"],"change_type":"stable","change_confidence":0.9688,"change_reason_codes":["YEAR_STATUS_COMPARISON","BOUNDARY_VINTAGE_DIFFERENCE"],"reference_label":null,"evidence_strength":null,"evidence_sources":[],"evidence_dates":[],"review_status":"not_reviewed","polygon_vintage":2026,"valid_s2_count":38,"valid_s1_count":29,"observation_quality":1.0,"quality_flags":["BOUNDARY_VINTAGE_DIFFERENCE"],"ndvi_max":0.6032540798187256,"ndvi_amplitude":0.5293879881501198,"ndvi_may":0.16326582431793205,"ndvi_aug":0.5750441551208496,"vh_may_db":-20.869600296020508,"vh_aug_db":-13.931543350219727,"centroid_lat":37.6186996,"centroid_lon":141.0079999,"declaration_match":"match","declared_crop":"upland_crop","declared_status":"planned_cultivation","priority_components":{"declaration":0,"status":0,"change":0,"evidence_uncertainty":0,"area":8.6861},"priority_score":8.69,"auto_candidate":false}},{"type":"Feature","geometry":{"type":"Polygon","coordinates":[[[141.014322797,37.610298106],[141.01448372,37.610292728],[141.014467887,37.610189915],[141.014449593,37.610131077],[141.014413472,37.610142741],[141.014389838,37.610145489],[141.01432365,37.61015243],[141.014288908,37.610151522],[141.014254564,37.610175725],[141.014273999,37.610206924],[141.014308513,37.610293226],[141.014322797,37.610298106]]]},"properties":{"field_id":"maff-2026-8a51b80b-91ef-4856-b42d-c5de55d2af2c","source_polygon_id":"8a51b80b-91ef-4856-b42d-c5de55d2af2c","field_id_method":"source_id","municipality":"南相馬市","area_ha":0.027658,"source_land_type":100,"declaration_source":"synthetic_demo","is_synthetic_declaration":true,"baseline_year":2024,"target_year":2025,"baseline_status":"review_required","status":"review_required","baseline_confidence":0.79,"confidence":0.79,"reason_codes":["NO_SAR_FLOOD_SIGNAL","NDVI_PEAK_LOW","NDVI_AMPLITUDE_LOW","SMALL_FIELD_SEVERE"],"baseline_subtype":"mixed_or_unknown","cultivation_subtype":"mixed_or_unknown","subtype_confidence":null,"subtype_reason_codes":["NO_SAR_FLOOD_SIGNAL"],"change_type":"change_uncertain","change_confidence":0.79,"change_reason_codes":["YEAR_STATUS_COMPARISON","BOUNDARY_VINTAGE_DIFFERENCE"],"reference_label":null,"evidence_strength":null,"evidence_sources":[],"evidence_dates":[],"review_status":"not_reviewed","polygon_vintage":2026,"valid_s2_count":41,"valid_s1_count":29,"observation_quality":1.0,"quality_flags":["BOUNDARY_VINTAGE_DIFFERENCE","SMALL_FIELD_SEVERE","SMALL_FIELD_MIXED_PIXEL"],"ndvi_max":0.5293997526168823,"ndvi_amplitude":0.3180776834487915,"ndvi_may":0.482357919216156,"ndvi_aug":0.369417667388916,"vh_may_db":-16.008155822753906,"vh_aug_db":-13.6593656539917,"centroid_lat":37.6102197,"centroid_lon":141.0143778,"declaration_match":"match","declared_crop":"unknown","declared_status":"unknown","priority_components":{"declaration":0,"status":23,"change":9,"evidence_uncertainty":2.1,"area":2.1168},"priority_score":36.22,"auto_candidate":true}},{"type":"Feature","geometry":{"type":"Polygon","coordinates":[[[141.006156387,37.608370737],[141.006212967,37.608355105],[141.006243743,37.608354799],[141.006208204,37.608202578],[141.006097383,37.608231934],[141.006122416,37.608318333],[141.006156387,37.608370737]]]},"properties":{"field_id":"maff-2026-8ea23e8f-5bfe-4aed-851d-280211ad991b","source_polygon_id":"8ea23e8f-5bfe-4aed-851d-280211ad991b","field_id_method":"source_id","municipality":"南相馬市","area_ha":0.015735,"source_land_type":200,"declaration_source":"synthetic_demo","is_synthetic_declaration":true,"baseline_year":2024,"target_year":2025,"baseline_status":"insufficient_observation","status":"insufficient_observation","baseline_confidence":null,"confidence":null,"reason_codes":["INSUFFICIENT_OPTICAL_OBSERVATIONS"],"baseline_subtype":"not_evaluated","cultivation_subtype":"not_evaluated","subtype_confidence":null,"subtype_reason_codes":[],"change_type":"change_uncertain","change_confidence":null,"change_reason_codes":["OBSERVATION_LIMITS_YEAR_COMPARISON"],"reference_label":null,"evidence_strength":null,"evidence_sources":[],"evidence_dates":[],"review_status":"not_reviewed","polygon_vintage":2026,"valid_s2_count":0,"valid_s1_count":0,"observation_quality":0.0,"quality_flags":["BOUNDARY_VINTAGE_DIFFERENCE","SMALL_FIELD_SEVERE","SMALL_FIELD_MIXED_PIXEL","HARVEST_WINDOW_INCOMPLETE"],"ndvi_max":null,"ndvi_amplitude":null,"ndvi_may":null,"ndvi_aug":null,"vh_may_db":null,"vh_aug_db":null,"centroid_lat":37.6082867,"centroid_lon":141.0061729,"declaration_match":"unavailable","declared_crop":"not_declared","declared_status":"not_submitted","priority_components":{"declaration":0,"status":20,"change":9,"evidence_uncertainty":10.0,"area":1.3139},"priority_score":40.31,"auto_candidate":true}},{"type":"Feature","geometry":{"type":"Polygon","coordinates":[[[141.016109048,37.617419152],[141.016379355,37.61742296],[141.016407908,37.617411538],[141.016653468,37.616600618],[141.01636603,37.616608232],[141.016305116,37.616372189],[141.016265141,37.616358865],[141.015829223,37.616545415],[141.015526556,37.616714832],[141.016109048,37.617419152]]]},"properties":{"field_id":"maff-2026-91455236-ec34-4f2a-8212-81fa58e9be3a","source_polygon_id":"91455236-ec34-4f2a-8212-81fa58e9be3a","field_id_method":"source_id","municipality":"南相馬市","area_ha":0.672782,"source_land_type":100,"declaration_source":"synthetic_demo","is_synthetic_declaration":true,"baseline_year":2024,"target_year":2025,"baseline_status":"review_required","status":"review_required","baseline_confidence":0.8803,"confidence":0.5448,"reason_codes":["SIGNAL_CONFLICT","NDVI_HARVEST_DROP","NEAR_THRESHOLD","LOW_CONFIDENCE"],"baseline_subtype":"mixed_or_unknown","cultivation_subtype":"mixed_or_unknown","subtype_confidence":null,"subtype_reason_codes":[],"change_type":"change_uncertain","change_confidence":0.5448,"change_reason_codes":["YEAR_STATUS_COMPARISON","BOUNDARY_VINTAGE_DIFFERENCE"],"reference_label":null,"evidence_strength":null,"evidence_sources":[],"evidence_dates":[],"review_status":"not_reviewed","polygon_vintage":2026,"valid_s2_count":42,"valid_s1_count":29,"observation_quality":1.0,"quality_flags":["BOUNDARY_VINTAGE_DIFFERENCE"],"ndvi_max":0.6057061553001404,"ndvi_amplitude":0.47136490046977997,"ndvi_may":0.38296201825141907,"ndvi_aug":0.539135217666626,"vh_may_db":-18.631650924682617,"vh_aug_db":-19.226027488708496,"centroid_lat":37.6168848,"centroid_lon":141.0161413,"declaration_match":"match","declared_crop":"other_crop","declared_status":"planned_fallow","priority_components":{"declaration":0,"status":23,"change":9,"evidence_uncertainty":4.552,"area":7.5182},"priority_score":44.07,"auto_candidate":true}},{"type":"Feature","geometry":{"type":"Polygon","coordinates":[[[141.011838499,37.619356797],[141.012664515,37.618879519],[141.012803041,37.618804201],[141.012603482,37.618613594],[141.012265716,37.61836833],[141.012164869,37.618280336],[141.01214149,37.618299406],[141.012086171,37.618245334],[141.011995111,37.61832724],[141.011769631,37.618444393],[141.01134894,37.618646376],[141.011363532,37.618670718],[141.011333169,37.618697391],[141.011531508,37.618961003],[141.011838499,37.619356797]]]},"properties":{"field_id":"maff-2026-91f79f09-4c78-4635-81b7-afb22e82061c","source_polygon_id":"91f79f09-4c78-4635-81b7-afb22e82061c","field_id_method":"source_id","municipality":"南相馬市","area_ha":0.827289,"source_land_type":100,"declaration_source":"synthetic_demo","is_synthetic_declaration":true,"baseline_year":2024,"target_year":2025,"baseline_status":"cultivation_signal","status":"review_required","baseline_confidence":1.0,"confidence":0.9374,"reason_codes":["NO_SAR_FLOOD_SIGNAL","NDVI_GROWTH_RISE","NDVI_PEAK_REACHED","NDVI_HARVEST_DROP","NEAR_THRESHOLD"],"baseline_subtype":"upland_crop_signal","cultivation_subtype":"mixed_or_unknown","subtype_confidence":null,"subtype_reason_codes":["NO_SAR_FLOOD_SIGNAL","NDVI_GROWTH_RISE","NDVI_PEAK_REACHED"],"change_type":"change_uncertain","change_confidence":0.9374,"change_reason_codes":["YEAR_STATUS_COMPARISON","BOUNDARY_VINTAGE_DIFFERENCE"],"reference_label":null,"evidence_strength":null,"evidence_sources":[],"evidence_dates":[],"review_status":"not_reviewed","polygon_vintage":2026,"valid_s2_count":40,"valid_s1_count":29,"observation_quality":1.0,"quality_flags":["BOUNDARY_VINTAGE_DIFFERENCE"],"ndvi_max":0.580322802066803,"ndvi_amplitude":0.5527863837778568,"ndvi_may":0.1078263223171234,"ndvi_aug":0.5499398112297058,"vh_may_db":-20.00727081298828,"vh_aug_db":-15.090233325958252,"centroid_lat":37.6187835,"centroid_lon":141.0120307,"declaration_match":"unavailable","declared_crop":"not_declared","declared_status":"not_submitted","priority_components":{"declaration":0,"status":23,"change":9,"evidence_uncertainty":0.626,"area":8.5036},"priority_score":41.13,"auto_candidate":true}},{"type":"Feature","geometry":{"type":"Polygon","coordinates":[[[141.013883042,37.613825349],[141.013958385,37.613798224],[141.014037019,37.613829459],[141.014141696,37.613860434],[141.014155991,37.613865941],[141.014177328,37.613867611],[141.014400603,37.613761777],[141.014402643,37.613741036],[141.014219138,37.613516837],[141.013902415,37.613103723],[141.013860009,37.613117333],[141.013845476,37.613096758],[141.013450685,37.613287188],[141.013588341,37.613457221],[141.013776907,37.613702091],[141.013883042,37.613825349]]]},"properties":{"field_id":"maff-2026-929bde32-6ea8-451e-82dd-65b1339e0216","source_polygon_id":"929bde32-6ea8-451e-82dd-65b1339e0216","field_id_method":"source_id","municipality":"南相馬市","area_ha":0.36596,"source_land_type":100,"declaration_source":"synthetic_demo","is_synthetic_declaration":true,"baseline_year":2024,"target_year":2025,"baseline_status":"review_required","status":"review_required","baseline_confidence":0.8349,"confidence":0.9019,"reason_codes":["NO_SAR_FLOOD_SIGNAL","NDVI_GROWTH_RISE","NDVI_PEAK_REACHED","NDVI_HARVEST_DROP","NEAR_THRESHOLD"],"baseline_subtype":"mixed_or_unknown","cultivation_subtype":"mixed_or_unknown","subtype_confidence":null,"subtype_reason_codes":["NO_SAR_FLOOD_SIGNAL","NDVI_GROWTH_RISE","NDVI_PEAK_REACHED"],"change_type":"change_uncertain","change_confidence":0.8349,"change_reason_codes":["YEAR_STATUS_COMPARISON","BOUNDARY_VINTAGE_DIFFERENCE"],"reference_label":null,"evidence_strength":null,"evidence_sources":[],"evidence_dates":[],"review_status":"not_reviewed","polygon_vintage":2026,"valid_s2_count":41,"valid_s1_count":29,"observation_quality":1.0,"quality_flags":["BOUNDARY_VINTAGE_DIFFERENCE"],"ndvi_max":0.6325560808181763,"ndvi_amplitude":0.591477781534195,"ndvi_may":0.0490196086466312,"ndvi_aug":0.6110312938690186,"vh_may_db":-22.518386840820312,"vh_aug_db":-14.755232334136963,"centroid_lat":37.6134999,"centroid_lon":141.0139267,"declaration_match":"unavailable","declared_crop":"not_declared","declared_status":"not_submitted","priority_components":{"declaration":0,"status":23,"change":9,"evidence_uncertainty":0.981,"area":5.9854},"priority_score":38.97,"auto_candidate":true}},{"type":"Feature","geometry":{"type":"Polygon","coordinates":[[[141.016276649,37.611084591],[141.016584232,37.611103273],[141.016596125,37.610923999],[141.016510323,37.610954998],[141.016384909,37.611009834],[141.016290823,37.611049287],[141.016276649,37.611084591]]]},"properties":{"field_id":"maff-2026-95870c89-42f6-4eb6-9f3b-34854c81700e","source_polygon_id":"95870c89-42f6-4eb6-9f3b-34854c81700e","field_id_method":"source_id","municipality":"南相馬市","area_ha":0.032039,"source_land_type":200,"declaration_source":"synthetic_demo","is_synthetic_declaration":true,"baseline_year":2024,"target_year":2025,"baseline_status":"review_required","status":"review_required","baseline_confidence":0.79,"confidence":0.79,"reason_codes":["NO_SAR_FLOOD_SIGNAL","NDVI_PEAK_LOW","NDVI_AMPLITUDE_LOW","NEAR_THRESHOLD","SMALL_FIELD_SEVERE"],"baseline_subtype":"mixed_or_unknown","cultivation_subtype":"mixed_or_unknown","subtype_confidence":null,"subtype_reason_codes":["NO_SAR_FLOOD_SIGNAL"],"change_type":"change_uncertain","change_confidence":0.79,"change_reason_codes":["YEAR_STATUS_COMPARISON","BOUNDARY_VINTAGE_DIFFERENCE"],"reference_label":null,"evidence_strength":null,"evidence_sources":[],"evidence_dates":[],"review_status":"not_reviewed","polygon_vintage":2026,"valid_s2_count":41,"valid_s1_count":29,"observation_quality":0.9745,"quality_flags":["BOUNDARY_VINTAGE_DIFFERENCE","SMALL_FIELD_SEVERE","SMALL_FIELD_MIXED_PIXEL"],"ndvi_max":0.4726710319519043,"ndvi_amplitude":0.3060043603181839,"ndvi_may":0.3574671745300293,"ndvi_aug":0.4616846144199371,"vh_may_db":-15.477261543273926,"vh_aug_db":-16.430270671844482,"centroid_lat":37.6110337,"centroid_lon":141.0164721,"declaration_match":"mismatch","declared_crop":"paddy_rice","declared_status":"planned_cultivation","priority_components":{"declaration":40,"status":23,"change":9,"evidence_uncertainty":2.1,"area":2.2993},"priority_score":76.4,"auto_candidate":true}},{"type":"Feature","geometry":{"type":"Polygon","coordinates":[[[141.012393998,37.620402127],[141.012682892,37.620301291],[141.012666512,37.620263782],[141.012703999,37.620238293],[141.01241712,37.619866945],[141.012014137,37.619341043],[141.010947057,37.619949438],[141.010934588,37.619959608],[141.010934944,37.619982208],[141.010991967,37.619994197],[141.011004357,37.619979004],[141.011091275,37.620001661],[141.011151334,37.620017851],[141.011419624,37.620076733],[141.011683206,37.62006011],[141.012379983,37.620314364],[141.012393998,37.620402127]]]},"properties":{"field_id":"maff-2026-989deb4d-06db-4798-9bac-20f321fb3c97","source_polygon_id":"989deb4d-06db-4798-9bac-20f321fb3c97","field_id_method":"source_id","municipality":"南相馬市","area_ha":0.778463,"source_land_type":100,"declaration_source":"synthetic_demo","is_synthetic_declaration":true,"baseline_year":2024,"target_year":2025,"baseline_status":"cultivation_signal","status":"review_required","baseline_confidence":0.977,"confidence":0.8695,"reason_codes":["NO_SAR_FLOOD_SIGNAL","NDVI_GROWTH_RISE","NDVI_PEAK_REACHED","NDVI_HARVEST_DROP","NEAR_THRESHOLD"],"baseline_subtype":"upland_crop_signal","cultivation_subtype":"mixed_or_unknown","subtype_confidence":null,"subtype_reason_codes":["NO_SAR_FLOOD_SIGNAL","NDVI_GROWTH_RISE","NDVI_PEAK_REACHED"],"change_type":"change_uncertain","change_confidence":0.8695,"change_reason_codes":["YEAR_STATUS_COMPARISON","BOUNDARY_VINTAGE_DIFFERENCE"],"reference_label":null,"evidence_strength":null,"evidence_sources":[],"evidence_dates":[],"review_status":"not_reviewed","polygon_vintage":2026,"valid_s2_count":38,"valid_s1_count":29,"observation_quality":0.9234,"quality_flags":["BOUNDARY_VINTAGE_DIFFERENCE"],"ndvi_max":0.5548638105392456,"ndvi_amplitude":0.4626685753464699,"ndvi_may":0.1329201161861419,"ndvi_aug":0.5303449630737305,"vh_may_db":-20.43674087524414,"vh_aug_db":-14.846377849578857,"centroid_lat":37.6198901,"centroid_lon":141.0119179,"declaration_match":"unavailable","declared_crop":"not_declared","declared_status":"not_submitted","priority_components":{"declaration":0,"status":23,"change":9,"evidence_uncertainty":1.305,"area":8.1022},"priority_score":41.41,"auto_candidate":true}},{"type":"Feature","geometry":{"type":"Polygon","coordinates":[[[141.00618423,37.618142759],[141.006280911,37.618032617],[141.006102894,37.617910787],[141.00580483,37.617730408],[141.005717439,37.617772477],[141.005794535,37.617899431],[141.005884158,37.617999481],[141.00597294,37.618045979],[141.00618423,37.618142759]]]},"properties":{"field_id":"maff-2026-98bee3fd-f85f-4d8b-8464-4617835b4a3c","source_polygon_id":"98bee3fd-f85f-4d8b-8464-4617835b4a3c","field_id_method":"source_id","municipality":"南相馬市","area_ha":0.091536,"source_land_type":100,"declaration_source":"synthetic_demo","is_synthetic_declaration":true,"baseline_year":2024,"target_year":2025,"baseline_status":"review_required","status":"review_required","baseline_confidence":0.767,"confidence":0.7171,"reason_codes":["SIGNAL_CONFLICT","NEAR_THRESHOLD"],"baseline_subtype":"mixed_or_unknown","cultivation_subtype":"mixed_or_unknown","subtype_confidence":null,"subtype_reason_codes":[],"change_type":"change_uncertain","change_confidence":0.7171,"change_reason_codes":["YEAR_STATUS_COMPARISON","BOUNDARY_VINTAGE_DIFFERENCE"],"reference_label":null,"evidence_strength":null,"evidence_sources":[],"evidence_dates":[],"review_status":"not_reviewed","polygon_vintage":2026,"valid_s2_count":42,"valid_s1_count":29,"observation_quality":1.0,"quality_flags":["BOUNDARY_VINTAGE_DIFFERENCE","SMALL_FIELD_WARNING","SMALL_FIELD_MIXED_PIXEL"],"ndvi_max":0.6129826307296753,"ndvi_amplitude":0.376797765493393,"ndvi_may":0.437657356262207,"ndvi_aug":0.3336973786354065,"vh_may_db":-15.010310173034668,"vh_aug_db":-14.658420085906982,"centroid_lat":37.6179425,"centroid_lon":141.0059928,"declaration_match":"not_comparable","declared_crop":"unknown","declared_status":"unknown","priority_components":{"declaration":20,"status":23,"change":9,"evidence_uncertainty":2.829,"area":4.1606},"priority_score":58.99,"auto_candidate":true}},{"type":"Feature","geometry":{"type":"Polygon","coordinates":[[[141.009854837,37.617134084],[141.010320506,37.616904719],[141.010185047,37.616753781],[141.00970584,37.617012995],[141.009765195,37.617075548],[141.009854837,37.617134084]]]},"properties":{"field_id":"maff-2026-98d4858b-3de7-4ba2-a1bb-355d545d4547","source_polygon_id":"98d4858b-3de7-4ba2-a1bb-355d545d4547","field_id_method":"source_id","municipality":"南相馬市","area_ha":0.097979,"source_land_type":100,"declaration_source":"synthetic_demo","is_synthetic_declaration":true,"baseline_year":2024,"target_year":2025,"baseline_status":"review_required","status":"review_required","baseline_confidence":0.7393,"confidence":0.7477,"reason_codes":["SIGNAL_CONFLICT"],"baseline_subtype":"mixed_or_unknown","cultivation_subtype":"mixed_or_unknown","subtype_confidence":null,"subtype_reason_codes":[],"change_type":"change_uncertain","change_confidence":0.7393,"change_reason_codes":["YEAR_STATUS_COMPARISON","BOUNDARY_VINTAGE_DIFFERENCE"],"reference_label":null,"evidence_strength":null,"evidence_sources":[],"evidence_dates":[],"review_status":"not_reviewed","polygon_vintage":2026,"valid_s2_count":42,"valid_s1_count":29,"observation_quality":1.0,"quality_flags":["BOUNDARY_VINTAGE_DIFFERENCE","SMALL_FIELD_WARNING","SMALL_FIELD_MIXED_PIXEL"],"ndvi_max":0.6134543418884277,"ndvi_amplitude":0.34714582562446594,"ndvi_may":0.5678189694881439,"ndvi_aug":0.5581865310668945,"vh_may_db":-17.195598602294922,"vh_aug_db":-15.18000841140747,"centroid_lat":37.6169498,"centroid_lon":141.0100175,"declaration_match":"not_comparable","declared_crop":"unknown","declared_status":"unknown","priority_components":{"declaration":20,"status":23,"change":9,"evidence_uncertainty":2.523,"area":4.3066},"priority_score":58.83,"auto_candidate":true}},{"type":"Feature","geometry":{"type":"Polygon","coordinates":[[[141.009342987,37.619492178],[141.009417345,37.619489204],[141.01025908,37.619069824],[141.009833751,37.618537419],[141.009765341,37.618525522],[141.008983094,37.618918134],[141.008974171,37.618989517],[141.009342987,37.619492178]]]},"properties":{"field_id":"maff-2026-98e5614f-fdc9-42cd-b154-faa9623aec32","source_polygon_id":"98e5614f-fdc9-42cd-b154-faa9623aec32","field_id_method":"source_id","municipality":"南相馬市","area_ha":0.679661,"source_land_type":100,"declaration_source":"synthetic_demo","is_synthetic_declaration":true,"baseline_year":2024,"target_year":2025,"baseline_status":"cultivation_signal","status":"review_required","baseline_confidence":0.9986,"confidence":0.9342,"reason_codes":["NO_SAR_FLOOD_SIGNAL","NDVI_GROWTH_RISE","NDVI_PEAK_REACHED","NDVI_HARVEST_DROP","NEAR_THRESHOLD"],"baseline_subtype":"upland_crop_signal","cultivation_subtype":"mixed_or_unknown","subtype_confidence":null,"subtype_reason_codes":["NO_SAR_FLOOD_SIGNAL","NDVI_GROWTH_RISE","NDVI_PEAK_REACHED"],"change_type":"change_uncertain","change_confidence":0.9342,"change_reason_codes":["YEAR_STATUS_COMPARISON","BOUNDARY_VINTAGE_DIFFERENCE"],"reference_label":null,"evidence_strength":null,"evidence_sources":[],"evidence_dates":[],"review_status":"not_reviewed","polygon_vintage":2026,"valid_s2_count":40,"valid_s1_count":29,"observation_quality":0.9953,"quality_flags":["BOUNDARY_VINTAGE_DIFFERENCE"],"ndvi_max":0.5740501880645752,"ndvi_amplitude":0.5073678195476532,"ndvi_may":0.10000510513782496,"ndvi_aug":0.5485214591026306,"vh_may_db":-19.69429588317871,"vh_aug_db":-14.498120307922363,"centroid_lat":37.6190094,"centroid_lon":141.0095943,"declaration_match":"mismatch","declared_crop":"paddy_rice","declared_status":"planned_cultivation","priority_components":{"declaration":40,"status":23,"change":9,"evidence_uncertainty":0.658,"area":7.6642},"priority_score":80.32,"auto_candidate":true}},{"type":"Feature","geometry":{"type":"Polygon","coordinates":[[[141.006229811,37.609247769],[141.00636271,37.609267168],[141.006378187,37.609197319],[141.006285594,37.609181287],[141.006228895,37.609189386],[141.006229811,37.609247769]]]},"properties":{"field_id":"maff-2026-9a120468-a136-4397-bc44-a4e75cd0316f","source_polygon_id":"9a120468-a136-4397-bc44-a4e75cd0316f","field_id_method":"source_id","municipality":"南相馬市","area_ha":0.009768,"source_land_type":200,"declaration_source":"synthetic_demo","is_synthetic_declaration":true,"baseline_year":2024,"target_year":2025,"baseline_status":"insufficient_observation","status":"insufficient_observation","baseline_confidence":null,"confidence":null,"reason_codes":["INSUFFICIENT_OPTICAL_OBSERVATIONS"],"baseline_subtype":"not_evaluated","cultivation_subtype":"not_evaluated","subtype_confidence":null,"subtype_reason_codes":[],"change_type":"change_uncertain","change_confidence":null,"change_reason_codes":["OBSERVATION_LIMITS_YEAR_COMPARISON"],"reference_label":null,"evidence_strength":null,"evidence_sources":[],"evidence_dates":[],"review_status":"not_reviewed","polygon_vintage":2026,"valid_s2_count":0,"valid_s1_count":0,"observation_quality":0.0,"quality_flags":["BOUNDARY_VINTAGE_DIFFERENCE","SMALL_FIELD_SEVERE","SMALL_FIELD_MIXED_PIXEL","HARVEST_WINDOW_INCOMPLETE"],"ndvi_max":null,"ndvi_amplitude":null,"ndvi_may":null,"ndvi_aug":null,"vh_may_db":null,"vh_aug_db":null,"centroid_lat":37.6092221,"centroid_lon":141.0063019,"declaration_match":"match","declared_crop":"unknown","declared_status":"unknown","priority_components":{"declaration":0,"status":20,"change":9,"evidence_uncertainty":10.0,"area":0.4745},"priority_score":39.47,"auto_candidate":true}},{"type":"Feature","geometry":{"type":"Polygon","coordinates":[[[141.013804897,37.61833979],[141.013877232,37.618364536],[141.014545385,37.618315043],[141.014581553,37.618275068],[141.014438785,37.617844861],[141.014315054,37.617616433],[141.014275078,37.617578362],[141.014216068,37.617595494],[141.013675454,37.617763008],[141.013646901,37.617797273],[141.013804897,37.61833979]]]},"properties":{"field_id":"maff-2026-9a652984-5136-40bf-94e5-5179d31e5332","source_polygon_id":"9a652984-5136-40bf-94e5-5179d31e5332","field_id_method":"source_id","municipality":"南相馬市","area_ha":0.508073,"source_land_type":100,"declaration_source":"synthetic_demo","is_synthetic_declaration":true,"baseline_year":2024,"target_year":2025,"baseline_status":"fallow_candidate","status":"cultivation_signal","baseline_confidence":0.9953,"confidence":1.0,"reason_codes":["NO_SAR_FLOOD_SIGNAL","NDVI_GROWTH_RISE","NDVI_PEAK_REACHED","NDVI_HARVEST_DROP"],"baseline_subtype":"mixed_or_unknown","cultivation_subtype":"upland_crop_signal","subtype_confidence":1.0,"subtype_reason_codes":["NO_SAR_FLOOD_SIGNAL","NDVI_GROWTH_RISE","NDVI_PEAK_REACHED"],"change_type":"fallow_to_cultivated_candidate","change_confidence":0.9953,"change_reason_codes":["YEAR_STATUS_COMPARISON","BOUNDARY_VINTAGE_DIFFERENCE"],"reference_label":null,"evidence_strength":null,"evidence_sources":[],"evidence_dates":[],"review_status":"not_reviewed","polygon_vintage":2026,"valid_s2_count":42,"valid_s1_count":29,"observation_quality":1.0,"quality_flags":["BOUNDARY_VINTAGE_DIFFERENCE"],"ndvi_max":0.6751056909561157,"ndvi_amplitude":0.5801707804203035,"ndvi_may":0.1340858228504657,"ndvi_aug":0.6405019760131836,"vh_may_db":-19.79478073120117,"vh_aug_db":-14.609861373901365,"centroid_lat":37.6180067,"centroid_lon":141.0141093,"declaration_match":"not_comparable","declared_crop":"unknown","declared_status":"unknown","priority_components":{"declaration":20,"status":0,"change":6,"evidence_uncertainty":0,"area":6.6423},"priority_score":32.64,"auto_candidate":true}},{"type":"Feature","geometry":{"type":"Polygon","coordinates":[[[141.018176673,37.611248776],[141.018180108,37.611266321],[141.018235646,37.6112846],[141.018363985,37.611314705],[141.018378334,37.611224147],[141.01840471,37.611095795],[141.018400956,37.61105816],[141.018216218,37.611054991],[141.018206967,37.611068898],[141.018210622,37.611100255],[141.018176673,37.611248776]]]},"properties":{"field_id":"maff-2026-9b1771c0-2ad5-408e-9b07-72d37b9e18f6","source_polygon_id":"9b1771c0-2ad5-408e-9b07-72d37b9e18f6","field_id_method":"source_id","municipality":"南相馬市","area_ha":0.044843,"source_land_type":100,"declaration_source":"synthetic_demo","is_synthetic_declaration":true,"baseline_year":2024,"target_year":2025,"baseline_status":"review_required","status":"review_required","baseline_confidence":0.5089,"confidence":0.682,"reason_codes":["NO_SAR_FLOOD_SIGNAL","NDVI_GROWTH_RISE","NDVI_PEAK_REACHED","NEAR_THRESHOLD","SMALL_FIELD_SEVERE"],"baseline_subtype":"mixed_or_unknown","cultivation_subtype":"mixed_or_unknown","subtype_confidence":null,"subtype_reason_codes":["NO_SAR_FLOOD_SIGNAL","NDVI_GROWTH_RISE","NDVI_PEAK_REACHED"],"change_type":"change_uncertain","change_confidence":0.5089,"change_reason_codes":["YEAR_STATUS_COMPARISON","BOUNDARY_VINTAGE_DIFFERENCE"],"reference_label":null,"evidence_strength":null,"evidence_sources":[],"evidence_dates":[],"review_status":"not_reviewed","polygon_vintage":2026,"valid_s2_count":41,"valid_s1_count":29,"observation_quality":0.9568,"quality_flags":["BOUNDARY_VINTAGE_DIFFERENCE","SMALL_FIELD_SEVERE","SMALL_FIELD_MIXED_PIXEL"],"ndvi_max":0.5538860559463501,"ndvi_amplitude":0.3795014619827271,"ndvi_may":0.32402485609054565,"ndvi_aug":0.5365098714828491,"vh_may_db":-16.733646392822266,"vh_aug_db":-16.86867904663086,"centroid_lat":37.6111749,"centroid_lon":141.0182937,"declaration_match":"match","declared_crop":"unknown","declared_status":"unknown","priority_components":{"declaration":0,"status":23,"change":9,"evidence_uncertainty":3.18,"area":2.9197},"priority_score":38.1,"auto_candidate":true}},{"type":"Feature","geometry":{"type":"Polygon","coordinates":[[[141.011561234,37.615530494],[141.011815117,37.615413057],[141.012296572,37.61516149],[141.012147287,37.615004757],[141.011686813,37.615235393],[141.011397863,37.615381434],[141.01146037,37.615441086],[141.011542294,37.615530682],[141.011561234,37.615530494]]]},"properties":{"field_id":"maff-2026-9b51eca0-00f3-4e44-b046-ec31d2fe087a","source_polygon_id":"9b51eca0-00f3-4e44-b046-ec31d2fe087a","field_id_method":"source_id","municipality":"南相馬市","area_ha":0.17314,"source_land_type":200,"declaration_source":"synthetic_demo","is_synthetic_declaration":true,"baseline_year":2024,"target_year":2025,"baseline_status":"review_required","status":"review_required","baseline_confidence":0.9021,"confidence":0.5702,"reason_codes":["SIGNAL_CONFLICT","NDVI_HARVEST_DROP","NEAR_THRESHOLD","LOW_CONFIDENCE"],"baseline_subtype":"mixed_or_unknown","cultivation_subtype":"mixed_or_unknown","subtype_confidence":null,"subtype_reason_codes":[],"change_type":"change_uncertain","change_confidence":0.5702,"change_reason_codes":["YEAR_STATUS_COMPARISON","BOUNDARY_VINTAGE_DIFFERENCE"],"reference_label":null,"evidence_strength":null,"evidence_sources":[],"evidence_dates":[],"review_status":"not_reviewed","polygon_vintage":2026,"valid_s2_count":42,"valid_s1_count":29,"observation_quality":1.0,"quality_flags":["BOUNDARY_VINTAGE_DIFFERENCE"],"ndvi_max":0.6048844456672668,"ndvi_amplitude":0.3868479132652284,"ndvi_may":0.41554906964302063,"ndvi_aug":0.5648402571678162,"vh_may_db":-17.551115036010742,"vh_aug_db":-14.983353614807129,"centroid_lat":37.6152725,"centroid_lon":141.0118492,"declaration_match":"match","declared_crop":"unknown","declared_status":"unknown","priority_components":{"declaration":0,"status":23,"change":9,"evidence_uncertainty":4.298,"area":5.073},"priority_score":41.37,"auto_candidate":true}},{"type":"Feature","geometry":{"type":"Polygon","coordinates":[[[141.005850703,37.616818341],[141.005874201,37.616830467],[141.00653735,37.616545701],[141.006296449,37.616212314],[141.00596373,37.615803619],[141.005303368,37.616100715],[141.005464774,37.616319533],[141.005702694,37.61662823],[141.005850703,37.616818341]]]},"properties":{"field_id":"maff-2026-9c0fa2b3-c7a1-40cd-a066-56790d97482d","source_polygon_id":"9c0fa2b3-c7a1-40cd-a066-56790d97482d","field_id_method":"source_id","municipality":"南相馬市","area_ha":0.653093,"source_land_type":100,"declaration_source":"synthetic_demo","is_synthetic_declaration":true,"baseline_year":2024,"target_year":2025,"baseline_status":"cultivation_signal","status":"cultivation_signal","baseline_confidence":0.9866,"confidence":0.9421,"reason_codes":["NO_SAR_FLOOD_SIGNAL","NDVI_GROWTH_RISE","NDVI_PEAK_REACHED","NDVI_HARVEST_DROP"],"baseline_subtype":"upland_crop_signal","cultivation_subtype":"upland_crop_signal","subtype_confidence":0.6289,"subtype_reason_codes":["NO_SAR_FLOOD_SIGNAL","NDVI_GROWTH_RISE","NDVI_PEAK_REACHED"],"change_type":"stable","change_confidence":0.9421,"change_reason_codes":["YEAR_STATUS_COMPARISON","BOUNDARY_VINTAGE_DIFFERENCE"],"reference_label":null,"evidence_strength":null,"evidence_sources":[],"evidence_dates":[],"review_status":"not_reviewed","polygon_vintage":2026,"valid_s2_count":38,"valid_s1_count":29,"observation_quality":0.9921,"quality_flags":["BOUNDARY_VINTAGE_DIFFERENCE"],"ndvi_max":0.6007348299026489,"ndvi_amplitude":0.5135866403579712,"ndvi_may":0.1267857365310192,"ndvi_aug":0.5651658773422241,"vh_may_db":-21.07171058654785,"vh_aug_db":-13.438269138336182,"centroid_lat":37.6163205,"centroid_lon":141.0059202,"declaration_match":"mismatch","declared_crop":"paddy_rice","declared_status":"planned_cultivation","priority_components":{"declaration":40,"status":0,"change":0,"evidence_uncertainty":0,"area":7.4088},"priority_score":47.41,"auto_candidate":true}},{"type":"Feature","geometry":{"type":"Polygon","coordinates":[[[141.018228445,37.611987801],[141.018505526,37.611990669],[141.01857512,37.611750749],[141.018278353,37.611700988],[141.018253118,37.611752099],[141.018233366,37.611850247],[141.018228445,37.611987801]]]},"properties":{"field_id":"maff-2026-9c73bc27-27b5-451e-a222-df48f5cbae0e","source_polygon_id":"9c73bc27-27b5-451e-a222-df48f5cbae0e","field_id_method":"source_id","municipality":"南相馬市","area_ha":0.078921,"source_land_type":200,"declaration_source":"synthetic_demo","is_synthetic_declaration":true,"baseline_year":2024,"target_year":2025,"baseline_status":"fallow_candidate","status":"fallow_candidate","baseline_confidence":0.79,"confidence":0.79,"reason_codes":["NO_SAR_FLOOD_SIGNAL","NDVI_PEAK_LOW","NDVI_AMPLITUDE_LOW"],"baseline_subtype":"mixed_or_unknown","cultivation_subtype":"mixed_or_unknown","subtype_confidence":null,"subtype_reason_codes":["NO_SAR_FLOOD_SIGNAL"],"change_type":"stable","change_confidence":0.79,"change_reason_codes":["YEAR_STATUS_COMPARISON","BOUNDARY_VINTAGE_DIFFERENCE"],"reference_label":null,"evidence_strength":null,"evidence_sources":[],"evidence_dates":[],"review_status":"not_reviewed","polygon_vintage":2026,"valid_s2_count":41,"valid_s1_count":29,"observation_quality":0.9625,"quality_flags":["BOUNDARY_VINTAGE_DIFFERENCE","SMALL_FIELD_WARNING","SMALL_FIELD_MIXED_PIXEL"],"ndvi_max":0.4589433372020721,"ndvi_amplitude":0.391776829957962,"ndvi_may":0.23550032079219818,"ndvi_aug":0.192086324095726,"vh_may_db":-14.95017910003662,"vh_aug_db":-15.097878456115723,"centroid_lat":37.6118538,"centroid_lon":141.0183871,"declaration_match":"match","declared_crop":"upland_crop","declared_status":"planned_cultivation","priority_components":{"declaration":0,"status":25,"change":0,"evidence_uncertainty":7.9,"area":3.7591},"priority_score":36.66,"auto_candidate":true}},{"type":"Feature","geometry":{"type":"Polygon","coordinates":[[[141.005049661,37.617764429],[141.0049765,37.617780225],[141.00498884,37.617812124],[141.004987744,37.617893131],[141.00497981,37.617991159],[141.005048591,37.61799801],[141.00506055,37.617854736],[141.005049661,37.617764429]]]},"properties":{"field_id":"maff-2026-9d9f0a57-8835-4050-a79e-3cf7b808b84a","source_polygon_id":"9d9f0a57-8835-4050-a79e-3cf7b808b84a","field_id_method":"source_id","municipality":"南相馬市","area_ha":0.015257,"source_land_type":200,"declaration_source":"synthetic_demo","is_synthetic_declaration":true,"baseline_year":2024,"target_year":2025,"baseline_status":"insufficient_observation","status":"insufficient_observation","baseline_confidence":null,"confidence":null,"reason_codes":["INSUFFICIENT_OPTICAL_OBSERVATIONS"],"baseline_subtype":"not_evaluated","cultivation_subtype":"not_evaluated","subtype_confidence":null,"subtype_reason_codes":[],"change_type":"change_uncertain","change_confidence":null,"change_reason_codes":["OBSERVATION_LIMITS_YEAR_COMPARISON"],"reference_label":null,"evidence_strength":null,"evidence_sources":[],"evidence_dates":[],"review_status":"not_reviewed","polygon_vintage":2026,"valid_s2_count":0,"valid_s1_count":0,"observation_quality":0.0,"quality_flags":["BOUNDARY_VINTAGE_DIFFERENCE","SMALL_FIELD_SEVERE","SMALL_FIELD_MIXED_PIXEL","HARVEST_WINDOW_INCOMPLETE"],"ndvi_max":null,"ndvi_amplitude":null,"ndvi_may":null,"ndvi_aug":null,"vh_may_db":null,"vh_aug_db":null,"centroid_lat":37.6178828,"centroid_lon":141.0050206,"declaration_match":"match","declared_crop":"unknown","declared_status":"unknown","priority_components":{"declaration":0,"status":20,"change":9,"evidence_uncertainty":10.0,"area":1.1679},"priority_score":40.17,"auto_candidate":true}},{"type":"Feature","geometry":{"type":"Polygon","coordinates":[[[141.008650877,37.609497965],[141.008752763,37.609502601],[141.008838374,37.609526237],[141.00889531,37.609533204],[141.00898743,37.6095191],[141.009018087,37.60951126],[141.008947091,37.609363161],[141.008736069,37.609344543],[141.008650374,37.609465949],[141.008650877,37.609497965]]]},"properties":{"field_id":"maff-2026-9ed25e85-e3ac-44d2-8453-0dce23d0071a","source_polygon_id":"9ed25e85-e3ac-44d2-8453-0dce23d0071a","field_id_method":"source_id","municipality":"南相馬市","area_ha":0.048215,"source_land_type":100,"declaration_source":"synthetic_demo","is_synthetic_declaration":true,"baseline_year":2024,"target_year":2025,"baseline_status":"review_required","status":"review_required","baseline_confidence":0.7536,"confidence":0.7684,"reason_codes":["SIGNAL_CONFLICT","SMALL_FIELD_SEVERE"],"baseline_subtype":"mixed_or_unknown","cultivation_subtype":"mixed_or_unknown","subtype_confidence":null,"subtype_reason_codes":[],"change_type":"change_uncertain","change_confidence":0.7536,"change_reason_codes":["YEAR_STATUS_COMPARISON","BOUNDARY_VINTAGE_DIFFERENCE"],"reference_label":null,"evidence_strength":null,"evidence_sources":[],"evidence_dates":[],"review_status":"not_reviewed","polygon_vintage":2026,"valid_s2_count":41,"valid_s1_count":29,"observation_quality":1.0,"quality_flags":["BOUNDARY_VINTAGE_DIFFERENCE","SMALL_FIELD_SEVERE","SMALL_FIELD_MIXED_PIXEL"],"ndvi_max":0.6655755043029785,"ndvi_amplitude":0.4482109695672989,"ndvi_may":0.6081380248069763,"ndvi_aug":0.5747294425964355,"vh_may_db":-15.789383888244627,"vh_aug_db":-14.666498184204102,"centroid_lat":37.6094426,"centroid_lon":141.008835,"declaration_match":"match","declared_crop":"unknown","declared_status":"unknown","priority_components":{"declaration":0,"status":23,"change":9,"evidence_uncertainty":2.316,"area":3.0657},"priority_score":37.38,"auto_candidate":true}},{"type":"Feature","geometry":{"type":"Polygon","coordinates":[[[141.010761829,37.610320337],[141.010787692,37.610308777],[141.010811663,37.610327374],[141.010851285,37.610287422],[141.010795856,37.610225816],[141.010769606,37.610212891],[141.010727468,37.61024345],[141.010739899,37.610280999],[141.010761829,37.610320337]]]},"properties":{"field_id":"maff-2026-a065b9d7-523a-4eb4-8645-94b83641e456","source_polygon_id":"a065b9d7-523a-4eb4-8645-94b83641e456","field_id_method":"source_id","municipality":"南相馬市","area_ha":0.008026,"source_land_type":200,"declaration_source":"synthetic_demo","is_synthetic_declaration":true,"baseline_year":2024,"target_year":2025,"baseline_status":"insufficient_observation","status":"insufficient_observation","baseline_confidence":null,"confidence":null,"reason_codes":["INSUFFICIENT_OPTICAL_OBSERVATIONS"],"baseline_subtype":"not_evaluated","cultivation_subtype":"not_evaluated","subtype_confidence":null,"subtype_reason_codes":[],"change_type":"change_uncertain","change_confidence":null,"change_reason_codes":["OBSERVATION_LIMITS_YEAR_COMPARISON"],"reference_label":null,"evidence_strength":null,"evidence_sources":[],"evidence_dates":[],"review_status":"not_reviewed","polygon_vintage":2026,"valid_s2_count":0,"valid_s1_count":0,"observation_quality":0.0,"quality_flags":["BOUNDARY_VINTAGE_DIFFERENCE","SMALL_FIELD_SEVERE","SMALL_FIELD_MIXED_PIXEL","HARVEST_WINDOW_INCOMPLETE"],"ndvi_max":null,"ndvi_amplitude":null,"ndvi_may":null,"ndvi_aug":null,"vh_may_db":null,"vh_aug_db":null,"centroid_lat":37.6102713,"centroid_lon":141.0107853,"declaration_match":"match","declared_crop":"unknown","declared_status":"unknown","priority_components":{"declaration":0,"status":20,"change":9,"evidence_uncertainty":10.0,"area":0.146},"priority_score":39.15,"auto_candidate":true}},{"type":"Feature","geometry":{"type":"Polygon","coordinates":[[[141.010435448,37.612053769],[141.011295623,37.611614758],[141.010660307,37.610793844],[141.0098965,37.611236424],[141.009917915,37.611272117],[141.009839393,37.611329223],[141.010435448,37.612053769]]]},"properties":{"field_id":"maff-2026-a16195f5-e1ea-4a46-a093-d58b292954e1","source_polygon_id":"a16195f5-e1ea-4a46-a093-d58b292954e1","field_id_method":"source_id","municipality":"南相馬市","area_ha":0.950064,"source_land_type":100,"declaration_source":"synthetic_demo","is_synthetic_declaration":true,"baseline_year":2024,"target_year":2025,"baseline_status":"review_required","status":"cultivation_signal","baseline_confidence":0.6092,"confidence":0.9777,"reason_codes":["NO_SAR_FLOOD_SIGNAL","NDVI_GROWTH_RISE","NDVI_PEAK_REACHED","NDVI_HARVEST_DROP"],"baseline_subtype":"mixed_or_unknown","cultivation_subtype":"upland_crop_signal","subtype_confidence":0.9777,"subtype_reason_codes":["NO_SAR_FLOOD_SIGNAL","NDVI_GROWTH_RISE","NDVI_PEAK_REACHED"],"change_type":"change_uncertain","change_confidence":0.6092,"change_reason_codes":["YEAR_STATUS_COMPARISON","BOUNDARY_VINTAGE_DIFFERENCE"],"reference_label":null,"evidence_strength":null,"evidence_sources":[],"evidence_dates":[],"review_status":"not_reviewed","polygon_vintage":2026,"valid_s2_count":41,"valid_s1_count":29,"observation_quality":0.9973,"quality_flags":["BOUNDARY_VINTAGE_DIFFERENCE"],"ndvi_max":0.601007342338562,"ndvi_amplitude":0.6209746766835451,"ndvi_may":0.08079027384519574,"ndvi_aug":0.5827696323394775,"vh_may_db":-21.579816818237305,"vh_aug_db":-15.06478500366211,"centroid_lat":37.6114344,"centroid_lon":141.0105548,"declaration_match":"match","declared_crop":"upland_crop","declared_status":"planned_cultivation","priority_components":{"declaration":0,"status":0,"change":9,"evidence_uncertainty":0,"area":9.1971},"priority_score":18.2,"auto_candidate":true}},{"type":"Feature","geometry":{"type":"Polygon","coordinates":[[[141.016626299,37.618545529],[141.017432937,37.618533631],[141.017432937,37.617674646],[141.017399624,37.617677025],[141.017392486,37.617646092],[141.016681027,37.617886418],[141.016600125,37.618521734],[141.016626299,37.618545529]]]},"properties":{"field_id":"maff-2026-a1a1f2f5-c58c-448e-a600-9e2ac89795ff","source_polygon_id":"a1a1f2f5-c58c-448e-a600-9e2ac89795ff","field_id_method":"source_id","municipality":"南相馬市","area_ha":0.599419,"source_land_type":100,"declaration_source":"synthetic_demo","is_synthetic_declaration":true,"baseline_year":2024,"target_year":2025,"baseline_status":"insufficient_observation","status":"review_required","baseline_confidence":null,"confidence":0.6352,"reason_codes":["SIGNAL_CONFLICT","NDVI_HARVEST_DROP","NEAR_THRESHOLD"],"baseline_subtype":"not_evaluated","cultivation_subtype":"mixed_or_unknown","subtype_confidence":null,"subtype_reason_codes":[],"change_type":"change_uncertain","change_confidence":null,"change_reason_codes":["OBSERVATION_LIMITS_YEAR_COMPARISON"],"reference_label":null,"evidence_strength":null,"evidence_sources":[],"evidence_dates":[],"review_status":"not_reviewed","polygon_vintage":2026,"valid_s2_count":36,"valid_s1_count":29,"observation_quality":0.9896,"quality_flags":["BOUNDARY_VINTAGE_DIFFERENCE"],"ndvi_max":0.5147581100463867,"ndvi_amplitude":0.4831512868404389,"ndvi_may":0.06416972726583475,"ndvi_aug":0.4934396147727966,"vh_may_db":-20.963489532470703,"vh_aug_db":-14.125927925109863,"centroid_lat":37.6181549,"centroid_lon":141.0170569,"declaration_match":"mismatch","declared_crop":"paddy_rice","declared_status":"planned_cultivation","priority_components":{"declaration":40,"status":23,"change":9,"evidence_uncertainty":3.648,"area":7.1533},"priority_score":82.8,"auto_candidate":true}},{"type":"Feature","geometry":{"type":"Polygon","coordinates":[[[141.018425979,37.610545835],[141.018544499,37.610554063],[141.018546538,37.610533323],[141.018538508,37.610475011],[141.018523646,37.61043372],[141.018492512,37.610411429],[141.018454633,37.61041181],[141.018448129,37.610449547],[141.018448667,37.610483447],[141.018425979,37.610545835]]]},"properties":{"field_id":"maff-2026-a442f932-b6cd-47d7-88ff-8fb3c5f7d374","source_polygon_id":"a442f932-b6cd-47d7-88ff-8fb3c5f7d374","field_id_method":"source_id","municipality":"南相馬市","area_ha":0.012252,"source_land_type":200,"declaration_source":"synthetic_demo","is_synthetic_declaration":true,"baseline_year":2024,"target_year":2025,"baseline_status":"insufficient_observation","status":"insufficient_observation","baseline_confidence":null,"confidence":null,"reason_codes":["INSUFFICIENT_OPTICAL_OBSERVATIONS"],"baseline_subtype":"not_evaluated","cultivation_subtype":"not_evaluated","subtype_confidence":null,"subtype_reason_codes":[],"change_type":"change_uncertain","change_confidence":null,"change_reason_codes":["OBSERVATION_LIMITS_YEAR_COMPARISON"],"reference_label":null,"evidence_strength":null,"evidence_sources":[],"evidence_dates":[],"review_status":"not_reviewed","polygon_vintage":2026,"valid_s2_count":0,"valid_s1_count":0,"observation_quality":0.0,"quality_flags":["BOUNDARY_VINTAGE_DIFFERENCE","SMALL_FIELD_SEVERE","SMALL_FIELD_MIXED_PIXEL","HARVEST_WINDOW_INCOMPLETE"],"ndvi_max":null,"ndvi_amplitude":null,"ndvi_may":null,"ndvi_aug":null,"vh_may_db":null,"vh_aug_db":null,"centroid_lat":37.6104895,"centroid_lon":141.0184902,"declaration_match":"match","declared_crop":"unknown","declared_status":"unknown","priority_components":{"declaration":0,"status":20,"change":9,"evidence_uncertainty":10.0,"area":0.8029},"priority_score":39.8,"auto_candidate":true}},{"type":"Feature","geometry":{"type":"Polygon","coordinates":[[[141.013735021,37.609563091],[141.013817248,37.609572314],[141.013959291,37.609570893],[141.0139433,37.609458036],[141.013755528,37.609462425],[141.013759042,37.609484994],[141.013750068,37.609516478],[141.013734763,37.609546769],[141.013735021,37.609563091]]]},"properties":{"field_id":"maff-2026-a450348c-0615-4b7a-9986-be59fcc20da6","source_polygon_id":"a450348c-0615-4b7a-9986-be59fcc20da6","field_id_method":"source_id","municipality":"南相馬市","area_ha":0.021939,"source_land_type":100,"declaration_source":"synthetic_demo","is_synthetic_declaration":true,"baseline_year":2024,"target_year":2025,"baseline_status":"insufficient_observation","status":"insufficient_observation","baseline_confidence":null,"confidence":null,"reason_codes":["INSUFFICIENT_OPTICAL_OBSERVATIONS"],"baseline_subtype":"not_evaluated","cultivation_subtype":"not_evaluated","subtype_confidence":null,"subtype_reason_codes":[],"change_type":"change_uncertain","change_confidence":null,"change_reason_codes":["OBSERVATION_LIMITS_YEAR_COMPARISON"],"reference_label":null,"evidence_strength":null,"evidence_sources":[],"evidence_dates":[],"review_status":"not_reviewed","polygon_vintage":2026,"valid_s2_count":0,"valid_s1_count":0,"observation_quality":0.0,"quality_flags":["BOUNDARY_VINTAGE_DIFFERENCE","SMALL_FIELD_SEVERE","SMALL_FIELD_MIXED_PIXEL","HARVEST_WINDOW_INCOMPLETE"],"ndvi_max":null,"ndvi_amplitude":null,"ndvi_may":null,"ndvi_aug":null,"vh_may_db":null,"vh_aug_db":null,"centroid_lat":37.6095173,"centroid_lon":141.0138511,"declaration_match":"match","declared_crop":"unknown","declared_status":"unknown","priority_components":{"declaration":0,"status":20,"change":9,"evidence_uncertainty":10.0,"area":1.8978},"priority_score":40.9,"auto_candidate":true}},{"type":"Feature","geometry":{"type":"Polygon","coordinates":[[[141.006474518,37.621008875],[141.007294935,37.620548642],[141.006819951,37.619934594],[141.005995098,37.620338358],[141.006006064,37.620358027],[141.005984931,37.62036954],[141.006079581,37.620515522],[141.006271721,37.620762252],[141.006402065,37.620919181],[141.006474518,37.621008875]]]},"properties":{"field_id":"maff-2026-a4a49bdf-0aee-4618-8345-580bc5f64245","source_polygon_id":"a4a49bdf-0aee-4618-8345-580bc5f64245","field_id_method":"source_id","municipality":"南相馬市","area_ha":0.736032,"source_land_type":100,"declaration_source":"synthetic_demo","is_synthetic_declaration":true,"baseline_year":2024,"target_year":2025,"baseline_status":"insufficient_observation","status":"insufficient_observation","baseline_confidence":null,"confidence":null,"reason_codes":["INSUFFICIENT_OPTICAL_OBSERVATIONS"],"baseline_subtype":"not_evaluated","cultivation_subtype":"not_evaluated","subtype_confidence":null,"subtype_reason_codes":[],"change_type":"change_uncertain","change_confidence":null,"change_reason_codes":["OBSERVATION_LIMITS_YEAR_COMPARISON"],"reference_label":null,"evidence_strength":null,"evidence_sources":[],"evidence_dates":[],"review_status":"not_reviewed","polygon_vintage":2026,"valid_s2_count":0,"valid_s1_count":0,"observation_quality":0.0,"quality_flags":["BOUNDARY_VINTAGE_DIFFERENCE","HARVEST_WINDOW_INCOMPLETE"],"ndvi_max":null,"ndvi_amplitude":null,"ndvi_may":null,"ndvi_aug":null,"vh_may_db":null,"vh_aug_db":null,"centroid_lat":37.6204651,"centroid_lon":141.0066321,"declaration_match":"mismatch","declared_crop":"upland_crop","declared_status":"planned_cultivation","priority_components":{"declaration":40,"status":20,"change":9,"evidence_uncertainty":10.0,"area":7.8102},"priority_score":86.81,"auto_candidate":true}},{"type":"Feature","geometry":{"type":"Polygon","coordinates":[[[141.005006428,37.618422839],[141.005132003,37.618427243],[141.005132301,37.618295386],[141.005004447,37.618296655],[141.00500942,37.618311675],[141.005006428,37.618422839]]]},"properties":{"field_id":"maff-2026-a4e1f110-6caa-4bdb-9a78-02300667fa03","source_polygon_id":"a4e1f110-6caa-4bdb-9a78-02300667fa03","field_id_method":"source_id","municipality":"南相馬市","area_ha":0.015713,"source_land_type":200,"declaration_source":"synthetic_demo","is_synthetic_declaration":true,"baseline_year":2024,"target_year":2025,"baseline_status":"insufficient_observation","status":"insufficient_observation","baseline_confidence":null,"confidence":null,"reason_codes":["INSUFFICIENT_OPTICAL_OBSERVATIONS"],"baseline_subtype":"not_evaluated","cultivation_subtype":"not_evaluated","subtype_confidence":null,"subtype_reason_codes":[],"change_type":"change_uncertain","change_confidence":null,"change_reason_codes":["OBSERVATION_LIMITS_YEAR_COMPARISON"],"reference_label":null,"evidence_strength":null,"evidence_sources":[],"evidence_dates":[],"review_status":"not_reviewed","polygon_vintage":2026,"valid_s2_count":0,"valid_s1_count":0,"observation_quality":0.0,"quality_flags":["BOUNDARY_VINTAGE_DIFFERENCE","SMALL_FIELD_SEVERE","SMALL_FIELD_MIXED_PIXEL","HARVEST_WINDOW_INCOMPLETE"],"ndvi_max":null,"ndvi_amplitude":null,"ndvi_may":null,"ndvi_aug":null,"vh_may_db":null,"vh_aug_db":null,"centroid_lat":37.6183606,"centroid_lon":141.0050704,"declaration_match":"unavailable","declared_crop":"not_declared","declared_status":"not_submitted","priority_components":{"declaration":0,"status":20,"change":9,"evidence_uncertainty":10.0,"area":1.2774},"priority_score":40.28,"auto_candidate":true}},{"type":"Feature","geometry":{"type":"Polygon","coordinates":[[[141.020202197,37.610905607],[141.020482782,37.6106824],[141.020536874,37.610659252],[141.021020367,37.61024187],[141.020716504,37.61004338],[141.020479431,37.609875767],[141.020161388,37.610125723],[141.019920749,37.610329692],[141.019858146,37.610413201],[141.02002305,37.610658299],[141.020156467,37.610858976],[141.020202197,37.610905607]]]},"properties":{"field_id":"maff-2026-a4f1f747-3592-4c97-bd11-72c0bae2a211","source_polygon_id":"a4f1f747-3592-4c97-bd11-72c0bae2a211","field_id_method":"source_id","municipality":"南相馬市","area_ha":0.582411,"source_land_type":100,"declaration_source":"synthetic_demo","is_synthetic_declaration":true,"baseline_year":2024,"target_year":2025,"baseline_status":"review_required","status":"cultivation_signal","baseline_confidence":0.5096,"confidence":0.973,"reason_codes":["NO_SAR_FLOOD_SIGNAL","NDVI_GROWTH_RISE","NDVI_PEAK_REACHED","NDVI_HARVEST_DROP"],"baseline_subtype":"mixed_or_unknown","cultivation_subtype":"upland_crop_signal","subtype_confidence":0.973,"subtype_reason_codes":["NO_SAR_FLOOD_SIGNAL","NDVI_GROWTH_RISE","NDVI_PEAK_REACHED"],"change_type":"change_uncertain","change_confidence":0.5096,"change_reason_codes":["YEAR_STATUS_COMPARISON","BOUNDARY_VINTAGE_DIFFERENCE"],"reference_label":null,"evidence_strength":null,"evidence_sources":[],"evidence_dates":[],"review_status":"not_reviewed","polygon_vintage":2026,"valid_s2_count":42,"valid_s1_count":29,"observation_quality":1.0,"quality_flags":["BOUNDARY_VINTAGE_DIFFERENCE"],"ndvi_max":0.6108207702636719,"ndvi_amplitude":0.6339374408125876,"ndvi_may":0.031132832169532748,"ndvi_aug":0.584284245967865,"vh_may_db":-20.62876510620117,"vh_aug_db":-14.141814708709717,"centroid_lat":37.6103672,"centroid_lon":141.0203966,"declaration_match":"match","declared_crop":"upland_crop","declared_status":"planned_cultivation","priority_components":{"declaration":0,"status":0,"change":9,"evidence_uncertainty":0,"area":7.0438},"priority_score":16.04,"auto_candidate":true}},{"type":"Feature","geometry":{"type":"Polygon","coordinates":[[[141.008068366,37.616524107],[141.008125901,37.616568741],[141.008262271,37.616431762],[141.008193861,37.616373108],[141.008155685,37.616429997],[141.008068366,37.616524107]]]},"properties":{"field_id":"maff-2026-a68f275c-2f45-41b8-bbfe-d46d136c7365","source_polygon_id":"a68f275c-2f45-41b8-bbfe-d46d136c7365","field_id_method":"source_id","municipality":"南相馬市","area_ha":0.014826,"source_land_type":200,"declaration_source":"synthetic_demo","is_synthetic_declaration":true,"baseline_year":2024,"target_year":2025,"baseline_status":"insufficient_observation","status":"insufficient_observation","baseline_confidence":null,"confidence":null,"reason_codes":["INSUFFICIENT_OPTICAL_OBSERVATIONS"],"baseline_subtype":"not_evaluated","cultivation_subtype":"not_evaluated","subtype_confidence":null,"subtype_reason_codes":[],"change_type":"change_uncertain","change_confidence":null,"change_reason_codes":["OBSERVATION_LIMITS_YEAR_COMPARISON"],"reference_label":null,"evidence_strength":null,"evidence_sources":[],"evidence_dates":[],"review_status":"not_reviewed","polygon_vintage":2026,"valid_s2_count":0,"valid_s1_count":0,"observation_quality":0.0,"quality_flags":["BOUNDARY_VINTAGE_DIFFERENCE","SMALL_FIELD_SEVERE","SMALL_FIELD_MIXED_PIXEL","HARVEST_WINDOW_INCOMPLETE"],"ndvi_max":null,"ndvi_amplitude":null,"ndvi_may":null,"ndvi_aug":null,"vh_may_db":null,"vh_aug_db":null,"centroid_lat":37.6164731,"centroid_lon":141.008166,"declaration_match":"unavailable","declared_crop":"not_declared","declared_status":"not_submitted","priority_components":{"declaration":0,"status":20,"change":9,"evidence_uncertainty":10.0,"area":1.0584},"priority_score":40.06,"auto_candidate":true}},{"type":"Feature","geometry":{"type":"Polygon","coordinates":[[[141.007209823,37.60948688],[141.007365261,37.609433848],[141.007402705,37.609405849],[141.007320931,37.609325038],[141.00721359,37.60922439],[141.007107906,37.609128748],[141.00699806,37.609069564],[141.006974426,37.609072311],[141.007005183,37.60912098],[141.007041068,37.609194712],[141.007037675,37.609280137],[141.007039865,37.609319044],[141.007106823,37.609461534],[141.007121205,37.609472693],[141.007157189,37.609452243],[141.00718252,37.609457014],[141.007209823,37.60948688]]]},"properties":{"field_id":"maff-2026-a7242d38-870f-4297-8d69-7ccfa6711751","source_polygon_id":"a7242d38-870f-4297-8d69-7ccfa6711751","field_id_method":"source_id","municipality":"南相馬市","area_ha":0.077416,"source_land_type":200,"declaration_source":"synthetic_demo","is_synthetic_declaration":true,"baseline_year":2024,"target_year":2025,"baseline_status":"insufficient_observation","status":"insufficient_observation","baseline_confidence":null,"confidence":null,"reason_codes":["INSUFFICIENT_OPTICAL_OBSERVATIONS"],"baseline_subtype":"not_evaluated","cultivation_subtype":"not_evaluated","subtype_confidence":null,"subtype_reason_codes":[],"change_type":"change_uncertain","change_confidence":null,"change_reason_codes":["OBSERVATION_LIMITS_YEAR_COMPARISON"],"reference_label":null,"evidence_strength":null,"evidence_sources":[],"evidence_dates":[],"review_status":"not_reviewed","polygon_vintage":2026,"valid_s2_count":0,"valid_s1_count":0,"observation_quality":0.0,"quality_flags":["BOUNDARY_VINTAGE_DIFFERENCE","SMALL_FIELD_WARNING","SMALL_FIELD_MIXED_PIXEL","HARVEST_WINDOW_INCOMPLETE"],"ndvi_max":null,"ndvi_amplitude":null,"ndvi_may":null,"ndvi_aug":null,"vh_may_db":null,"vh_aug_db":null,"centroid_lat":37.609313,"centroid_lon":141.0071721,"declaration_match":"not_comparable","declared_crop":"unknown","declared_status":"unknown","priority_components":{"declaration":20,"status":20,"change":9,"evidence_uncertainty":10.0,"area":3.6861},"priority_score":62.69,"auto_candidate":true}},{"type":"Feature","geometry":{"type":"Polygon","coordinates":[[[141.010471698,37.61456345],[141.010507121,37.614557445],[141.010648282,37.614499528],[141.010864551,37.614399421],[141.010816577,37.614360343],[141.010737142,37.614278256],[141.010377931,37.61432328],[141.010290896,37.614359937],[141.010373114,37.614468367],[141.010443078,37.61455055],[141.010471698,37.61456345]]]},"properties":{"field_id":"maff-2026-a88accdf-b476-44df-8ef4-40af4f285e23","source_polygon_id":"a88accdf-b476-44df-8ef4-40af4f285e23","field_id_method":"source_id","municipality":"南相馬市","area_ha":0.093938,"source_land_type":100,"declaration_source":"synthetic_demo","is_synthetic_declaration":true,"baseline_year":2024,"target_year":2025,"baseline_status":"review_required","status":"review_required","baseline_confidence":0.6991,"confidence":0.79,"reason_codes":["NO_SAR_FLOOD_SIGNAL","NDVI_GROWTH_RISE","NDVI_PEAK_REACHED","NDVI_HARVEST_DROP","NEAR_THRESHOLD"],"baseline_subtype":"mixed_or_unknown","cultivation_subtype":"mixed_or_unknown","subtype_confidence":null,"subtype_reason_codes":["NO_SAR_FLOOD_SIGNAL","NDVI_GROWTH_RISE","NDVI_PEAK_REACHED"],"change_type":"change_uncertain","change_confidence":0.6991,"change_reason_codes":["YEAR_STATUS_COMPARISON","BOUNDARY_VINTAGE_DIFFERENCE"],"reference_label":null,"evidence_strength":null,"evidence_sources":[],"evidence_dates":[],"review_status":"not_reviewed","polygon_vintage":2026,"valid_s2_count":41,"valid_s1_count":29,"observation_quality":0.9927,"quality_flags":["BOUNDARY_VINTAGE_DIFFERENCE","SMALL_FIELD_WARNING","SMALL_FIELD_MIXED_PIXEL"],"ndvi_max":0.5502830743789673,"ndvi_amplitude":0.4133596420288086,"ndvi_may":0.16924764215946195,"ndvi_aug":0.5392950773239136,"vh_may_db":-17.20772933959961,"vh_aug_db":-15.39211368560791,"centroid_lat":37.6144062,"centroid_lon":141.0105665,"declaration_match":"mismatch","declared_crop":"paddy_rice","declared_status":"planned_cultivation","priority_components":{"declaration":40,"status":23,"change":9,"evidence_uncertainty":2.1,"area":4.2336},"priority_score":78.33,"auto_candidate":true}},{"type":"Feature","geometry":{"type":"Polygon","coordinates":[[[141.012097338,37.612485216],[141.012783813,37.613349436],[141.012816174,37.613364664],[141.013729887,37.612919229],[141.01302057,37.612022411],[141.012097338,37.612485216]]]},"properties":{"field_id":"maff-2026-a939b225-0d5c-476b-b8ea-b8aaa4922421","source_polygon_id":"a939b225-0d5c-476b-b8ea-b8aaa4922421","field_id_method":"source_id","municipality":"南相馬市","area_ha":1.124825,"source_land_type":100,"declaration_source":"synthetic_demo","is_synthetic_declaration":true,"baseline_year":2024,"target_year":2025,"baseline_status":"review_required","status":"cultivation_signal","baseline_confidence":0.8527,"confidence":0.9394,"reason_codes":["NO_SAR_FLOOD_SIGNAL","NDVI_GROWTH_RISE","NDVI_PEAK_REACHED","NDVI_HARVEST_DROP"],"baseline_subtype":"mixed_or_unknown","cultivation_subtype":"upland_crop_signal","subtype_confidence":0.9394,"subtype_reason_codes":["NO_SAR_FLOOD_SIGNAL","NDVI_GROWTH_RISE","NDVI_PEAK_REACHED"],"change_type":"change_uncertain","change_confidence":0.8527,"change_reason_codes":["YEAR_STATUS_COMPARISON","BOUNDARY_VINTAGE_DIFFERENCE"],"reference_label":null,"evidence_strength":null,"evidence_sources":[],"evidence_dates":[],"review_status":"not_reviewed","polygon_vintage":2026,"valid_s2_count":40,"valid_s1_count":29,"observation_quality":0.9948,"quality_flags":["BOUNDARY_VINTAGE_DIFFERENCE"],"ndvi_max":0.5724849700927734,"ndvi_amplitude":0.5682320641353727,"ndvi_may":0.071960300207138,"ndvi_aug":0.5527371764183044,"vh_may_db":-21.609277725219727,"vh_aug_db":-13.884334564208984,"centroid_lat":37.612699,"centroid_lon":141.012913,"declaration_match":"match","declared_crop":"upland_crop","declared_status":"planned_cultivation","priority_components":{"declaration":0,"status":0,"change":9,"evidence_uncertainty":0,"area":9.7445},"priority_score":18.74,"auto_candidate":true}},{"type":"Feature","geometry":{"type":"Polygon","coordinates":[[[141.018465653,37.615156361],[141.019433141,37.614990274],[141.019454556,37.614940306],[141.019473592,37.614607181],[141.018487067,37.614465365],[141.018465653,37.615156361]]]},"properties":{"field_id":"maff-2026-a959a54a-7b6b-45d1-8d41-336813ea9cfb","source_polygon_id":"a959a54a-7b6b-45d1-8d41-336813ea9cfb","field_id_method":"source_id","municipality":"南相馬市","area_ha":0.516409,"source_land_type":100,"declaration_source":"synthetic_demo","is_synthetic_declaration":true,"baseline_year":2024,"target_year":2025,"baseline_status":"cultivation_signal","status":"review_required","baseline_confidence":0.9909,"confidence":0.8893,"reason_codes":["NO_SAR_FLOOD_SIGNAL","NDVI_GROWTH_RISE","NDVI_PEAK_REACHED","NDVI_HARVEST_DROP","NEAR_THRESHOLD"],"baseline_subtype":"upland_crop_signal","cultivation_subtype":"mixed_or_unknown","subtype_confidence":null,"subtype_reason_codes":["NO_SAR_FLOOD_SIGNAL","NDVI_GROWTH_RISE","NDVI_PEAK_REACHED"],"change_type":"change_uncertain","change_confidence":0.8893,"change_reason_codes":["YEAR_STATUS_COMPARISON","BOUNDARY_VINTAGE_DIFFERENCE"],"reference_label":null,"evidence_strength":null,"evidence_sources":[],"evidence_dates":[],"review_status":"not_reviewed","polygon_vintage":2026,"valid_s2_count":40,"valid_s1_count":29,"observation_quality":0.9696,"quality_flags":["BOUNDARY_VINTAGE_DIFFERENCE"],"ndvi_max":0.5628434419631958,"ndvi_amplitude":0.5398959666490555,"ndvi_may":0.0845613256096839,"ndvi_aug":0.5384088754653931,"vh_may_db":-20.403921127319336,"vh_aug_db":-15.371907234191895,"centroid_lat":37.6148039,"centroid_lon":141.0189214,"declaration_match":"mismatch","declared_crop":"paddy_rice","declared_status":"planned_cultivation","priority_components":{"declaration":40,"status":23,"change":9,"evidence_uncertainty":1.107,"area":6.7153},"priority_score":79.82,"auto_candidate":true}},{"type":"Feature","geometry":{"type":"Polygon","coordinates":[[[141.008365652,37.617052051],[141.007878283,37.61725773],[141.007879711,37.617274862],[141.008071211,37.617601462],[141.00867059,37.617307216],[141.00865934,37.61725997],[141.008411204,37.617070222],[141.008365652,37.617052051]]]},"properties":{"field_id":"maff-2026-ab297339-e37b-4fa0-9cd1-819d21a1d2e2","source_polygon_id":"ab297339-e37b-4fa0-9cd1-819d21a1d2e2","field_id_method":"source_id","municipality":"南相馬市","area_ha":0.229286,"source_land_type":100,"declaration_source":"synthetic_demo","is_synthetic_declaration":true,"baseline_year":2024,"target_year":2025,"baseline_status":"review_required","status":"review_required","baseline_confidence":0.9201,"confidence":0.9315,"reason_codes":["NO_SAR_FLOOD_SIGNAL","NDVI_GROWTH_RISE","NDVI_PEAK_REACHED","NDVI_HARVEST_DROP","NEAR_THRESHOLD"],"baseline_subtype":"mixed_or_unknown","cultivation_subtype":"mixed_or_unknown","subtype_confidence":null,"subtype_reason_codes":["NO_SAR_FLOOD_SIGNAL","NDVI_GROWTH_RISE","NDVI_PEAK_REACHED"],"change_type":"change_uncertain","change_confidence":0.9201,"change_reason_codes":["YEAR_STATUS_COMPARISON","BOUNDARY_VINTAGE_DIFFERENCE"],"reference_label":null,"evidence_strength":null,"evidence_sources":[],"evidence_dates":[],"review_status":"not_reviewed","polygon_vintage":2026,"valid_s2_count":38,"valid_s1_count":29,"observation_quality":0.9944,"quality_flags":["BOUNDARY_VINTAGE_DIFFERENCE"],"ndvi_max":0.5804746747016907,"ndvi_amplitude":0.5086897015571594,"ndvi_may":0.1021544784307479,"ndvi_aug":0.5493104457855225,"vh_may_db":-19.3430233001709,"vh_aug_db":-13.956079959869385,"centroid_lat":37.6173088,"centroid_lon":141.0082555,"declaration_match":"match","declared_crop":"other_crop","declared_status":"planned_fallow","priority_components":{"declaration":0,"status":23,"change":9,"evidence_uncertainty":0.685,"area":5.4015},"priority_score":38.09,"auto_candidate":true}},{"type":"Feature","geometry":{"type":"Polygon","coordinates":[[[141.007285774,37.610215375],[141.007314242,37.610218859],[141.007331345,37.610101903],[141.007302936,37.610102187],[141.007285774,37.610215375]]]},"properties":{"field_id":"maff-2026-abbf27bd-1dcf-43a2-b844-4b7a1de6ee4e","source_polygon_id":"abbf27bd-1dcf-43a2-b844-4b7a1de6ee4e","field_id_method":"source_id","municipality":"南相馬市","area_ha":0.003231,"source_land_type":200,"declaration_source":"synthetic_demo","is_synthetic_declaration":true,"baseline_year":2024,"target_year":2025,"baseline_status":"insufficient_observation","status":"insufficient_observation","baseline_confidence":null,"confidence":null,"reason_codes":["INSUFFICIENT_OPTICAL_OBSERVATIONS"],"baseline_subtype":"not_evaluated","cultivation_subtype":"not_evaluated","subtype_confidence":null,"subtype_reason_codes":[],"change_type":"change_uncertain","change_confidence":null,"change_reason_codes":["OBSERVATION_LIMITS_YEAR_COMPARISON"],"reference_label":null,"evidence_strength":null,"evidence_sources":[],"evidence_dates":[],"review_status":"not_reviewed","polygon_vintage":2026,"valid_s2_count":0,"valid_s1_count":0,"observation_quality":0.0,"quality_flags":["BOUNDARY_VINTAGE_DIFFERENCE","SMALL_FIELD_SEVERE","SMALL_FIELD_MIXED_PIXEL","HARVEST_WINDOW_INCOMPLETE"],"ndvi_max":null,"ndvi_amplitude":null,"ndvi_may":null,"ndvi_aug":null,"vh_may_db":null,"vh_aug_db":null,"centroid_lat":37.6101598,"centroid_lon":141.0073086,"declaration_match":"match","declared_crop":"unknown","declared_status":"unknown","priority_components":{"declaration":0,"status":20,"change":9,"evidence_uncertainty":10.0,"area":0.0},"priority_score":39.0,"auto_candidate":true}},{"type":"Feature","geometry":{"type":"Polygon","coordinates":[[[141.015319969,37.614418747],[141.015552505,37.614299632],[141.015883701,37.614130553],[141.016069303,37.614038278],[141.015893613,37.613804742],[141.015643645,37.613495742],[141.015474721,37.613275244],[141.01523038,37.61339636],[141.014680677,37.613673109],[141.014683193,37.613682502],[141.014871614,37.613917953],[141.015050565,37.614153498],[141.015265605,37.614424943],[141.015300879,37.61440952],[141.015319969,37.614418747]]]},"properties":{"field_id":"maff-2026-aee65f75-f3a1-4849-96c5-b42e41e029ca","source_polygon_id":"aee65f75-f3a1-4849-96c5-b42e41e029ca","field_id_method":"source_id","municipality":"南相馬市","area_ha":0.828616,"source_land_type":100,"declaration_source":"synthetic_demo","is_synthetic_declaration":true,"baseline_year":2024,"target_year":2025,"baseline_status":"review_required","status":"review_required","baseline_confidence":0.8097,"confidence":0.8679,"reason_codes":["NO_SAR_FLOOD_SIGNAL","NDVI_GROWTH_RISE","NDVI_PEAK_REACHED","NDVI_HARVEST_DROP","NEAR_THRESHOLD"],"baseline_subtype":"mixed_or_unknown","cultivation_subtype":"mixed_or_unknown","subtype_confidence":null,"subtype_reason_codes":["NO_SAR_FLOOD_SIGNAL","NDVI_GROWTH_RISE","NDVI_PEAK_REACHED"],"change_type":"change_uncertain","change_confidence":0.8097,"change_reason_codes":["YEAR_STATUS_COMPARISON","BOUNDARY_VINTAGE_DIFFERENCE"],"reference_label":null,"evidence_strength":null,"evidence_sources":[],"evidence_dates":[],"review_status":"not_reviewed","polygon_vintage":2026,"valid_s2_count":42,"valid_s1_count":29,"observation_quality":1.0,"quality_flags":["BOUNDARY_VINTAGE_DIFFERENCE"],"ndvi_max":0.5627262592315674,"ndvi_amplitude":0.5615129831712694,"ndvi_may":0.0439941398799419,"ndvi_aug":0.5355325937271118,"vh_may_db":-21.92710304260254,"vh_aug_db":-14.46596384048462,"centroid_lat":37.6138563,"centroid_lon":141.0153748,"declaration_match":"not_comparable","declared_crop":"unknown","declared_status":"unknown","priority_components":{"declaration":20,"status":23,"change":9,"evidence_uncertainty":1.321,"area":8.5401},"priority_score":61.86,"auto_candidate":true}},{"type":"Feature","geometry":{"type":"Polygon","coordinates":[[[141.018343903,37.612530309],[141.018427184,37.612518411],[141.018481912,37.612470822],[141.018593747,37.611997309],[141.01840339,37.612011586],[141.018265381,37.612011586],[141.018229689,37.612194805],[141.01827014,37.612306639],[141.018305832,37.612394679],[141.018343903,37.612530309]]]},"properties":{"field_id":"maff-2026-af066700-8376-4033-8f97-3a7ea2df7fb2","source_polygon_id":"af066700-8376-4033-8f97-3a7ea2df7fb2","field_id_method":"source_id","municipality":"南相馬市","area_ha":0.128322,"source_land_type":100,"declaration_source":"synthetic_demo","is_synthetic_declaration":true,"baseline_year":2024,"target_year":2025,"baseline_status":"fallow_candidate","status":"review_required","baseline_confidence":0.9952,"confidence":0.7724,"reason_codes":["NO_SAR_FLOOD_SIGNAL","NDVI_GROWTH_RISE","NDVI_PEAK_REACHED","NEAR_THRESHOLD"],"baseline_subtype":"mixed_or_unknown","cultivation_subtype":"mixed_or_unknown","subtype_confidence":null,"subtype_reason_codes":["NO_SAR_FLOOD_SIGNAL","NDVI_GROWTH_RISE","NDVI_PEAK_REACHED"],"change_type":"change_uncertain","change_confidence":0.7724,"change_reason_codes":["YEAR_STATUS_COMPARISON","BOUNDARY_VINTAGE_DIFFERENCE"],"reference_label":null,"evidence_strength":null,"evidence_sources":[],"evidence_dates":[],"review_status":"not_reviewed","polygon_vintage":2026,"valid_s2_count":41,"valid_s1_count":29,"observation_quality":1.0,"quality_flags":["BOUNDARY_VINTAGE_DIFFERENCE"],"ndvi_max":0.5426170229911804,"ndvi_amplitude":0.3094227463006973,"ndvi_may":0.3088788539171219,"ndvi_aug":0.5134155750274658,"vh_may_db":-18.91827964782715,"vh_aug_db":-15.973661422729492,"centroid_lat":37.6122259,"centroid_lon":141.0184029,"declaration_match":"match","declared_crop":"paddy_rice","declared_status":"planned_cultivation","priority_components":{"declaration":0,"status":23,"change":9,"evidence_uncertainty":2.276,"area":4.781},"priority_score":39.06,"auto_candidate":true}},{"type":"Feature","geometry":{"type":"Polygon","coordinates":[[[141.008087494,37.616089256],[141.00803875,37.615975213],[141.007836034,37.61603556],[141.007825875,37.616043328],[141.007862696,37.616097794],[141.007910808,37.616108043],[141.008087494,37.616089256]]]},"properties":{"field_id":"maff-2026-b0061160-8ccd-4c3b-83a4-c4e186d90d2f","source_polygon_id":"b0061160-8ccd-4c3b-83a4-c4e186d90d2f","field_id_method":"source_id","municipality":"南相馬市","area_ha":0.021458,"source_land_type":200,"declaration_source":"synthetic_demo","is_synthetic_declaration":true,"baseline_year":2024,"target_year":2025,"baseline_status":"insufficient_observation","status":"insufficient_observation","baseline_confidence":null,"confidence":null,"reason_codes":["INSUFFICIENT_OPTICAL_OBSERVATIONS"],"baseline_subtype":"not_evaluated","cultivation_subtype":"not_evaluated","subtype_confidence":null,"subtype_reason_codes":[],"change_type":"change_uncertain","change_confidence":null,"change_reason_codes":["OBSERVATION_LIMITS_YEAR_COMPARISON"],"reference_label":null,"evidence_strength":null,"evidence_sources":[],"evidence_dates":[],"review_status":"not_reviewed","polygon_vintage":2026,"valid_s2_count":0,"valid_s1_count":0,"observation_quality":0.0,"quality_flags":["BOUNDARY_VINTAGE_DIFFERENCE","SMALL_FIELD_SEVERE","SMALL_FIELD_MIXED_PIXEL","HARVEST_WINDOW_INCOMPLETE"],"ndvi_max":null,"ndvi_amplitude":null,"ndvi_may":null,"ndvi_aug":null,"vh_may_db":null,"vh_aug_db":null,"centroid_lat":37.6160511,"centroid_lon":141.0079635,"declaration_match":"match","declared_crop":"unknown","declared_status":"unknown","priority_components":{"declaration":0,"status":20,"change":9,"evidence_uncertainty":10.0,"area":1.8248},"priority_score":40.82,"auto_candidate":true}},{"type":"Feature","geometry":{"type":"Polygon","coordinates":[[[141.013298256,37.610726082],[141.013976402,37.610940233],[141.01416557,37.610968787],[141.01442969,37.610983064],[141.014436828,37.610818882],[141.014379721,37.610811743],[141.014326184,37.610454823],[141.014251231,37.610436977],[141.013833635,37.610444116],[141.013441024,37.610401286],[141.013391055,37.610397716],[141.013298256,37.610726082]]]},"properties":{"field_id":"maff-2026-b0929cfd-d6b1-4a9e-afb7-278d8750db70","source_polygon_id":"b0929cfd-d6b1-4a9e-afb7-278d8750db70","field_id_method":"source_id","municipality":"南相馬市","area_ha":0.463979,"source_land_type":100,"declaration_source":"synthetic_demo","is_synthetic_declaration":true,"baseline_year":2024,"target_year":2025,"baseline_status":"cultivation_signal","status":"review_required","baseline_confidence":0.9929,"confidence":0.6458,"reason_codes":["SIGNAL_CONFLICT","NEAR_THRESHOLD"],"baseline_subtype":"upland_crop_signal","cultivation_subtype":"mixed_or_unknown","subtype_confidence":null,"subtype_reason_codes":[],"change_type":"change_uncertain","change_confidence":0.6458,"change_reason_codes":["YEAR_STATUS_COMPARISON","BOUNDARY_VINTAGE_DIFFERENCE"],"reference_label":null,"evidence_strength":null,"evidence_sources":[],"evidence_dates":[],"review_status":"not_reviewed","polygon_vintage":2026,"valid_s2_count":40,"valid_s1_count":29,"observation_quality":0.9763,"quality_flags":["BOUNDARY_VINTAGE_DIFFERENCE"],"ndvi_max":0.6106094717979431,"ndvi_amplitude":0.5173226371407509,"ndvi_may":0.21766255050897595,"ndvi_aug":0.2348348349332809,"vh_may_db":-16.264373779296875,"vh_aug_db":-15.75908613204956,"centroid_lat":37.6106741,"centroid_lon":141.0139009,"declaration_match":"match","declared_crop":"paddy_rice","declared_status":"planned_cultivation","priority_components":{"declaration":0,"status":23,"change":9,"evidence_uncertainty":3.542,"area":6.4599},"priority_score":42.0,"auto_candidate":true}},{"type":"Feature","geometry":{"type":"Polygon","coordinates":[[[141.012755504,37.614238223],[141.012876066,37.614185016],[141.012744718,37.613998753],[141.012525653,37.613727936],[141.012508785,37.613694674],[141.012395256,37.613749668],[141.012409819,37.613784809],[141.01249824,37.613913929],[141.012674555,37.614138744],[141.012755504,37.614238223]]]},"properties":{"field_id":"maff-2026-b129a2d0-f476-42ef-a0ce-b0b1e0680bb5","source_polygon_id":"b129a2d0-f476-42ef-a0ce-b0b1e0680bb5","field_id_method":"source_id","municipality":"南相馬市","area_ha":0.081254,"source_land_type":100,"declaration_source":"synthetic_demo","is_synthetic_declaration":true,"baseline_year":2024,"target_year":2025,"baseline_status":"cultivation_signal","status":"review_required","baseline_confidence":0.79,"confidence":0.79,"reason_codes":["NO_SAR_FLOOD_SIGNAL","NDVI_GROWTH_RISE","NDVI_PEAK_REACHED","NDVI_HARVEST_DROP","NEAR_THRESHOLD"],"baseline_subtype":"upland_crop_signal","cultivation_subtype":"mixed_or_unknown","subtype_confidence":null,"subtype_reason_codes":["NO_SAR_FLOOD_SIGNAL","NDVI_GROWTH_RISE","NDVI_PEAK_REACHED"],"change_type":"change_uncertain","change_confidence":0.79,"change_reason_codes":["YEAR_STATUS_COMPARISON","BOUNDARY_VINTAGE_DIFFERENCE"],"reference_label":null,"evidence_strength":null,"evidence_sources":[],"evidence_dates":[],"review_status":"not_reviewed","polygon_vintage":2026,"valid_s2_count":40,"valid_s1_count":29,"observation_quality":0.9446,"quality_flags":["BOUNDARY_VINTAGE_DIFFERENCE","SMALL_FIELD_WARNING","SMALL_FIELD_MIXED_PIXEL"],"ndvi_max":0.5843812227249146,"ndvi_amplitude":0.5122235342860223,"ndvi_may":0.0870982781052589,"ndvi_aug":0.5468164682388306,"vh_may_db":-21.047992706298828,"vh_aug_db":-14.784543991088867,"centroid_lat":37.6139701,"centroid_lon":141.0126316,"declaration_match":"mismatch","declared_crop":"upland_crop","declared_status":"planned_cultivation","priority_components":{"declaration":40,"status":23,"change":9,"evidence_uncertainty":2.1,"area":3.8321},"priority_score":77.93,"auto_candidate":true}},{"type":"Feature","geometry":{"type":"Polygon","coordinates":[[[141.005072548,37.620664382],[141.005389077,37.620513059],[141.005934327,37.620248956],[141.005367228,37.619523741],[141.005332778,37.619541663],[141.005303853,37.619509301],[141.004555217,37.61989095],[141.004552415,37.619913582],[141.004537221,37.619951405],[141.004550282,37.619978902],[141.004711637,37.620200825],[141.005072548,37.620664382]]]},"properties":{"field_id":"maff-2026-b2155614-c99e-4218-9fde-9a53fb6841fa","source_polygon_id":"b2155614-c99e-4218-9fde-9a53fb6841fa","field_id_method":"source_id","municipality":"南相馬市","area_ha":0.86583,"source_land_type":100,"declaration_source":"synthetic_demo","is_synthetic_declaration":true,"baseline_year":2024,"target_year":2025,"baseline_status":"insufficient_observation","status":"insufficient_observation","baseline_confidence":null,"confidence":null,"reason_codes":["INSUFFICIENT_OPTICAL_OBSERVATIONS"],"baseline_subtype":"not_evaluated","cultivation_subtype":"not_evaluated","subtype_confidence":null,"subtype_reason_codes":[],"change_type":"change_uncertain","change_confidence":null,"change_reason_codes":["OBSERVATION_LIMITS_YEAR_COMPARISON"],"reference_label":null,"evidence_strength":null,"evidence_sources":[],"evidence_dates":[],"review_status":"not_reviewed","polygon_vintage":2026,"valid_s2_count":0,"valid_s1_count":0,"observation_quality":0.0,"quality_flags":["BOUNDARY_VINTAGE_DIFFERENCE","HARVEST_WINDOW_INCOMPLETE"],"ndvi_max":null,"ndvi_amplitude":null,"ndvi_may":null,"ndvi_aug":null,"vh_may_db":null,"vh_aug_db":null,"centroid_lat":37.6200825,"centroid_lon":141.005215,"declaration_match":"match","declared_crop":"upland_crop","declared_status":"planned_cultivation","priority_components":{"declaration":0,"status":20,"change":9,"evidence_uncertainty":10.0,"area":8.7956},"priority_score":47.8,"auto_candidate":true}},{"type":"Feature","geometry":{"type":"Polygon","coordinates":[[[141.012155237,37.615658298],[141.012322055,37.615575635],[141.012242231,37.615469065],[141.012085484,37.615289803],[141.011900053,37.615393371],[141.011960401,37.615466231],[141.012124369,37.615652956],[141.012155237,37.615658298]]]},"properties":{"field_id":"maff-2026-b2436652-8b35-420a-b1e6-d718eff70d50","source_polygon_id":"b2436652-8b35-420a-b1e6-d718eff70d50","field_id_method":"source_id","municipality":"南相馬市","area_ha":0.074747,"source_land_type":200,"declaration_source":"synthetic_demo","is_synthetic_declaration":true,"baseline_year":2024,"target_year":2025,"baseline_status":"review_required","status":"review_required","baseline_confidence":0.79,"confidence":0.6754,"reason_codes":["SIGNAL_CONFLICT","NEAR_THRESHOLD"],"baseline_subtype":"mixed_or_unknown","cultivation_subtype":"mixed_or_unknown","subtype_confidence":null,"subtype_reason_codes":[],"change_type":"change_uncertain","change_confidence":0.6754,"change_reason_codes":["YEAR_STATUS_COMPARISON","BOUNDARY_VINTAGE_DIFFERENCE"],"reference_label":null,"evidence_strength":null,"evidence_sources":[],"evidence_dates":[],"review_status":"not_reviewed","polygon_vintage":2026,"valid_s2_count":42,"valid_s1_count":29,"observation_quality":1.0,"quality_flags":["BOUNDARY_VINTAGE_DIFFERENCE","SMALL_FIELD_WARNING","SMALL_FIELD_MIXED_PIXEL"],"ndvi_max":0.5138260126113892,"ndvi_amplitude":0.39607068896293646,"ndvi_may":0.13545823097228998,"ndvi_aug":0.2816957235336303,"vh_may_db":-15.787957191467283,"vh_aug_db":-16.971765518188477,"centroid_lat":37.6154795,"centroid_lon":141.0121119,"declaration_match":"match","declared_crop":"other_crop","declared_status":"planned_fallow","priority_components":{"declaration":0,"status":23,"change":9,"evidence_uncertainty":3.246,"area":3.6131},"priority_score":38.86,"auto_candidate":true}},{"type":"Feature","geometry":{"type":"Polygon","coordinates":[[[141.006575773,37.618748299],[141.006647157,37.618762576],[141.007045975,37.618566033],[141.00704191,37.618510115],[141.00676851,37.618145106],[141.006600757,37.617930954],[141.00654365,37.617955939],[141.006350914,37.618202213],[141.006482974,37.618287873],[141.006575773,37.618748299]]]},"properties":{"field_id":"maff-2026-b2a887b0-4ddf-44d9-ad75-36f3c9071987","source_polygon_id":"b2a887b0-4ddf-44d9-ad75-36f3c9071987","field_id_method":"source_id","municipality":"南相馬市","area_ha":0.283109,"source_land_type":100,"declaration_source":"synthetic_demo","is_synthetic_declaration":true,"baseline_year":2024,"target_year":2025,"baseline_status":"insufficient_observation","status":"cultivation_signal","baseline_confidence":null,"confidence":0.9695,"reason_codes":["NO_SAR_FLOOD_SIGNAL","NDVI_GROWTH_RISE","NDVI_PEAK_REACHED","NDVI_HARVEST_DROP"],"baseline_subtype":"not_evaluated","cultivation_subtype":"upland_crop_signal","subtype_confidence":0.9695,"subtype_reason_codes":["NO_SAR_FLOOD_SIGNAL","NDVI_GROWTH_RISE","NDVI_PEAK_REACHED"],"change_type":"change_uncertain","change_confidence":null,"change_reason_codes":["OBSERVATION_LIMITS_YEAR_COMPARISON"],"reference_label":null,"evidence_strength":null,"evidence_sources":[],"evidence_dates":[],"review_status":"not_reviewed","polygon_vintage":2026,"valid_s2_count":38,"valid_s1_count":29,"observation_quality":1.0,"quality_flags":["BOUNDARY_VINTAGE_DIFFERENCE"],"ndvi_max":0.6061181426048279,"ndvi_amplitude":0.5313962846994401,"ndvi_may":0.17481529712677,"ndvi_aug":0.5755810737609863,"vh_may_db":-17.605220794677734,"vh_aug_db":-12.130176544189453,"centroid_lat":37.6183731,"centroid_lon":141.0066894,"declaration_match":"match","declared_crop":"other_crop","declared_status":"planned_fallow","priority_components":{"declaration":0,"status":0,"change":9,"evidence_uncertainty":0,"area":5.5839},"priority_score":14.58,"auto_candidate":true}},{"type":"Feature","geometry":{"type":"Polygon","coordinates":[[[141.016127334,37.613989432],[141.01616977,37.613977704],[141.016483326,37.613816335],[141.017054286,37.61353654],[141.017054062,37.613522415],[141.016442039,37.612779809],[141.015998032,37.613001819],[141.015525226,37.613251113],[141.015704668,37.613480296],[141.015961202,37.613815919],[141.016074514,37.613957623],[141.016096123,37.613976478],[141.016127334,37.613989432]]]},"properties":{"field_id":"maff-2026-b2c69b07-b070-4136-bb1c-f90cb65b6aeb","source_polygon_id":"b2c69b07-b070-4136-bb1c-f90cb65b6aeb","field_id_method":"source_id","municipality":"南相馬市","area_ha":0.968629,"source_land_type":100,"declaration_source":"synthetic_demo","is_synthetic_declaration":true,"baseline_year":2024,"target_year":2025,"baseline_status":"review_required","status":"review_required","baseline_confidence":0.8479,"confidence":0.8799,"reason_codes":["NO_SAR_FLOOD_SIGNAL","NDVI_GROWTH_RISE","NDVI_PEAK_REACHED","NDVI_HARVEST_DROP","NEAR_THRESHOLD"],"baseline_subtype":"mixed_or_unknown","cultivation_subtype":"mixed_or_unknown","subtype_confidence":null,"subtype_reason_codes":["NO_SAR_FLOOD_SIGNAL","NDVI_GROWTH_RISE","NDVI_PEAK_REACHED"],"change_type":"change_uncertain","change_confidence":0.8479,"change_reason_codes":["YEAR_STATUS_COMPARISON","BOUNDARY_VINTAGE_DIFFERENCE"],"reference_label":null,"evidence_strength":null,"evidence_sources":[],"evidence_dates":[],"review_status":"not_reviewed","polygon_vintage":2026,"valid_s2_count":41,"valid_s1_count":29,"observation_quality":1.0,"quality_flags":["BOUNDARY_VINTAGE_DIFFERENCE"],"ndvi_max":0.5696294903755188,"ndvi_amplitude":0.5486259888857604,"ndvi_may":0.11109606176614756,"ndvi_aug":0.5489749312400818,"vh_may_db":-22.112079620361328,"vh_aug_db":-15.482584953308105,"centroid_lat":37.6133914,"centroid_lon":141.0162864,"declaration_match":"mismatch","declared_crop":"paddy_rice","declared_status":"planned_cultivation","priority_components":{"declaration":40,"status":23,"change":9,"evidence_uncertainty":1.201,"area":9.2701},"priority_score":82.47,"auto_candidate":true}},{"type":"Feature","geometry":{"type":"Polygon","coordinates":[[[141.008185437,37.610314448],[141.008275605,37.610326736],[141.008370509,37.610338976],[141.008427504,37.610349711],[141.008486838,37.610358538],[141.008574965,37.610391565],[141.008653624,37.610424687],[141.008708663,37.610311121],[141.008715261,37.610279034],[141.008686556,37.610260483],[141.008591445,37.61023506],[141.008481922,37.610196594],[141.008445996,37.610170581],[141.00841223,37.610131361],[141.008354345,37.610064126],[141.008197804,37.610197539],[141.008184489,37.610254181],[141.008185437,37.610314448]]]},"properties":{"field_id":"maff-2026-b33740d8-6d8b-4735-b1f1-fb7734db4b46","source_polygon_id":"b33740d8-6d8b-4735-b1f1-fb7734db4b46","field_id_method":"source_id","municipality":"南相馬市","area_ha":0.091034,"source_land_type":100,"declaration_source":"synthetic_demo","is_synthetic_declaration":true,"baseline_year":2024,"target_year":2025,"baseline_status":"review_required","status":"review_required","baseline_confidence":0.7805,"confidence":0.575,"reason_codes":["SIGNAL_CONFLICT","NEAR_THRESHOLD","LOW_CONFIDENCE"],"baseline_subtype":"mixed_or_unknown","cultivation_subtype":"mixed_or_unknown","subtype_confidence":null,"subtype_reason_codes":[],"change_type":"change_uncertain","change_confidence":0.575,"change_reason_codes":["YEAR_STATUS_COMPARISON","BOUNDARY_VINTAGE_DIFFERENCE"],"reference_label":null,"evidence_strength":null,"evidence_sources":[],"evidence_dates":[],"review_status":"not_reviewed","polygon_vintage":2026,"valid_s2_count":42,"valid_s1_count":29,"observation_quality":0.9596,"quality_flags":["BOUNDARY_VINTAGE_DIFFERENCE","SMALL_FIELD_WARNING","SMALL_FIELD_MIXED_PIXEL"],"ndvi_max":0.4932743608951568,"ndvi_amplitude":0.4021013081073761,"ndvi_may":0.1473435759544372,"ndvi_aug":0.4783788919448852,"vh_may_db":-17.65277099609375,"vh_aug_db":-15.538383483886719,"centroid_lat":37.6102606,"centroid_lon":141.0084325,"declaration_match":"match","declared_crop":"upland_crop","declared_status":"planned_cultivation","priority_components":{"declaration":0,"status":23,"change":9,"evidence_uncertainty":4.25,"area":4.1241},"priority_score":40.37,"auto_candidate":true}},{"type":"Feature","geometry":{"type":"Polygon","coordinates":[[[141.008137338,37.614694377],[141.00889907,37.614308691],[141.008889564,37.614275886],[141.008316507,37.613586902],[141.008268264,37.613568311],[141.007581509,37.613938228],[141.007556977,37.613998071],[141.008099657,37.614680448],[141.008137338,37.614694377]]]},"properties":{"field_id":"maff-2026-b3cd5a48-2929-4315-85c3-d3ea1174a39b","source_polygon_id":"b3cd5a48-2929-4315-85c3-d3ea1174a39b","field_id_method":"source_id","municipality":"南相馬市","area_ha":0.802103,"source_land_type":100,"declaration_source":"synthetic_demo","is_synthetic_declaration":true,"baseline_year":2024,"target_year":2025,"baseline_status":"cultivation_signal","status":"cultivation_signal","baseline_confidence":0.9939,"confidence":0.9297,"reason_codes":["NO_SAR_FLOOD_SIGNAL","NDVI_GROWTH_RISE","NDVI_PEAK_REACHED","NDVI_HARVEST_DROP"],"baseline_subtype":"upland_crop_signal","cultivation_subtype":"upland_crop_signal","subtype_confidence":0.8293,"subtype_reason_codes":["NO_SAR_FLOOD_SIGNAL","NDVI_GROWTH_RISE","NDVI_PEAK_REACHED"],"change_type":"stable","change_confidence":0.9297,"change_reason_codes":["YEAR_STATUS_COMPARISON","BOUNDARY_VINTAGE_DIFFERENCE"],"reference_label":null,"evidence_strength":null,"evidence_sources":[],"evidence_dates":[],"review_status":"not_reviewed","polygon_vintage":2026,"valid_s2_count":38,"valid_s1_count":29,"observation_quality":1.0,"quality_flags":["BOUNDARY_VINTAGE_DIFFERENCE"],"ndvi_max":0.5850067138671875,"ndvi_amplitude":0.57999732112512,"ndvi_may":0.04278726689517495,"ndvi_aug":0.5607892870903015,"vh_may_db":-20.56317138671875,"vh_aug_db":-14.141375541687012,"centroid_lat":37.614133,"centroid_lon":141.0082165,"declaration_match":"mismatch","declared_crop":"upland_crop","declared_status":"planned_cultivation","priority_components":{"declaration":40,"status":0,"change":0,"evidence_uncertainty":0,"area":8.2847},"priority_score":48.28,"auto_candidate":true}},{"type":"Feature","geometry":{"type":"Polygon","coordinates":[[[141.006440333,37.615505177],[141.007220796,37.615105428],[141.006664002,37.614420143],[141.006625931,37.614415384],[141.006592619,37.614382072],[141.005821673,37.614772303],[141.006440333,37.615505177]]]},"properties":{"field_id":"maff-2026-b7556553-7459-4e67-97ce-167dbb991957","source_polygon_id":"b7556553-7459-4e67-97ce-167dbb991957","field_id_method":"source_id","municipality":"南相馬市","area_ha":0.807153,"source_land_type":100,"declaration_source":"synthetic_demo","is_synthetic_declaration":true,"baseline_year":2024,"target_year":2025,"baseline_status":"cultivation_signal","status":"review_required","baseline_confidence":0.9943,"confidence":0.8558,"reason_codes":["NO_SAR_FLOOD_SIGNAL","NDVI_GROWTH_RISE","NDVI_PEAK_REACHED","NDVI_HARVEST_DROP","NEAR_THRESHOLD"],"baseline_subtype":"upland_crop_signal","cultivation_subtype":"mixed_or_unknown","subtype_confidence":null,"subtype_reason_codes":["NO_SAR_FLOOD_SIGNAL","NDVI_GROWTH_RISE","NDVI_PEAK_REACHED"],"change_type":"change_uncertain","change_confidence":0.8558,"change_reason_codes":["YEAR_STATUS_COMPARISON","BOUNDARY_VINTAGE_DIFFERENCE"],"reference_label":null,"evidence_strength":null,"evidence_sources":[],"evidence_dates":[],"review_status":"not_reviewed","polygon_vintage":2026,"valid_s2_count":39,"valid_s1_count":29,"observation_quality":1.0,"quality_flags":["BOUNDARY_VINTAGE_DIFFERENCE"],"ndvi_max":0.5767332315444946,"ndvi_amplitude":0.566474836319685,"ndvi_may":0.028989994898438398,"ndvi_aug":0.55095374584198,"vh_may_db":-21.7928466796875,"vh_aug_db":-14.168310642242432,"centroid_lat":37.6149376,"centroid_lon":141.0065245,"declaration_match":"match","declared_crop":"upland_crop","declared_status":"planned_cultivation","priority_components":{"declaration":0,"status":23,"change":9,"evidence_uncertainty":1.442,"area":8.3577},"priority_score":41.8,"auto_candidate":true}},{"type":"Feature","geometry":{"type":"Polygon","coordinates":[[[141.007789532,37.609211124],[141.007968166,37.609027261],[141.007972664,37.609012147],[141.007972367,37.608993314],[141.007949838,37.608965911],[141.007820974,37.608901895],[141.007727147,37.608857621],[141.00769864,37.608851626],[141.007627619,37.608852333],[141.007561451,37.608860526],[141.007495264,37.608867463],[141.007545453,37.608947332],[141.007719002,37.609142759],[141.007754198,37.609172548],[141.007762503,37.609198836],[141.007789532,37.609211124]]]},"properties":{"field_id":"maff-2026-b8708451-7e5f-47d8-aa5a-cf2609684a78","source_polygon_id":"b8708451-7e5f-47d8-aa5a-cf2609684a78","field_id_method":"source_id","municipality":"南相馬市","area_ha":0.088715,"source_land_type":100,"declaration_source":"synthetic_demo","is_synthetic_declaration":true,"baseline_year":2024,"target_year":2025,"baseline_status":"fallow_candidate","status":"review_required","baseline_confidence":0.79,"confidence":0.5894,"reason_codes":["SIGNAL_CONFLICT","NEAR_THRESHOLD","LOW_CONFIDENCE"],"baseline_subtype":"mixed_or_unknown","cultivation_subtype":"mixed_or_unknown","subtype_confidence":null,"subtype_reason_codes":[],"change_type":"change_uncertain","change_confidence":0.5894,"change_reason_codes":["YEAR_STATUS_COMPARISON","BOUNDARY_VINTAGE_DIFFERENCE"],"reference_label":null,"evidence_strength":null,"evidence_sources":[],"evidence_dates":[],"review_status":"not_reviewed","polygon_vintage":2026,"valid_s2_count":43,"valid_s1_count":29,"observation_quality":1.0,"quality_flags":["BOUNDARY_VINTAGE_DIFFERENCE","SMALL_FIELD_WARNING","SMALL_FIELD_MIXED_PIXEL"],"ndvi_max":0.5946439504623413,"ndvi_amplitude":0.44627484679222107,"ndvi_may":0.2318343818187713,"ndvi_aug":0.4857501685619354,"vh_may_db":-15.396942138671877,"vh_aug_db":-16.204870223999023,"centroid_lat":37.6089998,"centroid_lon":141.0077487,"declaration_match":"unavailable","declared_crop":"not_declared","declared_status":"not_submitted","priority_components":{"declaration":0,"status":23,"change":9,"evidence_uncertainty":4.106,"area":3.9781},"priority_score":40.08,"auto_candidate":true}},{"type":"Feature","geometry":{"type":"Polygon","coordinates":[[[141.011342349,37.615014679],[141.011399527,37.615036713],[141.011526691,37.614992119],[141.011825022,37.614840332],[141.011930937,37.614799718],[141.01211621,37.614686262],[141.011957158,37.614510789],[141.011772115,37.614638841],[141.011641227,37.614747516],[141.01148489,37.614894116],[141.011342349,37.615014679]]]},"properties":{"field_id":"maff-2026-b88b0d49-780a-41b0-acd9-24613666def6","source_polygon_id":"b88b0d49-780a-41b0-acd9-24613666def6","field_id_method":"source_id","municipality":"南相馬市","area_ha":0.126149,"source_land_type":200,"declaration_source":"synthetic_demo","is_synthetic_declaration":true,"baseline_year":2024,"target_year":2025,"baseline_status":"fallow_candidate","status":"fallow_candidate","baseline_confidence":1.0,"confidence":1.0,"reason_codes":["NO_SAR_FLOOD_SIGNAL","NDVI_PEAK_LOW","NDVI_AMPLITUDE_LOW"],"baseline_subtype":"mixed_or_unknown","cultivation_subtype":"mixed_or_unknown","subtype_confidence":null,"subtype_reason_codes":["NO_SAR_FLOOD_SIGNAL"],"change_type":"stable","change_confidence":1.0,"change_reason_codes":["YEAR_STATUS_COMPARISON","BOUNDARY_VINTAGE_DIFFERENCE"],"reference_label":null,"evidence_strength":null,"evidence_sources":[],"evidence_dates":[],"review_status":"not_reviewed","polygon_vintage":2026,"valid_s2_count":42,"valid_s1_count":29,"observation_quality":1.0,"quality_flags":["BOUNDARY_VINTAGE_DIFFERENCE"],"ndvi_max":0.2486270070075988,"ndvi_amplitude":0.1561326161026954,"ndvi_may":0.16559050977230064,"ndvi_aug":0.1605738401412964,"vh_may_db":-15.962713241577148,"vh_aug_db":-15.470224380493164,"centroid_lat":37.6147697,"centroid_lon":141.01177,"declaration_match":"mismatch","declared_crop":"upland_crop","declared_status":"planned_cultivation","priority_components":{"declaration":40,"status":25,"change":0,"evidence_uncertainty":10.0,"area":4.7445},"priority_score":79.74,"auto_candidate":true}},{"type":"Feature","geometry":{"type":"Polygon","coordinates":[[[141.010172838,37.615432903],[141.01042181,37.615304215],[141.010196848,37.615003194],[141.009947935,37.615135647],[141.010107666,37.61535444],[141.010172838,37.615432903]]]},"properties":{"field_id":"maff-2026-b8e9a58c-ec21-441d-94d9-73f07c8bf3f6","source_polygon_id":"b8e9a58c-ec21-441d-94d9-73f07c8bf3f6","field_id_method":"source_id","municipality":"南相馬市","area_ha":0.102516,"source_land_type":200,"declaration_source":"synthetic_demo","is_synthetic_declaration":true,"baseline_year":2024,"target_year":2025,"baseline_status":"review_required","status":"cultivation_signal","baseline_confidence":0.5567,"confidence":0.9495,"reason_codes":["NO_SAR_FLOOD_SIGNAL","NDVI_GROWTH_RISE","NDVI_PEAK_REACHED","NDVI_HARVEST_DROP"],"baseline_subtype":"mixed_or_unknown","cultivation_subtype":"upland_crop_signal","subtype_confidence":0.9495,"subtype_reason_codes":["NO_SAR_FLOOD_SIGNAL","NDVI_GROWTH_RISE","NDVI_PEAK_REACHED"],"change_type":"change_uncertain","change_confidence":0.5567,"change_reason_codes":["YEAR_STATUS_COMPARISON","BOUNDARY_VINTAGE_DIFFERENCE"],"reference_label":null,"evidence_strength":null,"evidence_sources":[],"evidence_dates":[],"review_status":"not_reviewed","polygon_vintage":2026,"valid_s2_count":41,"valid_s1_count":29,"observation_quality":0.9371,"quality_flags":["BOUNDARY_VINTAGE_DIFFERENCE"],"ndvi_max":0.6360098719596863,"ndvi_amplitude":0.5106280595064163,"ndvi_may":0.1579158157110214,"ndvi_aug":0.5938025712966919,"vh_may_db":-11.99220085144043,"vh_aug_db":-9.898516178131104,"centroid_lat":37.6152194,"centroid_lon":141.010184,"declaration_match":"match","declared_crop":"paddy_rice","declared_status":"planned_cultivation","priority_components":{"declaration":0,"status":0,"change":9,"evidence_uncertainty":0,"area":4.4161},"priority_score":13.42,"auto_candidate":true}},{"type":"Feature","geometry":{"type":"Polygon","coordinates":[[[141.004708086,37.615241354],[141.005442744,37.614842795],[141.005430846,37.614807103],[141.005466539,37.61477736],[141.005189926,37.614450184],[141.005136389,37.614432338],[141.004392807,37.614821974],[141.004708086,37.615241354]]]},"properties":{"field_id":"maff-2026-b901d18e-21d0-4690-b7a4-8b87c281595b","source_polygon_id":"b901d18e-21d0-4690-b7a4-8b87c281595b","field_id_method":"source_id","municipality":"南相馬市","area_ha":0.440171,"source_land_type":100,"declaration_source":"synthetic_demo","is_synthetic_declaration":true,"baseline_year":2024,"target_year":2025,"baseline_status":"insufficient_observation","status":"insufficient_observation","baseline_confidence":null,"confidence":null,"reason_codes":["INSUFFICIENT_OPTICAL_OBSERVATIONS"],"baseline_subtype":"not_evaluated","cultivation_subtype":"not_evaluated","subtype_confidence":null,"subtype_reason_codes":[],"change_type":"change_uncertain","change_confidence":null,"change_reason_codes":["OBSERVATION_LIMITS_YEAR_COMPARISON"],"reference_label":null,"evidence_strength":null,"evidence_sources":[],"evidence_dates":[],"review_status":"not_reviewed","polygon_vintage":2026,"valid_s2_count":0,"valid_s1_count":0,"observation_quality":0.0,"quality_flags":["BOUNDARY_VINTAGE_DIFFERENCE","HARVEST_WINDOW_INCOMPLETE"],"ndvi_max":null,"ndvi_amplitude":null,"ndvi_may":null,"ndvi_aug":null,"vh_may_db":null,"vh_aug_db":null,"centroid_lat":37.6148264,"centroid_lon":141.0049366,"declaration_match":"mismatch","declared_crop":"upland_crop","declared_status":"planned_cultivation","priority_components":{"declaration":40,"status":20,"change":9,"evidence_uncertainty":10.0,"area":6.3504},"priority_score":85.35,"auto_candidate":true}},{"type":"Feature","geometry":{"type":"Polygon","coordinates":[[[141.01544457,37.615694595],[141.01601564,37.615602391],[141.016027537,37.615536956],[141.015467294,37.614877964],[141.014901933,37.615032153],[141.01544457,37.615694595]]]},"properties":{"field_id":"maff-2026-bb1d5e38-c24c-4313-a233-1a74504b6656","source_polygon_id":"bb1d5e38-c24c-4313-a233-1a74504b6656","field_id_method":"source_id","municipality":"南相馬市","area_ha":0.473384,"source_land_type":100,"declaration_source":"synthetic_demo","is_synthetic_declaration":true,"baseline_year":2024,"target_year":2025,"baseline_status":"cultivation_signal","status":"review_required","baseline_confidence":0.9504,"confidence":0.8777,"reason_codes":["NO_SAR_FLOOD_SIGNAL","NDVI_GROWTH_RISE","NDVI_PEAK_REACHED","NDVI_HARVEST_DROP","NEAR_THRESHOLD"],"baseline_subtype":"upland_crop_signal","cultivation_subtype":"mixed_or_unknown","subtype_confidence":null,"subtype_reason_codes":["NO_SAR_FLOOD_SIGNAL","NDVI_GROWTH_RISE","NDVI_PEAK_REACHED"],"change_type":"change_uncertain","change_confidence":0.8777,"change_reason_codes":["YEAR_STATUS_COMPARISON","BOUNDARY_VINTAGE_DIFFERENCE"],"reference_label":null,"evidence_strength":null,"evidence_sources":[],"evidence_dates":[],"review_status":"not_reviewed","polygon_vintage":2026,"valid_s2_count":41,"valid_s1_count":29,"observation_quality":1.0,"quality_flags":["BOUNDARY_VINTAGE_DIFFERENCE"],"ndvi_max":0.5702751874923706,"ndvi_amplitude":0.5459969900548459,"ndvi_may":0.056492805480957003,"ndvi_aug":0.544041633605957,"vh_may_db":-21.28711700439453,"vh_aug_db":-15.04205846786499,"centroid_lat":37.6152992,"centroid_lon":141.0154755,"declaration_match":"match","declared_crop":"paddy_rice","declared_status":"planned_cultivation","priority_components":{"declaration":0,"status":23,"change":9,"evidence_uncertainty":1.223,"area":6.5328},"priority_score":39.76,"auto_candidate":true}},{"type":"Feature","geometry":{"type":"Polygon","coordinates":[[[141.006392065,37.609327153],[141.00647513,37.609339512],[141.006561421,37.609105083],[141.006468591,37.609073985],[141.006421244,37.609225146],[141.006392065,37.609327153]]]},"properties":{"field_id":"maff-2026-bc103343-3d9c-48f9-b058-f108718c7a8d","source_polygon_id":"bc103343-3d9c-48f9-b058-f108718c7a8d","field_id_method":"source_id","municipality":"南相馬市","area_ha":0.022933,"source_land_type":200,"declaration_source":"synthetic_demo","is_synthetic_declaration":true,"baseline_year":2024,"target_year":2025,"baseline_status":"insufficient_observation","status":"insufficient_observation","baseline_confidence":null,"confidence":null,"reason_codes":["INSUFFICIENT_OPTICAL_OBSERVATIONS"],"baseline_subtype":"not_evaluated","cultivation_subtype":"not_evaluated","subtype_confidence":null,"subtype_reason_codes":[],"change_type":"change_uncertain","change_confidence":null,"change_reason_codes":["OBSERVATION_LIMITS_YEAR_COMPARISON"],"reference_label":null,"evidence_strength":null,"evidence_sources":[],"evidence_dates":[],"review_status":"not_reviewed","polygon_vintage":2026,"valid_s2_count":0,"valid_s1_count":0,"observation_quality":0.0,"quality_flags":["BOUNDARY_VINTAGE_DIFFERENCE","SMALL_FIELD_SEVERE","SMALL_FIELD_MIXED_PIXEL","HARVEST_WINDOW_INCOMPLETE"],"ndvi_max":null,"ndvi_amplitude":null,"ndvi_may":null,"ndvi_aug":null,"vh_may_db":null,"vh_aug_db":null,"centroid_lat":37.6092079,"centroid_lon":141.0064746,"declaration_match":"match","declared_crop":"unknown","declared_status":"unknown","priority_components":{"declaration":0,"status":20,"change":9,"evidence_uncertainty":10.0,"area":1.9343},"priority_score":40.93,"auto_candidate":true}},{"type":"Feature","geometry":{"type":"Polygon","coordinates":[[[141.013699258,37.609198024],[141.013896519,37.609194794],[141.013862324,37.609128582],[141.013833916,37.609128866],[141.013778638,37.609126907],[141.013685521,37.609127839],[141.013699258,37.609198024]]]},"properties":{"field_id":"maff-2026-bc28975a-b4d9-486b-b7e4-5b2e4d6c3bae","source_polygon_id":"bc28975a-b4d9-486b-b7e4-5b2e4d6c3bae","field_id_method":"source_id","municipality":"南相馬市","area_ha":0.012599,"source_land_type":100,"declaration_source":"synthetic_demo","is_synthetic_declaration":true,"baseline_year":2024,"target_year":2025,"baseline_status":"insufficient_observation","status":"insufficient_observation","baseline_confidence":null,"confidence":null,"reason_codes":["INSUFFICIENT_OPTICAL_OBSERVATIONS"],"baseline_subtype":"not_evaluated","cultivation_subtype":"not_evaluated","subtype_confidence":null,"subtype_reason_codes":[],"change_type":"change_uncertain","change_confidence":null,"change_reason_codes":["OBSERVATION_LIMITS_YEAR_COMPARISON"],"reference_label":null,"evidence_strength":null,"evidence_sources":[],"evidence_dates":[],"review_status":"not_reviewed","polygon_vintage":2026,"valid_s2_count":0,"valid_s1_count":0,"observation_quality":0.0,"quality_flags":["BOUNDARY_VINTAGE_DIFFERENCE","SMALL_FIELD_SEVERE","SMALL_FIELD_MIXED_PIXEL","HARVEST_WINDOW_INCOMPLETE"],"ndvi_max":null,"ndvi_amplitude":null,"ndvi_may":null,"ndvi_aug":null,"vh_may_db":null,"vh_aug_db":null,"centroid_lat":37.6091628,"centroid_lon":141.0137851,"declaration_match":"mismatch","declared_crop":"paddy_rice","declared_status":"planned_cultivation","priority_components":{"declaration":40,"status":20,"change":9,"evidence_uncertainty":10.0,"area":0.8759},"priority_score":79.88,"auto_candidate":true}},{"type":"Feature","geometry":{"type":"Polygon","coordinates":[[[141.018593738,37.610158276],[141.018646869,37.610149266],[141.018668848,37.610191427],[141.01933767,37.610037784],[141.019050856,37.609645103],[141.019035888,37.609597221],[141.019083047,37.609435696],[141.019084221,37.609285935],[141.019062877,37.609060113],[141.018967624,37.60887671],[141.018781846,37.608584023],[141.018095236,37.608735018],[141.018053744,37.60880607],[141.018157476,37.609076272],[141.01834975,37.609554668],[141.018593738,37.610158276]]]},"properties":{"field_id":"maff-2026-bc838c32-5f31-4251-8e6b-5c5c1e7ad046","source_polygon_id":"bc838c32-5f31-4251-8e6b-5c5c1e7ad046","field_id_method":"source_id","municipality":"南相馬市","area_ha":1.138692,"source_land_type":100,"declaration_source":"synthetic_demo","is_synthetic_declaration":true,"baseline_year":2024,"target_year":2025,"baseline_status":"review_required","status":"review_required","baseline_confidence":0.8869,"confidence":0.849,"reason_codes":["NO_SAR_FLOOD_SIGNAL","NDVI_GROWTH_RISE","NDVI_PEAK_REACHED","NDVI_HARVEST_DROP","NEAR_THRESHOLD"],"baseline_subtype":"mixed_or_unknown","cultivation_subtype":"mixed_or_unknown","subtype_confidence":null,"subtype_reason_codes":["NO_SAR_FLOOD_SIGNAL","NDVI_GROWTH_RISE","NDVI_PEAK_REACHED"],"change_type":"change_uncertain","change_confidence":0.849,"change_reason_codes":["YEAR_STATUS_COMPARISON","BOUNDARY_VINTAGE_DIFFERENCE"],"reference_label":null,"evidence_strength":null,"evidence_sources":[],"evidence_dates":[],"review_status":"not_reviewed","polygon_vintage":2026,"valid_s2_count":36,"valid_s1_count":29,"observation_quality":1.0,"quality_flags":["BOUNDARY_VINTAGE_DIFFERENCE"],"ndvi_max":0.5598965287208557,"ndvi_amplitude":0.5303619652986528,"ndvi_may":0.07934548705816265,"ndvi_aug":0.537992000579834,"vh_may_db":-21.299503326416016,"vh_aug_db":-15.580791473388672,"centroid_lat":37.6093631,"centroid_lon":141.018681,"declaration_match":"match","declared_crop":"upland_crop","declared_status":"planned_cultivation","priority_components":{"declaration":0,"status":23,"change":9,"evidence_uncertainty":1.51,"area":9.8175},"priority_score":43.33,"auto_candidate":true}},{"type":"Feature","geometry":{"type":"Polygon","coordinates":[[[141.00785042,37.609770586],[141.008140113,37.609923416],[141.008163629,37.609913136],[141.008185724,37.609912915],[141.008239996,37.609850843],[141.008141354,37.609801595],[141.007913707,37.609679541],[141.007862692,37.60974786],[141.00785042,37.609770586]]]},"properties":{"field_id":"maff-2026-bcbb7993-3f77-4175-a4a1-ff5224a71d52","source_polygon_id":"bcbb7993-3f77-4175-a4a1-ff5224a71d52","field_id_method":"source_id","municipality":"南相馬市","area_ha":0.03837,"source_land_type":100,"declaration_source":"synthetic_demo","is_synthetic_declaration":true,"baseline_year":2024,"target_year":2025,"baseline_status":"review_required","status":"review_required","baseline_confidence":0.79,"confidence":0.556,"reason_codes":["SIGNAL_CONFLICT","NEAR_THRESHOLD","SMALL_FIELD_SEVERE","LOW_CONFIDENCE"],"baseline_subtype":"mixed_or_unknown","cultivation_subtype":"mixed_or_unknown","subtype_confidence":null,"subtype_reason_codes":[],"change_type":"change_uncertain","change_confidence":0.556,"change_reason_codes":["YEAR_STATUS_COMPARISON","BOUNDARY_VINTAGE_DIFFERENCE"],"reference_label":null,"evidence_strength":null,"evidence_sources":[],"evidence_dates":[],"review_status":"not_reviewed","polygon_vintage":2026,"valid_s2_count":41,"valid_s1_count":29,"observation_quality":0.9127,"quality_flags":["BOUNDARY_VINTAGE_DIFFERENCE","SMALL_FIELD_SEVERE","SMALL_FIELD_MIXED_PIXEL"],"ndvi_max":0.561322033405304,"ndvi_amplitude":0.44391790032386785,"ndvi_may":0.21038373559713358,"ndvi_aug":0.4613826870918274,"vh_may_db":-14.841757774353027,"vh_aug_db":-15.596662998199463,"centroid_lat":37.6098077,"centroid_lon":141.0080397,"declaration_match":"mismatch","declared_crop":"paddy_rice","declared_status":"planned_cultivation","priority_components":{"declaration":40,"status":23,"change":9,"evidence_uncertainty":4.44,"area":2.5547},"priority_score":78.99,"auto_candidate":true}},{"type":"Feature","geometry":{"type":"Polygon","coordinates":[[[141.00956922,37.614603077],[141.009989237,37.614441546],[141.00998865,37.614404362],[141.009674887,37.614005552],[141.009642435,37.614000153],[141.009235637,37.614201602],[141.009230604,37.614224539],[141.009495216,37.61458522],[141.00956922,37.614603077]]]},"properties":{"field_id":"maff-2026-bee52743-a021-437d-bffe-59ae51c5a9ed","source_polygon_id":"bee52743-a021-437d-bffe-59ae51c5a9ed","field_id_method":"source_id","municipality":"南相馬市","area_ha":0.258227,"source_land_type":100,"declaration_source":"synthetic_demo","is_synthetic_declaration":true,"baseline_year":2024,"target_year":2025,"baseline_status":"cultivation_signal","status":"review_required","baseline_confidence":0.9982,"confidence":0.9243,"reason_codes":["NO_SAR_FLOOD_SIGNAL","NDVI_GROWTH_RISE","NDVI_PEAK_REACHED","NDVI_HARVEST_DROP","NEAR_THRESHOLD"],"baseline_subtype":"upland_crop_signal","cultivation_subtype":"mixed_or_unknown","subtype_confidence":null,"subtype_reason_codes":["NO_SAR_FLOOD_SIGNAL","NDVI_GROWTH_RISE","NDVI_PEAK_REACHED"],"change_type":"change_uncertain","change_confidence":0.9243,"change_reason_codes":["YEAR_STATUS_COMPARISON","BOUNDARY_VINTAGE_DIFFERENCE"],"reference_label":null,"evidence_strength":null,"evidence_sources":[],"evidence_dates":[],"review_status":"not_reviewed","polygon_vintage":2026,"valid_s2_count":40,"valid_s1_count":29,"observation_quality":1.0,"quality_flags":["BOUNDARY_VINTAGE_DIFFERENCE"],"ndvi_max":0.5522623062133789,"ndvi_amplitude":0.615098550915718,"ndvi_may":0.037298483774066,"ndvi_aug":0.5394011735916138,"vh_may_db":-17.986330032348633,"vh_aug_db":-15.136835098266602,"centroid_lat":37.6143122,"centroid_lon":141.0096082,"declaration_match":"match","declared_crop":"other_crop","declared_status":"planned_fallow","priority_components":{"declaration":0,"status":23,"change":9,"evidence_uncertainty":0.757,"area":5.5109},"priority_score":38.27,"auto_candidate":true}},{"type":"Feature","geometry":{"type":"Polygon","coordinates":[[[141.0137266,37.610029061],[141.013860673,37.610022696],[141.014023214,37.610019815],[141.01400222,37.609989887],[141.013977911,37.609949946],[141.013961513,37.609911181],[141.013938961,37.609882525],[141.013930554,37.609849959],[141.013733569,37.609870766],[141.013731842,37.609961198],[141.0137266,37.610029061]]]},"properties":{"field_id":"maff-2026-bf955ab8-2e13-4ff3-b117-97611be38d81","source_polygon_id":"bf955ab8-2e13-4ff3-b117-97611be38d81","field_id_method":"source_id","municipality":"南相馬市","area_ha":0.038992,"source_land_type":100,"declaration_source":"synthetic_demo","is_synthetic_declaration":true,"baseline_year":2024,"target_year":2025,"baseline_status":"review_required","status":"review_required","baseline_confidence":0.7365,"confidence":0.687,"reason_codes":["SIGNAL_CONFLICT","SMALL_FIELD_SEVERE"],"baseline_subtype":"mixed_or_unknown","cultivation_subtype":"mixed_or_unknown","subtype_confidence":null,"subtype_reason_codes":[],"change_type":"change_uncertain","change_confidence":0.687,"change_reason_codes":["YEAR_STATUS_COMPARISON","BOUNDARY_VINTAGE_DIFFERENCE"],"reference_label":null,"evidence_strength":null,"evidence_sources":[],"evidence_dates":[],"review_status":"not_reviewed","polygon_vintage":2026,"valid_s2_count":41,"valid_s1_count":29,"observation_quality":1.0,"quality_flags":["BOUNDARY_VINTAGE_DIFFERENCE","SMALL_FIELD_SEVERE","SMALL_FIELD_MIXED_PIXEL"],"ndvi_max":0.6250175833702087,"ndvi_amplitude":0.44787853956222534,"ndvi_may":0.4488577246665954,"ndvi_aug":0.5616574883460999,"vh_may_db":-18.859485626220703,"vh_aug_db":-14.599663257598877,"centroid_lat":37.6099473,"centroid_lon":141.0138552,"declaration_match":"not_comparable","declared_crop":"unknown","declared_status":"unknown","priority_components":{"declaration":20,"status":23,"change":9,"evidence_uncertainty":3.13,"area":2.5912},"priority_score":57.72,"auto_candidate":true}},{"type":"Feature","geometry":{"type":"Polygon","coordinates":[[[141.014395969,37.614048632],[141.014569175,37.613987306],[141.014530074,37.613910468],[141.014476975,37.613846956],[141.014429833,37.613860614],[141.014361652,37.613891434],[141.014326765,37.61393134],[141.014344052,37.613976374],[141.014380549,37.614038169],[141.014395969,37.614048632]]]},"properties":{"field_id":"maff-2026-c12c2e5d-49e1-4e3a-bcff-f8bbc593a77e","source_polygon_id":"c12c2e5d-49e1-4e3a-bcff-f8bbc593a77e","field_id_method":"source_id","municipality":"南相馬市","area_ha":0.029497,"source_land_type":200,"declaration_source":"synthetic_demo","is_synthetic_declaration":true,"baseline_year":2024,"target_year":2025,"baseline_status":"insufficient_observation","status":"insufficient_observation","baseline_confidence":null,"confidence":null,"reason_codes":["INSUFFICIENT_OPTICAL_OBSERVATIONS"],"baseline_subtype":"not_evaluated","cultivation_subtype":"not_evaluated","subtype_confidence":null,"subtype_reason_codes":[],"change_type":"change_uncertain","change_confidence":null,"change_reason_codes":["OBSERVATION_LIMITS_YEAR_COMPARISON"],"reference_label":null,"evidence_strength":null,"evidence_sources":[],"evidence_dates":[],"review_status":"not_reviewed","polygon_vintage":2026,"valid_s2_count":0,"valid_s1_count":0,"observation_quality":0.0,"quality_flags":["BOUNDARY_VINTAGE_DIFFERENCE","SMALL_FIELD_SEVERE","SMALL_FIELD_MIXED_PIXEL","HARVEST_WINDOW_INCOMPLETE"],"ndvi_max":null,"ndvi_amplitude":null,"ndvi_may":null,"ndvi_aug":null,"vh_may_db":null,"vh_aug_db":null,"centroid_lat":37.6139491,"centroid_lon":141.014442,"declaration_match":"mismatch","declared_crop":"paddy_rice","declared_status":"planned_cultivation","priority_components":{"declaration":40,"status":20,"change":9,"evidence_uncertainty":10.0,"area":2.2263},"priority_score":81.23,"auto_candidate":true}},{"type":"Feature","geometry":{"type":"Polygon","coordinates":[[[141.009614115,37.609712218],[141.009715379,37.609677303],[141.009789213,37.609704821],[141.00983602,37.609519759],[141.009849216,37.609455583],[141.009846551,37.609436774],[141.009829654,37.609416222],[141.009765794,37.609420626],[141.009732389,37.609554697],[141.009713539,37.609560536],[141.009623727,37.609570849],[141.009613018,37.609642534],[141.009614115,37.609712218]]]},"properties":{"field_id":"maff-2026-c431a37d-10ba-4524-9407-e8e4d671834f","source_polygon_id":"c431a37d-10ba-4524-9407-e8e4d671834f","field_id_method":"source_id","municipality":"南相馬市","area_ha":0.037205,"source_land_type":200,"declaration_source":"synthetic_demo","is_synthetic_declaration":true,"baseline_year":2024,"target_year":2025,"baseline_status":"review_required","status":"review_required","baseline_confidence":0.79,"confidence":0.79,"reason_codes":["NO_SAR_FLOOD_SIGNAL","NDVI_PEAK_LOW","NDVI_AMPLITUDE_LOW","NEAR_THRESHOLD","SMALL_FIELD_SEVERE"],"baseline_subtype":"mixed_or_unknown","cultivation_subtype":"mixed_or_unknown","subtype_confidence":null,"subtype_reason_codes":["NO_SAR_FLOOD_SIGNAL"],"change_type":"change_uncertain","change_confidence":0.79,"change_reason_codes":["YEAR_STATUS_COMPARISON","BOUNDARY_VINTAGE_DIFFERENCE"],"reference_label":null,"evidence_strength":null,"evidence_sources":[],"evidence_dates":[],"review_status":"not_reviewed","polygon_vintage":2026,"valid_s2_count":35,"valid_s1_count":29,"observation_quality":1.0,"quality_flags":["BOUNDARY_VINTAGE_DIFFERENCE","SMALL_FIELD_SEVERE","SMALL_FIELD_MIXED_PIXEL"],"ndvi_max":0.5452906489372253,"ndvi_amplitude":0.3643699288368225,"ndvi_may":0.30607157945632935,"ndvi_aug":0.44052182137966156,"vh_may_db":-8.57371711730957,"vh_aug_db":-7.902243614196777,"centroid_lat":37.6095811,"centroid_lon":141.0097405,"declaration_match":"match","declared_crop":"unknown","declared_status":"unknown","priority_components":{"declaration":0,"status":23,"change":9,"evidence_uncertainty":2.1,"area":2.4088},"priority_score":36.51,"auto_candidate":true}},{"type":"Feature","geometry":{"type":"Polygon","coordinates":[[[141.006071613,37.609125021],[141.006190189,37.609137028],[141.006196256,37.609071041],[141.006204542,37.608995613],[141.006206377,37.608961689],[141.006092655,37.608957169],[141.006081202,37.60898177],[141.006071613,37.609125021]]]},"properties":{"field_id":"maff-2026-c55c6510-32a3-4c0e-8d51-05c1b9796684","source_polygon_id":"c55c6510-32a3-4c0e-8d51-05c1b9796684","field_id_method":"source_id","municipality":"南相馬市","area_ha":0.020422,"source_land_type":200,"declaration_source":"synthetic_demo","is_synthetic_declaration":true,"baseline_year":2024,"target_year":2025,"baseline_status":"insufficient_observation","status":"insufficient_observation","baseline_confidence":null,"confidence":null,"reason_codes":["INSUFFICIENT_OPTICAL_OBSERVATIONS"],"baseline_subtype":"not_evaluated","cultivation_subtype":"not_evaluated","subtype_confidence":null,"subtype_reason_codes":[],"change_type":"change_uncertain","change_confidence":null,"change_reason_codes":["OBSERVATION_LIMITS_YEAR_COMPARISON"],"reference_label":null,"evidence_strength":null,"evidence_sources":[],"evidence_dates":[],"review_status":"not_reviewed","polygon_vintage":2026,"valid_s2_count":0,"valid_s1_count":0,"observation_quality":0.0,"quality_flags":["BOUNDARY_VINTAGE_DIFFERENCE","SMALL_FIELD_SEVERE","SMALL_FIELD_MIXED_PIXEL","HARVEST_WINDOW_INCOMPLETE"],"ndvi_max":null,"ndvi_amplitude":null,"ndvi_may":null,"ndvi_aug":null,"vh_may_db":null,"vh_aug_db":null,"centroid_lat":37.609045,"centroid_lon":141.0061388,"declaration_match":"match","declared_crop":"unknown","declared_status":"unknown","priority_components":{"declaration":0,"status":20,"change":9,"evidence_uncertainty":10.0,"area":1.6788},"priority_score":40.68,"auto_candidate":true}},{"type":"Feature","geometry":{"type":"Polygon","coordinates":[[[141.017059304,37.615188798],[141.017089962,37.615180956],[141.017125684,37.615193783],[141.017318938,37.614822444],[141.017093166,37.614528037],[141.016829537,37.614197985],[141.01672894,37.614069729],[141.016595783,37.613881497],[141.016177619,37.614091005],[141.016360952,37.614303901],[141.016602629,37.614612278],[141.017023193,37.615151487],[141.017042522,37.61517578],[141.017059304,37.615188798]]]},"properties":{"field_id":"maff-2026-c63d0d36-03df-4a4c-8c1c-14864429d48f","source_polygon_id":"c63d0d36-03df-4a4c-8c1c-14864429d48f","field_id_method":"source_id","municipality":"南相馬市","area_ha":0.568954,"source_land_type":100,"declaration_source":"synthetic_demo","is_synthetic_declaration":true,"baseline_year":2024,"target_year":2025,"baseline_status":"cultivation_signal","status":"review_required","baseline_confidence":0.9944,"confidence":0.8818,"reason_codes":["NO_SAR_FLOOD_SIGNAL","NDVI_GROWTH_RISE","NDVI_PEAK_REACHED","NDVI_HARVEST_DROP","NEAR_THRESHOLD"],"baseline_subtype":"upland_crop_signal","cultivation_subtype":"mixed_or_unknown","subtype_confidence":null,"subtype_reason_codes":["NO_SAR_FLOOD_SIGNAL","NDVI_GROWTH_RISE","NDVI_PEAK_REACHED"],"change_type":"change_uncertain","change_confidence":0.8818,"change_reason_codes":["YEAR_STATUS_COMPARISON","BOUNDARY_VINTAGE_DIFFERENCE"],"reference_label":null,"evidence_strength":null,"evidence_sources":[],"evidence_dates":[],"review_status":"not_reviewed","polygon_vintage":2026,"valid_s2_count":40,"valid_s1_count":29,"observation_quality":1.0,"quality_flags":["BOUNDARY_VINTAGE_DIFFERENCE"],"ndvi_max":0.5598480701446533,"ndvi_amplitude":0.5419396013021469,"ndvi_may":0.0495943557471036,"ndvi_aug":0.5359316468238831,"vh_may_db":-22.059803009033203,"vh_aug_db":-15.2577805519104,"centroid_lat":37.6145108,"centroid_lon":141.0167903,"declaration_match":"match","declared_crop":"upland_crop","declared_status":"planned_cultivation","priority_components":{"declaration":0,"status":23,"change":9,"evidence_uncertainty":1.182,"area":6.9708},"priority_score":40.15,"auto_candidate":true}},{"type":"Feature","geometry":{"type":"Polygon","coordinates":[[[141.006914001,37.609610659],[141.006945132,37.609632953],[141.006978365,37.609638273],[141.007067289,37.609571462],[141.007016983,37.609534289],[141.006988604,37.609536455],[141.006914001,37.609610659]]]},"properties":{"field_id":"maff-2026-c66ad585-d7ee-4427-8f05-41be02396733","source_polygon_id":"c66ad585-d7ee-4427-8f05-41be02396733","field_id_method":"source_id","municipality":"南相馬市","area_ha":0.008296,"source_land_type":200,"declaration_source":"synthetic_demo","is_synthetic_declaration":true,"baseline_year":2024,"target_year":2025,"baseline_status":"insufficient_observation","status":"insufficient_observation","baseline_confidence":null,"confidence":null,"reason_codes":["INSUFFICIENT_OPTICAL_OBSERVATIONS"],"baseline_subtype":"not_evaluated","cultivation_subtype":"not_evaluated","subtype_confidence":null,"subtype_reason_codes":[],"change_type":"change_uncertain","change_confidence":null,"change_reason_codes":["OBSERVATION_LIMITS_YEAR_COMPARISON"],"reference_label":null,"evidence_strength":null,"evidence_sources":[],"evidence_dates":[],"review_status":"not_reviewed","polygon_vintage":2026,"valid_s2_count":0,"valid_s1_count":0,"observation_quality":0.0,"quality_flags":["BOUNDARY_VINTAGE_DIFFERENCE","SMALL_FIELD_SEVERE","SMALL_FIELD_MIXED_PIXEL","HARVEST_WINDOW_INCOMPLETE"],"ndvi_max":null,"ndvi_amplitude":null,"ndvi_may":null,"ndvi_aug":null,"vh_may_db":null,"vh_aug_db":null,"centroid_lat":37.6095865,"centroid_lon":141.0069895,"declaration_match":"match","declared_crop":"unknown","declared_status":"unknown","priority_components":{"declaration":0,"status":20,"change":9,"evidence_uncertainty":10.0,"area":0.1825},"priority_score":39.18,"auto_candidate":true}},{"type":"Feature","geometry":{"type":"Polygon","coordinates":[[[141.008763456,37.610458807],[141.008932047,37.610489149],[141.009167161,37.610533896],[141.009205158,37.610541052],[141.00936851,37.610539424],[141.009386322,37.610467669],[141.009388274,37.610441279],[141.009378597,37.610428189],[141.009257384,37.61039926],[141.008993743,37.610347261],[141.008860753,37.610322215],[141.008770436,37.610300511],[141.00876147,37.610332623],[141.008745847,37.610393054],[141.008746351,37.610425071],[141.008770321,37.610443669],[141.008763456,37.610458807]]]},"properties":{"field_id":"maff-2026-c67d26b7-c290-40a6-8c6b-91d34027e949","source_polygon_id":"c67d26b7-c290-40a6-8c6b-91d34027e949","field_id_method":"source_id","municipality":"南相馬市","area_ha":0.090394,"source_land_type":100,"declaration_source":"synthetic_demo","is_synthetic_declaration":true,"baseline_year":2024,"target_year":2025,"baseline_status":"review_required","status":"review_required","baseline_confidence":0.79,"confidence":0.605,"reason_codes":["SIGNAL_CONFLICT","NEAR_THRESHOLD"],"baseline_subtype":"mixed_or_unknown","cultivation_subtype":"mixed_or_unknown","subtype_confidence":null,"subtype_reason_codes":[],"change_type":"change_uncertain","change_confidence":0.605,"change_reason_codes":["YEAR_STATUS_COMPARISON","BOUNDARY_VINTAGE_DIFFERENCE"],"reference_label":null,"evidence_strength":null,"evidence_sources":[],"evidence_dates":[],"review_status":"not_reviewed","polygon_vintage":2026,"valid_s2_count":41,"valid_s1_count":29,"observation_quality":1.0,"quality_flags":["BOUNDARY_VINTAGE_DIFFERENCE","SMALL_FIELD_WARNING","SMALL_FIELD_MIXED_PIXEL"],"ndvi_max":0.4976234138011932,"ndvi_amplitude":0.3905689567327499,"ndvi_may":0.16580152511596674,"ndvi_aug":0.4830852448940277,"vh_may_db":-13.265313148498535,"vh_aug_db":-10.361966609954834,"centroid_lat":37.6104345,"centroid_lon":141.0090569,"declaration_match":"match","declared_crop":"upland_crop","declared_status":"planned_cultivation","priority_components":{"declaration":0,"status":23,"change":9,"evidence_uncertainty":3.95,"area":4.0876},"priority_score":40.04,"auto_candidate":true}},{"type":"Feature","geometry":{"type":"Polygon","coordinates":[[[141.013188543,37.615495018],[141.013256953,37.615506915],[141.014202789,37.61515297],[141.014214686,37.615102406],[141.013817514,37.614391543],[141.013153764,37.614579877],[141.01262937,37.614778205],[141.012605576,37.614804974],[141.013188543,37.615495018]]]},"properties":{"field_id":"maff-2026-c7c0092f-efbe-42c8-b863-a1f2f7b17b42","source_polygon_id":"c7c0092f-efbe-42c8-b863-a1f2f7b17b42","field_id_method":"source_id","municipality":"南相馬市","area_ha":1.028512,"source_land_type":100,"declaration_source":"synthetic_demo","is_synthetic_declaration":true,"baseline_year":2024,"target_year":2025,"baseline_status":"insufficient_observation","status":"review_required","baseline_confidence":null,"confidence":0.8788,"reason_codes":["NO_SAR_FLOOD_SIGNAL","NDVI_GROWTH_RISE","NDVI_PEAK_REACHED","NDVI_HARVEST_DROP","NEAR_THRESHOLD"],"baseline_subtype":"not_evaluated","cultivation_subtype":"mixed_or_unknown","subtype_confidence":null,"subtype_reason_codes":["NO_SAR_FLOOD_SIGNAL","NDVI_GROWTH_RISE","NDVI_PEAK_REACHED"],"change_type":"change_uncertain","change_confidence":null,"change_reason_codes":["OBSERVATION_LIMITS_YEAR_COMPARISON"],"reference_label":null,"evidence_strength":null,"evidence_sources":[],"evidence_dates":[],"review_status":"not_reviewed","polygon_vintage":2026,"valid_s2_count":39,"valid_s1_count":29,"observation_quality":0.9965,"quality_flags":["BOUNDARY_VINTAGE_DIFFERENCE"],"ndvi_max":0.5720279812812805,"ndvi_amplitude":0.5554706547409296,"ndvi_may":0.08522243984043595,"ndvi_aug":0.5142756700515747,"vh_may_db":-20.77337646484375,"vh_aug_db":-14.657852172851562,"centroid_lat":37.6149476,"centroid_lon":141.0134486,"declaration_match":"match","declared_crop":"upland_crop","declared_status":"planned_cultivation","priority_components":{"declaration":0,"status":23,"change":9,"evidence_uncertainty":1.212,"area":9.5255},"priority_score":42.74,"auto_candidate":true}},{"type":"Feature","geometry":{"type":"Polygon","coordinates":[[[141.007336052,37.610250664],[141.007373959,37.61025217],[141.007381475,37.610127776],[141.007343567,37.61012627],[141.007336052,37.610250664]]]},"properties":{"field_id":"maff-2026-ca1a38ff-1e3c-4717-9643-05fd88ba76c3","source_polygon_id":"ca1a38ff-1e3c-4717-9643-05fd88ba76c3","field_id_method":"source_id","municipality":"南相馬市","area_ha":0.004628,"source_land_type":200,"declaration_source":"synthetic_demo","is_synthetic_declaration":true,"baseline_year":2024,"target_year":2025,"baseline_status":"insufficient_observation","status":"insufficient_observation","baseline_confidence":null,"confidence":null,"reason_codes":["INSUFFICIENT_OPTICAL_OBSERVATIONS"],"baseline_subtype":"not_evaluated","cultivation_subtype":"not_evaluated","subtype_confidence":null,"subtype_reason_codes":[],"change_type":"change_uncertain","change_confidence":null,"change_reason_codes":["OBSERVATION_LIMITS_YEAR_COMPARISON"],"reference_label":null,"evidence_strength":null,"evidence_sources":[],"evidence_dates":[],"review_status":"not_reviewed","polygon_vintage":2026,"valid_s2_count":0,"valid_s1_count":0,"observation_quality":0.0,"quality_flags":["BOUNDARY_VINTAGE_DIFFERENCE","SMALL_FIELD_SEVERE","SMALL_FIELD_MIXED_PIXEL","HARVEST_WINDOW_INCOMPLETE"],"ndvi_max":null,"ndvi_amplitude":null,"ndvi_may":null,"ndvi_aug":null,"vh_may_db":null,"vh_aug_db":null,"centroid_lat":37.6101892,"centroid_lon":141.0073588,"declaration_match":"match","declared_crop":"unknown","declared_status":"unknown","priority_components":{"declaration":0,"status":20,"change":9,"evidence_uncertainty":10.0,"area":0.0365},"priority_score":39.04,"auto_candidate":true}},{"type":"Feature","geometry":{"type":"Polygon","coordinates":[[[141.011231529,37.615194731],[141.011373771,37.615355304],[141.01157122,37.615262917],[141.011961141,37.615063126],[141.012130237,37.614974789],[141.011990304,37.614810427],[141.01171763,37.614937471],[141.011402489,37.615074356],[141.011333443,37.615050558],[141.01129583,37.615067886],[141.011277662,37.615117042],[141.011231529,37.615194731]]]},"properties":{"field_id":"maff-2026-cbaf4654-e6bd-4987-8834-4462a7af2eca","source_polygon_id":"cbaf4654-e6bd-4987-8834-4462a7af2eca","field_id_method":"source_id","municipality":"南相馬市","area_ha":0.194894,"source_land_type":200,"declaration_source":"synthetic_demo","is_synthetic_declaration":true,"baseline_year":2024,"target_year":2025,"baseline_status":"review_required","status":"review_required","baseline_confidence":0.8991,"confidence":0.7007,"reason_codes":["SIGNAL_CONFLICT"],"baseline_subtype":"mixed_or_unknown","cultivation_subtype":"mixed_or_unknown","subtype_confidence":null,"subtype_reason_codes":[],"change_type":"change_uncertain","change_confidence":0.7007,"change_reason_codes":["YEAR_STATUS_COMPARISON","BOUNDARY_VINTAGE_DIFFERENCE"],"reference_label":null,"evidence_strength":null,"evidence_sources":[],"evidence_dates":[],"review_status":"not_reviewed","polygon_vintage":2026,"valid_s2_count":42,"valid_s1_count":29,"observation_quality":0.9982,"quality_flags":["BOUNDARY_VINTAGE_DIFFERENCE"],"ndvi_max":0.6069440841674805,"ndvi_amplitude":0.36069206893444067,"ndvi_may":0.426742359995842,"ndvi_aug":0.5690110921859741,"vh_may_db":-16.186214447021484,"vh_aug_db":-14.859993934631348,"centroid_lat":37.615083,"centroid_lon":141.0116594,"declaration_match":"mismatch","declared_crop":"upland_crop","declared_status":"planned_cultivation","priority_components":{"declaration":40,"status":23,"change":9,"evidence_uncertainty":2.993,"area":5.2555},"priority_score":80.25,"auto_candidate":true}},{"type":"Feature","geometry":{"type":"Polygon","coordinates":[[[141.007195605,37.610203087],[141.007205311,37.610218059],[141.007264615,37.610225003],[141.007290804,37.610083471],[141.007290478,37.610062754],[141.007280772,37.610047781],[141.007261951,37.610055503],[141.007209159,37.610161512],[141.007195605,37.610203087]]]},"properties":{"field_id":"maff-2026-cd5d086b-2358-4cfa-9726-8571ea75df1d","source_polygon_id":"cd5d086b-2358-4cfa-9726-8571ea75df1d","field_id_method":"source_id","municipality":"南相馬市","area_ha":0.009292,"source_land_type":200,"declaration_source":"synthetic_demo","is_synthetic_declaration":true,"baseline_year":2024,"target_year":2025,"baseline_status":"insufficient_observation","status":"insufficient_observation","baseline_confidence":null,"confidence":null,"reason_codes":["INSUFFICIENT_OPTICAL_OBSERVATIONS"],"baseline_subtype":"not_evaluated","cultivation_subtype":"not_evaluated","subtype_confidence":null,"subtype_reason_codes":[],"change_type":"change_uncertain","change_confidence":null,"change_reason_codes":["OBSERVATION_LIMITS_YEAR_COMPARISON"],"reference_label":null,"evidence_strength":null,"evidence_sources":[],"evidence_dates":[],"review_status":"not_reviewed","polygon_vintage":2026,"valid_s2_count":0,"valid_s1_count":0,"observation_quality":0.0,"quality_flags":["BOUNDARY_VINTAGE_DIFFERENCE","SMALL_FIELD_SEVERE","SMALL_FIELD_MIXED_PIXEL","HARVEST_WINDOW_INCOMPLETE"],"ndvi_max":null,"ndvi_amplitude":null,"ndvi_may":null,"ndvi_aug":null,"vh_may_db":null,"vh_aug_db":null,"centroid_lat":37.6101477,"centroid_lon":141.0072492,"declaration_match":"mismatch","declared_crop":"paddy_rice","declared_status":"planned_cultivation","priority_components":{"declaration":40,"status":20,"change":9,"evidence_uncertainty":10.0,"area":0.365},"priority_score":79.36,"auto_candidate":true}},{"type":"Feature","geometry":{"type":"Polygon","coordinates":[[[141.007030507,37.609942903],[141.007155092,37.610035846],[141.007218272,37.609988127],[141.007208446,37.609965621],[141.007184122,37.609924423],[141.007164738,37.609896362],[141.007157074,37.609860649],[141.007140384,37.60985328],[141.007030507,37.609942903]]]},"properties":{"field_id":"maff-2026-cd644711-0ca9-4931-bcf3-cf2eabcfed51","source_polygon_id":"cd644711-0ca9-4931-bcf3-cf2eabcfed51","field_id_method":"source_id","municipality":"南相馬市","area_ha":0.016892,"source_land_type":200,"declaration_source":"synthetic_demo","is_synthetic_declaration":true,"baseline_year":2024,"target_year":2025,"baseline_status":"insufficient_observation","status":"insufficient_observation","baseline_confidence":null,"confidence":null,"reason_codes":["INSUFFICIENT_OPTICAL_OBSERVATIONS"],"baseline_subtype":"not_evaluated","cultivation_subtype":"not_evaluated","subtype_confidence":null,"subtype_reason_codes":[],"change_type":"change_uncertain","change_confidence":null,"change_reason_codes":["OBSERVATION_LIMITS_YEAR_COMPARISON"],"reference_label":null,"evidence_strength":null,"evidence_sources":[],"evidence_dates":[],"review_status":"not_reviewed","polygon_vintage":2026,"valid_s2_count":0,"valid_s1_count":0,"observation_quality":0.0,"quality_flags":["BOUNDARY_VINTAGE_DIFFERENCE","SMALL_FIELD_SEVERE","SMALL_FIELD_MIXED_PIXEL","HARVEST_WINDOW_INCOMPLETE"],"ndvi_max":null,"ndvi_amplitude":null,"ndvi_may":null,"ndvi_aug":null,"vh_may_db":null,"vh_aug_db":null,"centroid_lat":37.6099483,"centroid_lon":141.0071325,"declaration_match":"match","declared_crop":"unknown","declared_status":"unknown","priority_components":{"declaration":0,"status":20,"change":9,"evidence_uncertainty":10.0,"area":1.4964},"priority_score":40.5,"auto_candidate":true}},{"type":"Feature","geometry":{"type":"Polygon","coordinates":[[[141.016522067,37.621123466],[141.017465523,37.621115375],[141.017503595,37.621082063],[141.017489318,37.61994706],[141.017444108,37.619925645],[141.017144296,37.619963716],[141.016972975,37.620025582],[141.016525636,37.62007555],[141.016522067,37.621123466]]]},"properties":{"field_id":"maff-2026-cd83b97f-4cca-4318-ad62-f3fb8fd87323","source_polygon_id":"cd83b97f-4cca-4318-ad62-f3fb8fd87323","field_id_method":"source_id","municipality":"南相馬市","area_ha":1.063487,"source_land_type":100,"declaration_source":"synthetic_demo","is_synthetic_declaration":true,"baseline_year":2024,"target_year":2025,"baseline_status":"insufficient_observation","status":"insufficient_observation","baseline_confidence":null,"confidence":null,"reason_codes":["INSUFFICIENT_OPTICAL_OBSERVATIONS"],"baseline_subtype":"not_evaluated","cultivation_subtype":"not_evaluated","subtype_confidence":null,"subtype_reason_codes":[],"change_type":"change_uncertain","change_confidence":null,"change_reason_codes":["OBSERVATION_LIMITS_YEAR_COMPARISON"],"reference_label":null,"evidence_strength":null,"evidence_sources":[],"evidence_dates":[],"review_status":"not_reviewed","polygon_vintage":2026,"valid_s2_count":0,"valid_s1_count":0,"observation_quality":0.0,"quality_flags":["BOUNDARY_VINTAGE_DIFFERENCE","HARVEST_WINDOW_INCOMPLETE"],"ndvi_max":null,"ndvi_amplitude":null,"ndvi_may":null,"ndvi_aug":null,"vh_may_db":null,"vh_aug_db":null,"centroid_lat":37.6205611,"centroid_lon":141.0170218,"declaration_match":"mismatch","declared_crop":"upland_crop","declared_status":"planned_cultivation","priority_components":{"declaration":40,"status":20,"change":9,"evidence_uncertainty":10.0,"area":9.6715},"priority_score":88.67,"auto_candidate":true}},{"type":"Feature","geometry":{"type":"Polygon","coordinates":[[[141.01343455,37.619920481],[141.013571368,37.619917507],[141.014478538,37.619334539],[141.014487461,37.61928695],[141.014508281,37.618483882],[141.013788494,37.618519574],[141.013776597,37.618656392],[141.013381012,37.618709931],[141.013098451,37.618796186],[141.013110348,37.619084695],[141.013276911,37.619447564],[141.01336614,37.619798534],[141.01343455,37.619920481]]]},"properties":{"field_id":"maff-2026-cec409cc-0099-46e1-b9d5-9c9719039956","source_polygon_id":"cec409cc-0099-46e1-b9d5-9c9719039956","field_id_method":"source_id","municipality":"南相馬市","area_ha":1.3812,"source_land_type":100,"declaration_source":"synthetic_demo","is_synthetic_declaration":true,"baseline_year":2024,"target_year":2025,"baseline_status":"fallow_candidate","status":"cultivation_signal","baseline_confidence":0.9999,"confidence":0.9684,"reason_codes":["NO_SAR_FLOOD_SIGNAL","NDVI_GROWTH_RISE","NDVI_PEAK_REACHED","NDVI_HARVEST_DROP"],"baseline_subtype":"mixed_or_unknown","cultivation_subtype":"upland_crop_signal","subtype_confidence":0.9684,"subtype_reason_codes":["NO_SAR_FLOOD_SIGNAL","NDVI_GROWTH_RISE","NDVI_PEAK_REACHED"],"change_type":"fallow_to_cultivated_candidate","change_confidence":0.9684,"change_reason_codes":["YEAR_STATUS_COMPARISON","BOUNDARY_VINTAGE_DIFFERENCE"],"reference_label":null,"evidence_strength":null,"evidence_sources":[],"evidence_dates":[],"review_status":"not_reviewed","polygon_vintage":2026,"valid_s2_count":44,"valid_s1_count":29,"observation_quality":0.9998,"quality_flags":["BOUNDARY_VINTAGE_DIFFERENCE"],"ndvi_max":0.6881091594696045,"ndvi_amplitude":0.6040854901075364,"ndvi_may":0.14301286637783045,"ndvi_aug":0.4544106721878052,"vh_may_db":-14.572103500366213,"vh_aug_db":-13.72635793685913,"centroid_lat":37.6191279,"centroid_lon":141.0138256,"declaration_match":"unavailable","declared_crop":"not_declared","declared_status":"not_submitted","priority_components":{"declaration":0,"status":0,"change":6,"evidence_uncertainty":0,"area":9.927},"priority_score":15.93,"auto_candidate":true}},{"type":"Feature","geometry":{"type":"Polygon","coordinates":[[[141.015255722,37.612903066],[141.015472904,37.612861334],[141.015668838,37.612823581],[141.015809373,37.613025606],[141.015929339,37.612975429],[141.016194865,37.612846563],[141.016425237,37.612740654],[141.016265762,37.612538821],[141.016125555,37.612357514],[141.015980636,37.612177666],[141.015903319,37.612080022],[141.015893729,37.612072583],[141.015881863,37.612070818],[141.015426214,37.612305188],[141.01495396,37.612537838],[141.014990396,37.612595865],[141.015147143,37.612775124],[141.015195536,37.612840567],[141.015255722,37.612903066]]]},"properties":{"field_id":"maff-2026-cee615c8-6b44-4416-93b2-d487794154bc","source_polygon_id":"cee615c8-6b44-4416-93b2-d487794154bc","field_id_method":"source_id","municipality":"南相馬市","area_ha":0.735462,"source_land_type":100,"declaration_source":"synthetic_demo","is_synthetic_declaration":true,"baseline_year":2024,"target_year":2025,"baseline_status":"review_required","status":"cultivation_signal","baseline_confidence":0.7884,"confidence":0.9303,"reason_codes":["NO_SAR_FLOOD_SIGNAL","NDVI_GROWTH_RISE","NDVI_PEAK_REACHED","NDVI_HARVEST_DROP"],"baseline_subtype":"mixed_or_unknown","cultivation_subtype":"upland_crop_signal","subtype_confidence":0.5292,"subtype_reason_codes":["NO_SAR_FLOOD_SIGNAL","NDVI_GROWTH_RISE","NDVI_PEAK_REACHED"],"change_type":"change_uncertain","change_confidence":0.7884,"change_reason_codes":["YEAR_STATUS_COMPARISON","BOUNDARY_VINTAGE_DIFFERENCE"],"reference_label":null,"evidence_strength":null,"evidence_sources":[],"evidence_dates":[],"review_status":"not_reviewed","polygon_vintage":2026,"valid_s2_count":40,"valid_s1_count":29,"observation_quality":0.9964,"quality_flags":["BOUNDARY_VINTAGE_DIFFERENCE"],"ndvi_max":0.6134570240974426,"ndvi_amplitude":0.5780520960688591,"ndvi_may":0.0705150235444307,"ndvi_aug":0.5922063589096069,"vh_may_db":-21.733259201049805,"vh_aug_db":-14.744145393371582,"centroid_lat":37.6125773,"centroid_lon":141.0157119,"declaration_match":"match","declared_crop":"unknown","declared_status":"unknown","priority_components":{"declaration":0,"status":0,"change":9,"evidence_uncertainty":0,"area":7.7737},"priority_score":16.77,"auto_candidate":true}},{"type":"Feature","geometry":{"type":"Polygon","coordinates":[[[141.013634057,37.610266069],[141.013670457,37.610271984],[141.013882182,37.610284934],[141.013860216,37.610193484],[141.013839798,37.610199967],[141.013831748,37.610190002],[141.013729538,37.610214883],[141.013689724,37.610192678],[141.013633819,37.610251002],[141.013634057,37.610266069]]]},"properties":{"field_id":"maff-2026-cfaa4f37-17f7-4c87-92f4-66c6a91cc1ab","source_polygon_id":"cfaa4f37-17f7-4c87-92f4-66c6a91cc1ab","field_id_method":"source_id","municipality":"南相馬市","area_ha":0.016414,"source_land_type":100,"declaration_source":"synthetic_demo","is_synthetic_declaration":true,"baseline_year":2024,"target_year":2025,"baseline_status":"insufficient_observation","status":"insufficient_observation","baseline_confidence":null,"confidence":null,"reason_codes":["INSUFFICIENT_OPTICAL_OBSERVATIONS"],"baseline_subtype":"not_evaluated","cultivation_subtype":"not_evaluated","subtype_confidence":null,"subtype_reason_codes":[],"change_type":"change_uncertain","change_confidence":null,"change_reason_codes":["OBSERVATION_LIMITS_YEAR_COMPARISON"],"reference_label":null,"evidence_strength":null,"evidence_sources":[],"evidence_dates":[],"review_status":"not_reviewed","polygon_vintage":2026,"valid_s2_count":0,"valid_s1_count":0,"observation_quality":0.0,"quality_flags":["BOUNDARY_VINTAGE_DIFFERENCE","SMALL_FIELD_SEVERE","SMALL_FIELD_MIXED_PIXEL","HARVEST_WINDOW_INCOMPLETE"],"ndvi_max":null,"ndvi_amplitude":null,"ndvi_may":null,"ndvi_aug":null,"vh_may_db":null,"vh_aug_db":null,"centroid_lat":37.6102412,"centroid_lon":141.0137668,"declaration_match":"match","declared_crop":"unknown","declared_status":"unknown","priority_components":{"declaration":0,"status":20,"change":9,"evidence_uncertainty":10.0,"area":1.4234},"priority_score":40.42,"auto_candidate":true}},{"type":"Feature","geometry":{"type":"Polygon","coordinates":[[[141.021386972,37.610127809],[141.02143299,37.610006558],[141.021475873,37.609688263],[141.021462877,37.609373709],[141.021334736,37.609355927],[141.021202853,37.609354077],[141.021086698,37.609336174],[141.020834411,37.60930057],[141.020630064,37.609264483],[141.020505918,37.60924666],[141.020374136,37.609251165],[141.020314364,37.609261302],[141.020206754,37.609278277],[141.020166905,37.609285035],[141.020131608,37.609326712],[141.020168017,37.609354953],[141.020269354,37.609446115],[141.020887199,37.609856299],[141.021347427,37.610153636],[141.021371296,37.610147039],[141.021386972,37.610127809]]]},"properties":{"field_id":"maff-2026-d09eee4c-d830-413f-a87b-5ce31de06e68","source_polygon_id":"d09eee4c-d830-413f-a87b-5ce31de06e68","field_id_method":"source_id","municipality":"南相馬市","area_ha":0.625797,"source_land_type":100,"declaration_source":"synthetic_demo","is_synthetic_declaration":true,"baseline_year":2024,"target_year":2025,"baseline_status":"review_required","status":"review_required","baseline_confidence":0.8591,"confidence":0.8933,"reason_codes":["NO_SAR_FLOOD_SIGNAL","NDVI_GROWTH_RISE","NDVI_PEAK_REACHED","NEAR_THRESHOLD"],"baseline_subtype":"mixed_or_unknown","cultivation_subtype":"mixed_or_unknown","subtype_confidence":null,"subtype_reason_codes":["NO_SAR_FLOOD_SIGNAL","NDVI_GROWTH_RISE","NDVI_PEAK_REACHED"],"change_type":"change_uncertain","change_confidence":0.8591,"change_reason_codes":["YEAR_STATUS_COMPARISON","BOUNDARY_VINTAGE_DIFFERENCE"],"reference_label":null,"evidence_strength":null,"evidence_sources":[],"evidence_dates":[],"review_status":"not_reviewed","polygon_vintage":2026,"valid_s2_count":44,"valid_s1_count":29,"observation_quality":0.9925,"quality_flags":["BOUNDARY_VINTAGE_DIFFERENCE"],"ndvi_max":0.698022186756134,"ndvi_amplitude":0.6036254167556764,"ndvi_may":0.3134328424930572,"ndvi_aug":0.6587047576904297,"vh_may_db":-14.389046669006348,"vh_aug_db":-14.665460586547852,"centroid_lat":37.6096002,"centroid_lon":141.020959,"declaration_match":"mismatch","declared_crop":"paddy_rice","declared_status":"planned_cultivation","priority_components":{"declaration":40,"status":23,"change":9,"evidence_uncertainty":1.067,"area":7.2263},"priority_score":80.29,"auto_candidate":true}},{"type":"Feature","geometry":{"type":"Polygon","coordinates":[[[141.015823935,37.611866756],[141.016559426,37.611486518],[141.016655795,37.61143298],[141.016748594,37.61130092],[141.016723609,37.611247382],[141.015370886,37.611200983],[141.01535304,37.611279505],[141.015823935,37.611866756]]]},"properties":{"field_id":"maff-2026-d1424e5c-fe33-47fe-be86-4692faa22616","source_polygon_id":"d1424e5c-fe33-47fe-be86-4692faa22616","field_id_method":"source_id","municipality":"南相馬市","area_ha":0.520443,"source_land_type":100,"declaration_source":"synthetic_demo","is_synthetic_declaration":true,"baseline_year":2024,"target_year":2025,"baseline_status":"cultivation_signal","status":"cultivation_signal","baseline_confidence":0.8894,"confidence":0.9899,"reason_codes":["NO_SAR_FLOOD_SIGNAL","NDVI_GROWTH_RISE","NDVI_PEAK_REACHED","NDVI_HARVEST_DROP"],"baseline_subtype":"upland_crop_signal","cultivation_subtype":"upland_crop_signal","subtype_confidence":0.9899,"subtype_reason_codes":["NO_SAR_FLOOD_SIGNAL","NDVI_GROWTH_RISE","NDVI_PEAK_REACHED"],"change_type":"stable","change_confidence":0.8894,"change_reason_codes":["YEAR_STATUS_COMPARISON","BOUNDARY_VINTAGE_DIFFERENCE"],"reference_label":null,"evidence_strength":null,"evidence_sources":[],"evidence_dates":[],"review_status":"not_reviewed","polygon_vintage":2026,"valid_s2_count":39,"valid_s1_count":29,"observation_quality":0.9663,"quality_flags":["BOUNDARY_VINTAGE_DIFFERENCE"],"ndvi_max":0.6417038440704346,"ndvi_amplitude":0.6234581768512727,"ndvi_may":0.1210878416895866,"ndvi_aug":0.6137247085571289,"vh_may_db":-20.925724029541016,"vh_aug_db":-16.081558227539062,"centroid_lat":37.6114475,"centroid_lon":141.0160095,"declaration_match":"not_comparable","declared_crop":"unknown","declared_status":"unknown","priority_components":{"declaration":20,"status":0,"change":0,"evidence_uncertainty":0,"area":6.8248},"priority_score":26.82,"auto_candidate":false}},{"type":"Feature","geometry":{"type":"Polygon","coordinates":[[[141.006247272,37.609153414],[141.0063802,37.609174696],[141.006416746,37.609089569],[141.006434502,37.609014047],[141.006287104,37.608975956],[141.00626195,37.609032715],[141.006265412,37.609102375],[141.006247272,37.609153414]]]},"properties":{"field_id":"maff-2026-d261525e-ebef-4a04-bb2e-811a3d43cf9a","source_polygon_id":"d261525e-ebef-4a04-bb2e-811a3d43cf9a","field_id_method":"source_id","municipality":"南相馬市","area_ha":0.025555,"source_land_type":200,"declaration_source":"synthetic_demo","is_synthetic_declaration":true,"baseline_year":2024,"target_year":2025,"baseline_status":"review_required","status":"review_required","baseline_confidence":0.5744,"confidence":0.79,"reason_codes":["NO_SAR_FLOOD_SIGNAL","NDVI_PEAK_LOW","NDVI_AMPLITUDE_LOW","SMALL_FIELD_SEVERE"],"baseline_subtype":"mixed_or_unknown","cultivation_subtype":"mixed_or_unknown","subtype_confidence":null,"subtype_reason_codes":["NO_SAR_FLOOD_SIGNAL"],"change_type":"change_uncertain","change_confidence":0.5744,"change_reason_codes":["YEAR_STATUS_COMPARISON","BOUNDARY_VINTAGE_DIFFERENCE"],"reference_label":null,"evidence_strength":null,"evidence_sources":[],"evidence_dates":[],"review_status":"not_reviewed","polygon_vintage":2026,"valid_s2_count":44,"valid_s1_count":29,"observation_quality":1.0,"quality_flags":["BOUNDARY_VINTAGE_DIFFERENCE","SMALL_FIELD_SEVERE","SMALL_FIELD_MIXED_PIXEL"],"ndvi_max":0.4901848435401916,"ndvi_amplitude":0.3303346633911133,"ndvi_may":0.2820512652397156,"ndvi_aug":0.4064976274967193,"vh_may_db":-15.08494758605957,"vh_aug_db":-15.7388277053833,"centroid_lat":37.6090764,"centroid_lon":141.0063378,"declaration_match":"match","declared_crop":"unknown","declared_status":"unknown","priority_components":{"declaration":0,"status":23,"change":9,"evidence_uncertainty":2.1,"area":2.0073},"priority_score":36.11,"auto_candidate":true}},{"type":"Feature","geometry":{"type":"Polygon","coordinates":[[[141.008599404,37.61096277],[141.008703468,37.611022011],[141.00882234,37.611086126],[141.008881869,37.611124042],[141.008896389,37.611110503],[141.008904279,37.611076938],[141.008909776,37.611024978],[141.008636098,37.61088706],[141.008599404,37.61096277]]]},"properties":{"field_id":"maff-2026-d30e2237-5b33-4171-a978-d74bc84681de","source_polygon_id":"d30e2237-5b33-4171-a978-d74bc84681de","field_id_method":"source_id","municipality":"南相馬市","area_ha":0.028793,"source_land_type":200,"declaration_source":"synthetic_demo","is_synthetic_declaration":true,"baseline_year":2024,"target_year":2025,"baseline_status":"review_required","status":"review_required","baseline_confidence":0.79,"confidence":0.79,"reason_codes":["NO_SAR_FLOOD_SIGNAL","NDVI_PEAK_LOW","NDVI_AMPLITUDE_LOW","SMALL_FIELD_SEVERE"],"baseline_subtype":"mixed_or_unknown","cultivation_subtype":"mixed_or_unknown","subtype_confidence":null,"subtype_reason_codes":["NO_SAR_FLOOD_SIGNAL"],"change_type":"change_uncertain","change_confidence":0.79,"change_reason_codes":["YEAR_STATUS_COMPARISON","BOUNDARY_VINTAGE_DIFFERENCE"],"reference_label":null,"evidence_strength":null,"evidence_sources":[],"evidence_dates":[],"review_status":"not_reviewed","polygon_vintage":2026,"valid_s2_count":42,"valid_s1_count":29,"observation_quality":1.0,"quality_flags":["BOUNDARY_VINTAGE_DIFFERENCE","SMALL_FIELD_SEVERE","SMALL_FIELD_MIXED_PIXEL"],"ndvi_max":0.4217265546321869,"ndvi_amplitude":0.1887853741645813,"ndvi_may":0.2544204890727997,"ndvi_aug":0.2493093907833099,"vh_may_db":-14.890884399414062,"vh_aug_db":-12.327433586120605,"centroid_lat":37.6110032,"centroid_lon":141.0087633,"declaration_match":"mismatch","declared_crop":"paddy_rice","declared_status":"planned_cultivation","priority_components":{"declaration":40,"status":23,"change":9,"evidence_uncertainty":2.1,"area":2.1533},"priority_score":76.25,"auto_candidate":true}},{"type":"Feature","geometry":{"type":"Polygon","coordinates":[[[141.009451022,37.616286232],[141.009520774,37.61620454],[141.0096757,37.616118232],[141.009552846,37.615985719],[141.009376483,37.615763325],[141.009117932,37.615434381],[141.009103459,37.615417573],[141.009089195,37.615413948],[141.008825807,37.61552959],[141.008842914,37.615563325],[141.008807607,37.615576863],[141.008930844,37.61573386],[141.009133488,37.615971062],[141.009256815,37.616133709],[141.009350753,37.616234489],[141.009389168,37.616268011],[141.009422552,37.616282748],[141.009451022,37.616286232]]]},"properties":{"field_id":"maff-2026-d322f6d8-ec91-4ce2-902a-bebaada99492","source_polygon_id":"d322f6d8-ec91-4ce2-902a-bebaada99492","field_id_method":"source_id","municipality":"南相馬市","area_ha":0.296773,"source_land_type":100,"declaration_source":"synthetic_demo","is_synthetic_declaration":true,"baseline_year":2024,"target_year":2025,"baseline_status":"cultivation_signal","status":"review_required","baseline_confidence":0.9865,"confidence":0.601,"reason_codes":["SIGNAL_CONFLICT","NDVI_HARVEST_DROP","NEAR_THRESHOLD"],"baseline_subtype":"upland_crop_signal","cultivation_subtype":"mixed_or_unknown","subtype_confidence":null,"subtype_reason_codes":[],"change_type":"change_uncertain","change_confidence":0.601,"change_reason_codes":["YEAR_STATUS_COMPARISON","BOUNDARY_VINTAGE_DIFFERENCE"],"reference_label":null,"evidence_strength":null,"evidence_sources":[],"evidence_dates":[],"review_status":"not_reviewed","polygon_vintage":2026,"valid_s2_count":40,"valid_s1_count":29,"observation_quality":0.9784,"quality_flags":["BOUNDARY_VINTAGE_DIFFERENCE"],"ndvi_max":0.525592029094696,"ndvi_amplitude":0.4199857711791992,"ndvi_may":0.12847786396741864,"ndvi_aug":0.4890061616897583,"vh_may_db":-20.854642868041992,"vh_aug_db":-14.394527912139893,"centroid_lat":37.6158439,"centroid_lon":141.0092337,"declaration_match":"unavailable","declared_crop":"not_declared","declared_status":"not_submitted","priority_components":{"declaration":0,"status":23,"change":9,"evidence_uncertainty":3.99,"area":5.6204},"priority_score":41.61,"auto_candidate":true}},{"type":"Feature","geometry":{"type":"Polygon","coordinates":[[[141.008752679,37.610225343],[141.008791209,37.610266399],[141.008967019,37.610304204],[141.009171209,37.610339842],[141.009344682,37.610379553],[141.009375191,37.610362297],[141.009403659,37.61036578],[141.009434109,37.610344756],[141.009461356,37.610120332],[141.009472036,37.610046764],[141.009476089,37.6100034],[141.009155364,37.609935018],[141.008884355,37.60986614],[141.008841272,37.609987122],[141.008770758,37.610170537],[141.008752679,37.610225343]]]},"properties":{"field_id":"maff-2026-d382a823-0674-4ae4-86e4-8817c2e4b0c9","source_polygon_id":"d382a823-0674-4ae4-86e4-8817c2e4b0c9","field_id_method":"source_id","municipality":"南相馬市","area_ha":0.253079,"source_land_type":100,"declaration_source":"synthetic_demo","is_synthetic_declaration":true,"baseline_year":2024,"target_year":2025,"baseline_status":"cultivation_signal","status":"review_required","baseline_confidence":0.966,"confidence":0.8687,"reason_codes":["NO_SAR_FLOOD_SIGNAL","NDVI_GROWTH_RISE","NDVI_PEAK_REACHED","NDVI_HARVEST_DROP","NEAR_THRESHOLD"],"baseline_subtype":"upland_crop_signal","cultivation_subtype":"mixed_or_unknown","subtype_confidence":null,"subtype_reason_codes":["NO_SAR_FLOOD_SIGNAL","NDVI_GROWTH_RISE","NDVI_PEAK_REACHED"],"change_type":"change_uncertain","change_confidence":0.8687,"change_reason_codes":["YEAR_STATUS_COMPARISON","BOUNDARY_VINTAGE_DIFFERENCE"],"reference_label":null,"evidence_strength":null,"evidence_sources":[],"evidence_dates":[],"review_status":"not_reviewed","polygon_vintage":2026,"valid_s2_count":38,"valid_s1_count":29,"observation_quality":0.9694,"quality_flags":["BOUNDARY_VINTAGE_DIFFERENCE"],"ndvi_max":0.567549467086792,"ndvi_amplitude":0.509058140218258,"ndvi_may":0.11974641680717464,"ndvi_aug":0.5419648885726929,"vh_may_db":-16.64984130859375,"vh_aug_db":-13.058551788330078,"centroid_lat":37.6101334,"centroid_lon":141.0091273,"declaration_match":"match","declared_crop":"paddy_rice","declared_status":"planned_cultivation","priority_components":{"declaration":0,"status":23,"change":9,"evidence_uncertainty":1.313,"area":5.438},"priority_score":38.75,"auto_candidate":true}},{"type":"Feature","geometry":{"type":"Polygon","coordinates":[[[141.008155819,37.609015347],[141.008205001,37.609031182],[141.008292259,37.609059195],[141.008352607,37.609082454],[141.008380542,37.609052038],[141.008380364,37.609040738],[141.008183457,37.608966097],[141.008161836,37.60899645],[141.008155819,37.609015347]]]},"properties":{"field_id":"maff-2026-d3b6cc47-0830-4669-ad56-eca5d6e40f0b","source_polygon_id":"d3b6cc47-0830-4669-ad56-eca5d6e40f0b","field_id_method":"source_id","municipality":"南相馬市","area_ha":0.010701,"source_land_type":200,"declaration_source":"synthetic_demo","is_synthetic_declaration":true,"baseline_year":2024,"target_year":2025,"baseline_status":"insufficient_observation","status":"insufficient_observation","baseline_confidence":null,"confidence":null,"reason_codes":["INSUFFICIENT_OPTICAL_OBSERVATIONS"],"baseline_subtype":"not_evaluated","cultivation_subtype":"not_evaluated","subtype_confidence":null,"subtype_reason_codes":[],"change_type":"change_uncertain","change_confidence":null,"change_reason_codes":["OBSERVATION_LIMITS_YEAR_COMPARISON"],"reference_label":null,"evidence_strength":null,"evidence_sources":[],"evidence_dates":[],"review_status":"not_reviewed","polygon_vintage":2026,"valid_s2_count":0,"valid_s1_count":0,"observation_quality":0.0,"quality_flags":["BOUNDARY_VINTAGE_DIFFERENCE","SMALL_FIELD_SEVERE","SMALL_FIELD_MIXED_PIXEL","HARVEST_WINDOW_INCOMPLETE"],"ndvi_max":null,"ndvi_amplitude":null,"ndvi_may":null,"ndvi_aug":null,"vh_may_db":null,"vh_aug_db":null,"centroid_lat":37.6090248,"centroid_lon":141.0082664,"declaration_match":"match","declared_crop":"unknown","declared_status":"unknown","priority_components":{"declaration":0,"status":20,"change":9,"evidence_uncertainty":10.0,"area":0.5474},"priority_score":39.55,"auto_candidate":true}},{"type":"Feature","geometry":{"type":"Polygon","coordinates":[[[141.012568685,37.614761109],[141.012839345,37.614656687],[141.012411369,37.614095874],[141.012103484,37.614242107],[141.012260019,37.614408186],[141.012438488,37.614613603],[141.012568685,37.614761109]]]},"properties":{"field_id":"maff-2026-d4da3acf-83f7-4eae-81e6-115ccf917dd5","source_polygon_id":"d4da3acf-83f7-4eae-81e6-115ccf917dd5","field_id_method":"source_id","municipality":"南相馬市","area_ha":0.205981,"source_land_type":100,"declaration_source":"synthetic_demo","is_synthetic_declaration":true,"baseline_year":2024,"target_year":2025,"baseline_status":"review_required","status":"review_required","baseline_confidence":0.7879,"confidence":0.9208,"reason_codes":["NO_SAR_FLOOD_SIGNAL","NDVI_GROWTH_RISE","NDVI_PEAK_REACHED","NDVI_HARVEST_DROP","NEAR_THRESHOLD"],"baseline_subtype":"mixed_or_unknown","cultivation_subtype":"mixed_or_unknown","subtype_confidence":null,"subtype_reason_codes":["NO_SAR_FLOOD_SIGNAL","NDVI_GROWTH_RISE","NDVI_PEAK_REACHED"],"change_type":"change_uncertain","change_confidence":0.7879,"change_reason_codes":["YEAR_STATUS_COMPARISON","BOUNDARY_VINTAGE_DIFFERENCE"],"reference_label":null,"evidence_strength":null,"evidence_sources":[],"evidence_dates":[],"review_status":"not_reviewed","polygon_vintage":2026,"valid_s2_count":38,"valid_s1_count":29,"observation_quality":0.9819,"quality_flags":["BOUNDARY_VINTAGE_DIFFERENCE"],"ndvi_max":0.5869174003601074,"ndvi_amplitude":0.5845754800830038,"ndvi_may":0.03204964555334295,"ndvi_aug":0.5410256385803223,"vh_may_db":-21.12271499633789,"vh_aug_db":-14.560519695281982,"centroid_lat":37.6144301,"centroid_lon":141.0124763,"declaration_match":"not_comparable","declared_crop":"unknown","declared_status":"unknown","priority_components":{"declaration":20,"status":23,"change":9,"evidence_uncertainty":0.792,"area":5.3285},"priority_score":58.12,"auto_candidate":true}},{"type":"Feature","geometry":{"type":"Polygon","coordinates":[[[141.010568127,37.616766659],[141.010734855,37.616679565],[141.010603917,37.616519296],[141.010294595,37.616150943],[141.010143984,37.615949221],[141.009989148,37.616041179],[141.009774206,37.61615069],[141.009675835,37.616219481],[141.009937307,37.616442371],[141.010110846,37.61663936],[141.010272393,37.616816039],[141.010336424,37.616879009],[141.010507821,37.616791868],[141.010568127,37.616766659]]]},"properties":{"field_id":"maff-2026-d6c9a522-0fb4-486d-beaa-4773d64d2d88","source_polygon_id":"d6c9a522-0fb4-486d-beaa-4773d64d2d88","field_id_method":"source_id","municipality":"南相馬市","area_ha":0.426101,"source_land_type":100,"declaration_source":"synthetic_demo","is_synthetic_declaration":true,"baseline_year":2024,"target_year":2025,"baseline_status":"cultivation_signal","status":"review_required","baseline_confidence":0.9981,"confidence":0.817,"reason_codes":["NO_SAR_FLOOD_SIGNAL","NDVI_GROWTH_RISE","NDVI_PEAK_REACHED","NDVI_HARVEST_DROP","NEAR_THRESHOLD"],"baseline_subtype":"upland_crop_signal","cultivation_subtype":"mixed_or_unknown","subtype_confidence":null,"subtype_reason_codes":["NO_SAR_FLOOD_SIGNAL","NDVI_GROWTH_RISE","NDVI_PEAK_REACHED"],"change_type":"change_uncertain","change_confidence":0.817,"change_reason_codes":["YEAR_STATUS_COMPARISON","BOUNDARY_VINTAGE_DIFFERENCE"],"reference_label":null,"evidence_strength":null,"evidence_sources":[],"evidence_dates":[],"review_status":"not_reviewed","polygon_vintage":2026,"valid_s2_count":41,"valid_s1_count":29,"observation_quality":0.9936,"quality_flags":["BOUNDARY_VINTAGE_DIFFERENCE"],"ndvi_max":0.5413913726806641,"ndvi_amplitude":0.43489786982536316,"ndvi_may":0.1372602507472038,"ndvi_aug":0.5037696957588196,"vh_may_db":-19.41901016235352,"vh_aug_db":-15.420141220092773,"centroid_lat":37.6164188,"centroid_lon":141.010217,"declaration_match":"mismatch","declared_crop":"upland_crop","declared_status":"planned_cultivation","priority_components":{"declaration":40,"status":23,"change":9,"evidence_uncertainty":1.83,"area":6.2774},"priority_score":80.11,"auto_candidate":true}},{"type":"Feature","geometry":{"type":"Polygon","coordinates":[[[141.017687662,37.608764925],[141.018744406,37.608513209],[141.018552813,37.608226937],[141.0175881,37.608458892],[141.017620958,37.608739224],[141.017668245,37.608734982],[141.017687662,37.608764925]]]},"properties":{"field_id":"maff-2026-d7709bb4-db44-4c3f-aa02-8fce183a73ce","source_polygon_id":"d7709bb4-db44-4c3f-aa02-8fce183a73ce","field_id_method":"source_id","municipality":"南相馬市","area_ha":0.335593,"source_land_type":100,"declaration_source":"synthetic_demo","is_synthetic_declaration":true,"baseline_year":2024,"target_year":2025,"baseline_status":"review_required","status":"cultivation_signal","baseline_confidence":0.8517,"confidence":0.9172,"reason_codes":["NO_SAR_FLOOD_SIGNAL","NDVI_GROWTH_RISE","NDVI_PEAK_REACHED","NDVI_HARVEST_DROP"],"baseline_subtype":"mixed_or_unknown","cultivation_subtype":"upland_crop_signal","subtype_confidence":0.9172,"subtype_reason_codes":["NO_SAR_FLOOD_SIGNAL","NDVI_GROWTH_RISE","NDVI_PEAK_REACHED"],"change_type":"change_uncertain","change_confidence":0.8517,"change_reason_codes":["YEAR_STATUS_COMPARISON","BOUNDARY_VINTAGE_DIFFERENCE"],"reference_label":null,"evidence_strength":null,"evidence_sources":[],"evidence_dates":[],"review_status":"not_reviewed","polygon_vintage":2026,"valid_s2_count":40,"valid_s1_count":29,"observation_quality":1.0,"quality_flags":["BOUNDARY_VINTAGE_DIFFERENCE"],"ndvi_max":0.5853656530380249,"ndvi_amplitude":0.5464114882051945,"ndvi_may":0.1154307425022125,"ndvi_aug":0.5613834857940674,"vh_may_db":-20.29529571533203,"vh_aug_db":-15.346946716308594,"centroid_lat":37.6084967,"centroid_lon":141.0181326,"declaration_match":"mismatch","declared_crop":"paddy_rice","declared_status":"planned_cultivation","priority_components":{"declaration":40,"status":0,"change":9,"evidence_uncertainty":0,"area":5.8029},"priority_score":54.8,"auto_candidate":true}},{"type":"Feature","geometry":{"type":"Polygon","coordinates":[[[141.018559047,37.611082967],[141.018756153,37.611069685],[141.018815809,37.611048994],[141.018697844,37.610876884],[141.01863987,37.610804633],[141.018444742,37.61084301],[141.018480202,37.610889117],[141.01852175,37.611020554],[141.018541069,37.611044219],[141.018559047,37.611082967]]]},"properties":{"field_id":"maff-2026-d8fadef8-b7c1-4ec0-b9c7-f5f50589ea24","source_polygon_id":"d8fadef8-b7c1-4ec0-b9c7-f5f50589ea24","field_id_method":"source_id","municipality":"南相馬市","area_ha":0.060424,"source_land_type":100,"declaration_source":"synthetic_demo","is_synthetic_declaration":true,"baseline_year":2024,"target_year":2025,"baseline_status":"insufficient_observation","status":"insufficient_observation","baseline_confidence":null,"confidence":null,"reason_codes":["INSUFFICIENT_OPTICAL_OBSERVATIONS"],"baseline_subtype":"not_evaluated","cultivation_subtype":"not_evaluated","subtype_confidence":null,"subtype_reason_codes":[],"change_type":"change_uncertain","change_confidence":null,"change_reason_codes":["OBSERVATION_LIMITS_YEAR_COMPARISON"],"reference_label":null,"evidence_strength":null,"evidence_sources":[],"evidence_dates":[],"review_status":"not_reviewed","polygon_vintage":2026,"valid_s2_count":0,"valid_s1_count":0,"observation_quality":0.0,"quality_flags":["BOUNDARY_VINTAGE_DIFFERENCE","SMALL_FIELD_WARNING","SMALL_FIELD_MIXED_PIXEL","HARVEST_WINDOW_INCOMPLETE"],"ndvi_max":null,"ndvi_amplitude":null,"ndvi_may":null,"ndvi_aug":null,"vh_may_db":null,"vh_aug_db":null,"centroid_lat":37.6109531,"centroid_lon":141.018624,"declaration_match":"match","declared_crop":"other_crop","declared_status":"planned_fallow","priority_components":{"declaration":0,"status":20,"change":9,"evidence_uncertainty":10.0,"area":3.5036},"priority_score":42.5,"auto_candidate":true}},{"type":"Feature","geometry":{"type":"Polygon","coordinates":[[[141.016287325,37.609971595],[141.016936918,37.609897832],[141.017020199,37.609847863],[141.017084445,37.609752684],[141.017084445,37.609621814],[141.017127275,37.609557569],[141.017360462,37.609379109],[141.017355703,37.609322002],[141.017151069,37.609250618],[141.017101101,37.609250618],[141.017032096,37.609336279],[141.01697023,37.609355314],[141.016698972,37.609326761],[141.016599035,37.60955043],[141.016520513,37.609738407],[141.016474827,37.609872133],[141.016282566,37.609888313],[141.016287325,37.609971595]]]},"properties":{"field_id":"maff-2026-da745df5-17e0-4422-a9fb-2a07903f3a11","source_polygon_id":"da745df5-17e0-4422-a9fb-2a07903f3a11","field_id_method":"source_id","municipality":"南相馬市","area_ha":0.355252,"source_land_type":100,"declaration_source":"synthetic_demo","is_synthetic_declaration":true,"baseline_year":2024,"target_year":2025,"baseline_status":"review_required","status":"cultivation_signal","baseline_confidence":0.8811,"confidence":0.8935,"reason_codes":["NO_SAR_FLOOD_SIGNAL","NDVI_GROWTH_RISE","NDVI_PEAK_REACHED"],"baseline_subtype":"mixed_or_unknown","cultivation_subtype":"upland_crop_signal","subtype_confidence":0.8935,"subtype_reason_codes":["NO_SAR_FLOOD_SIGNAL","NDVI_GROWTH_RISE","NDVI_PEAK_REACHED"],"change_type":"change_uncertain","change_confidence":0.8811,"change_reason_codes":["YEAR_STATUS_COMPARISON","BOUNDARY_VINTAGE_DIFFERENCE"],"reference_label":null,"evidence_strength":null,"evidence_sources":[],"evidence_dates":[],"review_status":"not_reviewed","polygon_vintage":2026,"valid_s2_count":40,"valid_s1_count":29,"observation_quality":0.9986,"quality_flags":["BOUNDARY_VINTAGE_DIFFERENCE"],"ndvi_max":0.5914956331253052,"ndvi_amplitude":0.47170983254909515,"ndvi_may":0.2861604392528534,"ndvi_aug":0.5597398281097412,"vh_may_db":-17.518112182617188,"vh_aug_db":-15.456951141357422,"centroid_lat":37.6096155,"centroid_lon":141.0168524,"declaration_match":"unavailable","declared_crop":"not_declared","declared_status":"not_submitted","priority_components":{"declaration":0,"status":0,"change":9,"evidence_uncertainty":0,"area":5.8759},"priority_score":14.88,"auto_candidate":true}},{"type":"Feature","geometry":{"type":"Polygon","coordinates":[[[141.017592628,37.61531864],[141.018417112,37.615161596],[141.018442096,37.615115197],[141.01846708,37.614462034],[141.018081608,37.61439422],[141.017546229,37.61527581],[141.017592628,37.61531864]]]},"properties":{"field_id":"maff-2026-da94c24c-6e3a-4fbc-a838-d2b817d0be58","source_polygon_id":"da94c24c-6e3a-4fbc-a838-d2b817d0be58","field_id_method":"source_id","municipality":"南相馬市","area_ha":0.507889,"source_land_type":100,"declaration_source":"synthetic_demo","is_synthetic_declaration":true,"baseline_year":2024,"target_year":2025,"baseline_status":"cultivation_signal","status":"review_required","baseline_confidence":0.9547,"confidence":0.8451,"reason_codes":["NO_SAR_FLOOD_SIGNAL","NDVI_GROWTH_RISE","NDVI_PEAK_REACHED","NDVI_HARVEST_DROP","NEAR_THRESHOLD"],"baseline_subtype":"upland_crop_signal","cultivation_subtype":"mixed_or_unknown","subtype_confidence":null,"subtype_reason_codes":["NO_SAR_FLOOD_SIGNAL","NDVI_GROWTH_RISE","NDVI_PEAK_REACHED"],"change_type":"change_uncertain","change_confidence":0.8451,"change_reason_codes":["YEAR_STATUS_COMPARISON","BOUNDARY_VINTAGE_DIFFERENCE"],"reference_label":null,"evidence_strength":null,"evidence_sources":[],"evidence_dates":[],"review_status":"not_reviewed","polygon_vintage":2026,"valid_s2_count":41,"valid_s1_count":29,"observation_quality":0.9611,"quality_flags":["BOUNDARY_VINTAGE_DIFFERENCE"],"ndvi_max":0.5501113533973694,"ndvi_amplitude":0.5017866119742393,"ndvi_may":0.07341755181550975,"ndvi_aug":0.5263702273368835,"vh_may_db":-20.841768264770508,"vh_aug_db":-15.630167961120605,"centroid_lat":37.6148847,"centroid_lon":141.0180953,"declaration_match":"unavailable","declared_crop":"not_declared","declared_status":"not_submitted","priority_components":{"declaration":0,"status":23,"change":9,"evidence_uncertainty":1.549,"area":6.6058},"priority_score":40.15,"auto_candidate":true}},{"type":"Feature","geometry":{"type":"Polygon","coordinates":[[[141.017774376,37.610516589],[141.017835958,37.610517854],[141.017857922,37.610559074],[141.017973835,37.610552259],[141.017963081,37.610471371],[141.017839976,37.610472607],[141.017837071,37.61043873],[141.017756579,37.610439539],[141.017774376,37.610516589]]]},"properties":{"field_id":"maff-2026-db9f3bb6-8111-499b-83f9-5b5f15804156","source_polygon_id":"db9f3bb6-8111-499b-83f9-5b5f15804156","field_id_method":"source_id","municipality":"南相馬市","area_ha":0.015977,"source_land_type":200,"declaration_source":"synthetic_demo","is_synthetic_declaration":true,"baseline_year":2024,"target_year":2025,"baseline_status":"insufficient_observation","status":"insufficient_observation","baseline_confidence":null,"confidence":null,"reason_codes":["INSUFFICIENT_OPTICAL_OBSERVATIONS"],"baseline_subtype":"not_evaluated","cultivation_subtype":"not_evaluated","subtype_confidence":null,"subtype_reason_codes":[],"change_type":"change_uncertain","change_confidence":null,"change_reason_codes":["OBSERVATION_LIMITS_YEAR_COMPARISON"],"reference_label":null,"evidence_strength":null,"evidence_sources":[],"evidence_dates":[],"review_status":"not_reviewed","polygon_vintage":2026,"valid_s2_count":0,"valid_s1_count":0,"observation_quality":0.0,"quality_flags":["BOUNDARY_VINTAGE_DIFFERENCE","SMALL_FIELD_SEVERE","SMALL_FIELD_MIXED_PIXEL","HARVEST_WINDOW_INCOMPLETE"],"ndvi_max":null,"ndvi_amplitude":null,"ndvi_may":null,"ndvi_aug":null,"vh_may_db":null,"vh_aug_db":null,"centroid_lat":37.6105007,"centroid_lon":141.0178688,"declaration_match":"match","declared_crop":"unknown","declared_status":"unknown","priority_components":{"declaration":0,"status":20,"change":9,"evidence_uncertainty":10.0,"area":1.3504},"priority_score":40.35,"auto_candidate":true}},{"type":"Feature","geometry":{"type":"Polygon","coordinates":[[[141.012146632,37.614963324],[141.012240442,37.614905878],[141.012339076,37.614854033],[141.01224256,37.614740097],[141.012196506,37.614672745],[141.012004212,37.614791452],[141.012079181,37.614890535],[141.012146632,37.614963324]]]},"properties":{"field_id":"maff-2026-dbe09d14-6d06-4e35-b663-7f2cc9c14ae5","source_polygon_id":"dbe09d14-6d06-4e35-b663-7f2cc9c14ae5","field_id_method":"source_id","municipality":"南相馬市","area_ha":0.048759,"source_land_type":200,"declaration_source":"synthetic_demo","is_synthetic_declaration":true,"baseline_year":2024,"target_year":2025,"baseline_status":"review_required","status":"review_required","baseline_confidence":0.79,"confidence":0.79,"reason_codes":["NO_SAR_FLOOD_SIGNAL","NDVI_PEAK_LOW","NDVI_AMPLITUDE_LOW","SMALL_FIELD_SEVERE"],"baseline_subtype":"mixed_or_unknown","cultivation_subtype":"mixed_or_unknown","subtype_confidence":null,"subtype_reason_codes":["NO_SAR_FLOOD_SIGNAL"],"change_type":"change_uncertain","change_confidence":0.79,"change_reason_codes":["YEAR_STATUS_COMPARISON","BOUNDARY_VINTAGE_DIFFERENCE"],"reference_label":null,"evidence_strength":null,"evidence_sources":[],"evidence_dates":[],"review_status":"not_reviewed","polygon_vintage":2026,"valid_s2_count":42,"valid_s1_count":29,"observation_quality":1.0,"quality_flags":["BOUNDARY_VINTAGE_DIFFERENCE","SMALL_FIELD_SEVERE","SMALL_FIELD_MIXED_PIXEL"],"ndvi_max":0.3525510430335998,"ndvi_amplitude":0.18884122371673578,"ndvi_may":0.24025587737560267,"ndvi_aug":0.2444101572036743,"vh_may_db":-17.127235412597656,"vh_aug_db":-15.727159976959229,"centroid_lat":37.6148205,"centroid_lon":141.012169,"declaration_match":"unavailable","declared_crop":"not_declared","declared_status":"not_submitted","priority_components":{"declaration":0,"status":23,"change":9,"evidence_uncertainty":2.1,"area":3.1387},"priority_score":37.24,"auto_candidate":true}},{"type":"Feature","geometry":{"type":"Polygon","coordinates":[[[141.017468629,37.618536011],[141.018391859,37.618526493],[141.018382342,37.617320106],[141.018332373,37.617327245],[141.018329993,37.617298691],[141.018108704,37.617403387],[141.017516218,37.617608021],[141.017516218,37.617662749],[141.017468629,37.617674646],[141.017468629,37.618536011]]]},"properties":{"field_id":"maff-2026-dc82b883-47ff-4684-9759-640567ff349b","source_polygon_id":"dc82b883-47ff-4684-9759-640567ff349b","field_id_method":"source_id","municipality":"南相馬市","area_ha":0.958405,"source_land_type":100,"declaration_source":"synthetic_demo","is_synthetic_declaration":true,"baseline_year":2024,"target_year":2025,"baseline_status":"insufficient_observation","status":"review_required","baseline_confidence":null,"confidence":0.6139,"reason_codes":["SIGNAL_CONFLICT","NDVI_HARVEST_DROP","NEAR_THRESHOLD"],"baseline_subtype":"not_evaluated","cultivation_subtype":"mixed_or_unknown","subtype_confidence":null,"subtype_reason_codes":[],"change_type":"change_uncertain","change_confidence":null,"change_reason_codes":["OBSERVATION_LIMITS_YEAR_COMPARISON"],"reference_label":null,"evidence_strength":null,"evidence_sources":[],"evidence_dates":[],"review_status":"not_reviewed","polygon_vintage":2026,"valid_s2_count":36,"valid_s1_count":29,"observation_quality":1.0,"quality_flags":["BOUNDARY_VINTAGE_DIFFERENCE"],"ndvi_max":0.4679646790027618,"ndvi_amplitude":0.45246476400643587,"ndvi_may":0.0538238189183175,"ndvi_aug":0.4521425664424896,"vh_may_db":-21.151020050048828,"vh_aug_db":-15.39975881576538,"centroid_lat":37.6179949,"centroid_lon":141.017952,"declaration_match":"not_comparable","declared_crop":"unknown","declared_status":"unknown","priority_components":{"declaration":20,"status":23,"change":9,"evidence_uncertainty":3.861,"area":9.2336},"priority_score":65.09,"auto_candidate":true}},{"type":"Feature","geometry":{"type":"Polygon","coordinates":[[[141.013342663,37.617672684],[141.013849488,37.617533485],[141.014252806,37.617404995],[141.014413421,37.617315765],[141.013845919,37.616573373],[141.013770966,37.616573373],[141.013242726,37.6168482],[141.012839407,37.616965983],[141.012796576,37.617001676],[141.013342663,37.617672684]]]},"properties":{"field_id":"maff-2026-dcd1fe9f-b468-4bc2-a0d9-05301c0bec13","source_polygon_id":"dcd1fe9f-b468-4bc2-a0d9-05301c0bec13","field_id_method":"source_id","municipality":"南相馬市","area_ha":0.970586,"source_land_type":100,"declaration_source":"synthetic_demo","is_synthetic_declaration":true,"baseline_year":2024,"target_year":2025,"baseline_status":"cultivation_signal","status":"review_required","baseline_confidence":0.9996,"confidence":0.8711,"reason_codes":["NO_SAR_FLOOD_SIGNAL","NDVI_GROWTH_RISE","NDVI_PEAK_REACHED","NDVI_HARVEST_DROP","NEAR_THRESHOLD"],"baseline_subtype":"upland_crop_signal","cultivation_subtype":"mixed_or_unknown","subtype_confidence":null,"subtype_reason_codes":["NO_SAR_FLOOD_SIGNAL","NDVI_GROWTH_RISE","NDVI_PEAK_REACHED"],"change_type":"change_uncertain","change_confidence":0.8711,"change_reason_codes":["YEAR_STATUS_COMPARISON","BOUNDARY_VINTAGE_DIFFERENCE"],"reference_label":null,"evidence_strength":null,"evidence_sources":[],"evidence_dates":[],"review_status":"not_reviewed","polygon_vintage":2026,"valid_s2_count":39,"valid_s1_count":29,"observation_quality":0.9986,"quality_flags":["BOUNDARY_VINTAGE_DIFFERENCE"],"ndvi_max":0.5498250722885132,"ndvi_amplitude":0.505576752126217,"ndvi_may":0.09055121988058085,"ndvi_aug":0.521234393119812,"vh_may_db":-20.73812866210937,"vh_aug_db":-15.396499633789062,"centroid_lat":37.6171438,"centroid_lon":141.0136165,"declaration_match":"mismatch","declared_crop":"paddy_rice","declared_status":"planned_cultivation","priority_components":{"declaration":40,"status":23,"change":9,"evidence_uncertainty":1.289,"area":9.3066},"priority_score":82.6,"auto_candidate":true}},{"type":"Feature","geometry":{"type":"Polygon","coordinates":[[[141.00897577,37.614269306],[141.009585901,37.613962844],[141.009780153,37.613852198],[141.009367846,37.613361394],[141.008879285,37.613280438],[141.008397722,37.613529832],[141.008375476,37.613601573],[141.008916216,37.614255596],[141.00897577,37.614269306]]]},"properties":{"field_id":"maff-2026-dcdcf9a5-a7e3-4a62-a63f-b74fa4193a94","source_polygon_id":"dcdcf9a5-a7e3-4a62-a63f-b74fa4193a94","field_id_method":"source_id","municipality":"南相馬市","area_ha":0.802798,"source_land_type":100,"declaration_source":"synthetic_demo","is_synthetic_declaration":true,"baseline_year":2024,"target_year":2025,"baseline_status":"cultivation_signal","status":"cultivation_signal","baseline_confidence":1.0,"confidence":0.9635,"reason_codes":["NO_SAR_FLOOD_SIGNAL","NDVI_GROWTH_RISE","NDVI_PEAK_REACHED","NDVI_HARVEST_DROP"],"baseline_subtype":"upland_crop_signal","cultivation_subtype":"upland_crop_signal","subtype_confidence":0.9635,"subtype_reason_codes":["NO_SAR_FLOOD_SIGNAL","NDVI_GROWTH_RISE","NDVI_PEAK_REACHED"],"change_type":"stable","change_confidence":0.9635,"change_reason_codes":["YEAR_STATUS_COMPARISON","BOUNDARY_VINTAGE_DIFFERENCE"],"reference_label":null,"evidence_strength":null,"evidence_sources":[],"evidence_dates":[],"review_status":"not_reviewed","polygon_vintage":2026,"valid_s2_count":39,"valid_s1_count":29,"observation_quality":1.0,"quality_flags":["BOUNDARY_VINTAGE_DIFFERENCE"],"ndvi_max":0.592903196811676,"ndvi_amplitude":0.6586191207170486,"ndvi_may":0.01822527311742305,"ndvi_aug":0.5707706212997437,"vh_may_db":-21.886369705200195,"vh_aug_db":-14.136559963226318,"centroid_lat":37.6137355,"centroid_lon":141.0090578,"declaration_match":"mismatch","declared_crop":"paddy_rice","declared_status":"planned_cultivation","priority_components":{"declaration":40,"status":0,"change":0,"evidence_uncertainty":0,"area":8.3212},"priority_score":48.32,"auto_candidate":true}},{"type":"Feature","geometry":{"type":"Polygon","coordinates":[[[141.018002155,37.610546324],[141.018293405,37.610547167],[141.018295264,37.610515127],[141.018006321,37.610510493],[141.018002155,37.610546324]]]},"properties":{"field_id":"maff-2026-dd8d19b4-af78-471e-84f2-e914862dd8ea","source_polygon_id":"dd8d19b4-af78-471e-84f2-e914862dd8ea","field_id_method":"source_id","municipality":"南相馬市","area_ha":0.009648,"source_land_type":200,"declaration_source":"synthetic_demo","is_synthetic_declaration":true,"baseline_year":2024,"target_year":2025,"baseline_status":"insufficient_observation","status":"insufficient_observation","baseline_confidence":null,"confidence":null,"reason_codes":["INSUFFICIENT_OPTICAL_OBSERVATIONS"],"baseline_subtype":"not_evaluated","cultivation_subtype":"not_evaluated","subtype_confidence":null,"subtype_reason_codes":[],"change_type":"change_uncertain","change_confidence":null,"change_reason_codes":["OBSERVATION_LIMITS_YEAR_COMPARISON"],"reference_label":null,"evidence_strength":null,"evidence_sources":[],"evidence_dates":[],"review_status":"not_reviewed","polygon_vintage":2026,"valid_s2_count":0,"valid_s1_count":0,"observation_quality":0.0,"quality_flags":["BOUNDARY_VINTAGE_DIFFERENCE","SMALL_FIELD_SEVERE","SMALL_FIELD_MIXED_PIXEL","HARVEST_WINDOW_INCOMPLETE"],"ndvi_max":null,"ndvi_amplitude":null,"ndvi_may":null,"ndvi_aug":null,"vh_may_db":null,"vh_aug_db":null,"centroid_lat":37.6105298,"centroid_lon":141.0181466,"declaration_match":"mismatch","declared_crop":"paddy_rice","declared_status":"planned_cultivation","priority_components":{"declaration":40,"status":20,"change":9,"evidence_uncertainty":10.0,"area":0.438},"priority_score":79.44,"auto_candidate":true}},{"type":"Feature","geometry":{"type":"Polygon","coordinates":[[[141.018460528,37.621102695],[141.019387504,37.621098571],[141.019393214,37.619954525],[141.019377985,37.619927875],[141.018443333,37.619924069],[141.018460528,37.621102695]]]},"properties":{"field_id":"maff-2026-ddb7feba-70e6-40b1-a0ad-dfb3e9d23945","source_polygon_id":"ddb7feba-70e6-40b1-a0ad-dfb3e9d23945","field_id_method":"source_id","municipality":"南相馬市","area_ha":1.079106,"source_land_type":100,"declaration_source":"synthetic_demo","is_synthetic_declaration":true,"baseline_year":2024,"target_year":2025,"baseline_status":"insufficient_observation","status":"insufficient_observation","baseline_confidence":null,"confidence":null,"reason_codes":["INSUFFICIENT_OPTICAL_OBSERVATIONS"],"baseline_subtype":"not_evaluated","cultivation_subtype":"not_evaluated","subtype_confidence":null,"subtype_reason_codes":[],"change_type":"change_uncertain","change_confidence":null,"change_reason_codes":["OBSERVATION_LIMITS_YEAR_COMPARISON"],"reference_label":null,"evidence_strength":null,"evidence_sources":[],"evidence_dates":[],"review_status":"not_reviewed","polygon_vintage":2026,"valid_s2_count":0,"valid_s1_count":0,"observation_quality":0.0,"quality_flags":["BOUNDARY_VINTAGE_DIFFERENCE","HARVEST_WINDOW_INCOMPLETE"],"ndvi_max":null,"ndvi_amplitude":null,"ndvi_may":null,"ndvi_aug":null,"vh_may_db":null,"vh_aug_db":null,"centroid_lat":37.620511,"centroid_lon":141.0189205,"declaration_match":"match","declared_crop":"upland_crop","declared_status":"planned_cultivation","priority_components":{"declaration":0,"status":20,"change":9,"evidence_uncertainty":10.0,"area":9.708},"priority_score":48.71,"auto_candidate":true}},{"type":"Feature","geometry":{"type":"Polygon","coordinates":[[[141.016001299,37.609760916],[141.016085481,37.609694144],[141.016167533,37.609642464],[141.016242603,37.609598387],[141.016267988,37.609556693],[141.016290945,37.609511256],[141.016306801,37.609465889],[141.016322657,37.609420524],[141.016307975,37.609390532],[141.016298327,37.609379328],[141.016116099,37.609384922],[141.015922333,37.609409467],[141.015610794,37.609472865],[141.01569958,37.609547321],[141.01585294,37.609662569],[141.015943826,37.609720051],[141.016001299,37.609760916]]]},"properties":{"field_id":"maff-2026-df14c5ba-1fe4-4ee0-aa84-85dcfb78e21b","source_polygon_id":"df14c5ba-1fe4-4ee0-aa84-85dcfb78e21b","field_id_method":"source_id","municipality":"南相馬市","area_ha":0.150892,"source_land_type":200,"declaration_source":"synthetic_demo","is_synthetic_declaration":true,"baseline_year":2024,"target_year":2025,"baseline_status":"review_required","status":"review_required","baseline_confidence":0.8,"confidence":0.7797,"reason_codes":["SIGNAL_CONFLICT"],"baseline_subtype":"mixed_or_unknown","cultivation_subtype":"mixed_or_unknown","subtype_confidence":null,"subtype_reason_codes":[],"change_type":"change_uncertain","change_confidence":0.7797,"change_reason_codes":["YEAR_STATUS_COMPARISON","BOUNDARY_VINTAGE_DIFFERENCE"],"reference_label":null,"evidence_strength":null,"evidence_sources":[],"evidence_dates":[],"review_status":"not_reviewed","polygon_vintage":2026,"valid_s2_count":42,"valid_s1_count":29,"observation_quality":1.0,"quality_flags":["BOUNDARY_VINTAGE_DIFFERENCE"],"ndvi_max":0.6340835094451904,"ndvi_amplitude":0.35167610645294195,"ndvi_may":0.48458802700042725,"ndvi_aug":0.5941885709762573,"vh_may_db":-13.885635375976562,"vh_aug_db":-14.112389087677002,"centroid_lat":37.6095345,"centroid_lon":141.016006,"declaration_match":"match","declared_crop":"unknown","declared_status":"unknown","priority_components":{"declaration":0,"status":23,"change":9,"evidence_uncertainty":2.203,"area":4.8905},"priority_score":39.09,"auto_candidate":true}},{"type":"Feature","geometry":{"type":"Polygon","coordinates":[[[141.007258871,37.609859636],[141.007331669,37.609821238],[141.007385615,37.60978868],[141.007341699,37.609706237],[141.007289854,37.609721822],[141.007212144,37.609748966],[141.007241738,37.609824017],[141.007258871,37.609859636]]]},"properties":{"field_id":"maff-2026-e10496df-83d2-4430-af9c-a61e9b3197db","source_polygon_id":"e10496df-83d2-4430-af9c-a61e9b3197db","field_id_method":"source_id","municipality":"南相馬市","area_ha":0.014995,"source_land_type":200,"declaration_source":"synthetic_demo","is_synthetic_declaration":true,"baseline_year":2024,"target_year":2025,"baseline_status":"insufficient_observation","status":"insufficient_observation","baseline_confidence":null,"confidence":null,"reason_codes":["INSUFFICIENT_OPTICAL_OBSERVATIONS"],"baseline_subtype":"not_evaluated","cultivation_subtype":"not_evaluated","subtype_confidence":null,"subtype_reason_codes":[],"change_type":"change_uncertain","change_confidence":null,"change_reason_codes":["OBSERVATION_LIMITS_YEAR_COMPARISON"],"reference_label":null,"evidence_strength":null,"evidence_sources":[],"evidence_dates":[],"review_status":"not_reviewed","polygon_vintage":2026,"valid_s2_count":0,"valid_s1_count":0,"observation_quality":0.0,"quality_flags":["BOUNDARY_VINTAGE_DIFFERENCE","SMALL_FIELD_SEVERE","SMALL_FIELD_MIXED_PIXEL","HARVEST_WINDOW_INCOMPLETE"],"ndvi_max":null,"ndvi_amplitude":null,"ndvi_may":null,"ndvi_aug":null,"vh_may_db":null,"vh_aug_db":null,"centroid_lat":37.609778,"centroid_lon":141.0072969,"declaration_match":"match","declared_crop":"unknown","declared_status":"unknown","priority_components":{"declaration":0,"status":20,"change":9,"evidence_uncertainty":10.0,"area":1.1314},"priority_score":40.13,"auto_candidate":true}},{"type":"Feature","geometry":{"type":"Polygon","coordinates":[[[141.013950911,37.614421078],[141.014082957,37.614385852],[141.014163155,37.614366213],[141.014169929,37.614345426],[141.014116534,37.61426308],[141.013958862,37.614324934],[141.01393066,37.614338402],[141.013933445,37.614364745],[141.013943422,37.614396666],[141.013950911,37.614421078]]]},"properties":{"field_id":"maff-2026-e1e88e1f-7d52-4986-858d-fbbbf696abe4","source_polygon_id":"e1e88e1f-7d52-4986-858d-fbbbf696abe4","field_id_method":"source_id","municipality":"南相馬市","area_ha":0.021274,"source_land_type":200,"declaration_source":"synthetic_demo","is_synthetic_declaration":true,"baseline_year":2024,"target_year":2025,"baseline_status":"insufficient_observation","status":"insufficient_observation","baseline_confidence":null,"confidence":null,"reason_codes":["INSUFFICIENT_OPTICAL_OBSERVATIONS"],"baseline_subtype":"not_evaluated","cultivation_subtype":"not_evaluated","subtype_confidence":null,"subtype_reason_codes":[],"change_type":"change_uncertain","change_confidence":null,"change_reason_codes":["OBSERVATION_LIMITS_YEAR_COMPARISON"],"reference_label":null,"evidence_strength":null,"evidence_sources":[],"evidence_dates":[],"review_status":"not_reviewed","polygon_vintage":2026,"valid_s2_count":0,"valid_s1_count":0,"observation_quality":0.0,"quality_flags":["BOUNDARY_VINTAGE_DIFFERENCE","SMALL_FIELD_SEVERE","SMALL_FIELD_MIXED_PIXEL","HARVEST_WINDOW_INCOMPLETE"],"ndvi_max":null,"ndvi_amplitude":null,"ndvi_may":null,"ndvi_aug":null,"vh_may_db":null,"vh_aug_db":null,"centroid_lat":37.6143451,"centroid_lon":141.014048,"declaration_match":"match","declared_crop":"unknown","declared_status":"unknown","priority_components":{"declaration":0,"status":20,"change":9,"evidence_uncertainty":10.0,"area":1.7883},"priority_score":40.79,"auto_candidate":true}},{"type":"Feature","geometry":{"type":"Polygon","coordinates":[[[141.01541736,37.616605133],[141.015652927,37.616498057],[141.016356057,37.616141138],[141.016398888,37.61613043],[141.016752238,37.616237506],[141.016770084,37.616148276],[141.016934266,37.61577708],[141.01691999,37.615741388],[141.016884298,37.615741388],[141.016352488,37.615816341],[141.014999765,37.616026924],[141.014981919,37.616066185],[141.01541736,37.616605133]]]},"properties":{"field_id":"maff-2026-e21a7e89-8869-49ec-b6dc-7678d6d53db4","source_polygon_id":"e21a7e89-8869-49ec-b6dc-7678d6d53db4","field_id_method":"source_id","municipality":"南相馬市","area_ha":0.787604,"source_land_type":100,"declaration_source":"synthetic_demo","is_synthetic_declaration":true,"baseline_year":2024,"target_year":2025,"baseline_status":"cultivation_signal","status":"review_required","baseline_confidence":0.9767,"confidence":0.916,"reason_codes":["NO_SAR_FLOOD_SIGNAL","NDVI_GROWTH_RISE","NDVI_PEAK_REACHED","NDVI_HARVEST_DROP","NEAR_THRESHOLD"],"baseline_subtype":"upland_crop_signal","cultivation_subtype":"mixed_or_unknown","subtype_confidence":null,"subtype_reason_codes":["NO_SAR_FLOOD_SIGNAL","NDVI_GROWTH_RISE","NDVI_PEAK_REACHED"],"change_type":"change_uncertain","change_confidence":0.916,"change_reason_codes":["YEAR_STATUS_COMPARISON","BOUNDARY_VINTAGE_DIFFERENCE"],"reference_label":null,"evidence_strength":null,"evidence_sources":[],"evidence_dates":[],"review_status":"not_reviewed","polygon_vintage":2026,"valid_s2_count":42,"valid_s1_count":29,"observation_quality":1.0,"quality_flags":["BOUNDARY_VINTAGE_DIFFERENCE"],"ndvi_max":0.5740921497344971,"ndvi_amplitude":0.48218765854835516,"ndvi_may":0.10751638188958165,"ndvi_aug":0.5485138893127441,"vh_may_db":-20.766639709472656,"vh_aug_db":-14.374743461608887,"centroid_lat":37.6161143,"centroid_lon":141.015924,"declaration_match":"unavailable","declared_crop":"not_declared","declared_status":"not_submitted","priority_components":{"declaration":0,"status":23,"change":9,"evidence_uncertainty":0.84,"area":8.1387},"priority_score":40.98,"auto_candidate":true}},{"type":"Feature","geometry":{"type":"Polygon","coordinates":[[[141.016707157,37.615471809],[141.016965778,37.615429659],[141.017011541,37.615403771],[141.017069899,37.61527604],[141.016613611,37.614724004],[141.016258288,37.614267018],[141.016138534,37.614106462],[141.015743968,37.614311024],[141.015859756,37.614445485],[141.016095513,37.614753921],[141.016461581,37.61521645],[141.016635592,37.615438622],[141.016674702,37.615441055],[141.016707157,37.615471809]]]},"properties":{"field_id":"maff-2026-e24f9d72-d368-4d31-a7c3-aac88c6bda1f","source_polygon_id":"e24f9d72-d368-4d31-a7c3-aac88c6bda1f","field_id_method":"source_id","municipality":"南相馬市","area_ha":0.647739,"source_land_type":100,"declaration_source":"synthetic_demo","is_synthetic_declaration":true,"baseline_year":2024,"target_year":2025,"baseline_status":"cultivation_signal","status":"review_required","baseline_confidence":0.9738,"confidence":0.9046,"reason_codes":["NO_SAR_FLOOD_SIGNAL","NDVI_GROWTH_RISE","NDVI_PEAK_REACHED","NDVI_HARVEST_DROP","NEAR_THRESHOLD"],"baseline_subtype":"upland_crop_signal","cultivation_subtype":"mixed_or_unknown","subtype_confidence":null,"subtype_reason_codes":["NO_SAR_FLOOD_SIGNAL","NDVI_GROWTH_RISE","NDVI_PEAK_REACHED"],"change_type":"change_uncertain","change_confidence":0.9046,"change_reason_codes":["YEAR_STATUS_COMPARISON","BOUNDARY_VINTAGE_DIFFERENCE"],"reference_label":null,"evidence_strength":null,"evidence_sources":[],"evidence_dates":[],"review_status":"not_reviewed","polygon_vintage":2026,"valid_s2_count":40,"valid_s1_count":29,"observation_quality":1.0,"quality_flags":["BOUNDARY_VINTAGE_DIFFERENCE"],"ndvi_max":0.5538353323936462,"ndvi_amplitude":0.5579318278469144,"ndvi_may":0.01106624724343415,"ndvi_aug":0.5339547395706177,"vh_may_db":-20.665271759033203,"vh_aug_db":-14.935415267944336,"centroid_lat":37.6148157,"centroid_lon":141.0164215,"declaration_match":"match","declared_crop":"unknown","declared_status":"unknown","priority_components":{"declaration":0,"status":23,"change":9,"evidence_uncertainty":0.954,"area":7.3723},"priority_score":40.33,"auto_candidate":true}},{"type":"Feature","geometry":{"type":"Polygon","coordinates":[[[141.01357662,37.613961449],[141.013642732,37.613949486],[141.013795519,37.613878263],[141.013858995,37.613849374],[141.013841738,37.613806223],[141.013696829,37.613626844],[141.013418043,37.61327518],[141.013388662,37.613270176],[141.013352772,37.613274774],[141.01316371,37.613363547],[141.013154689,37.613382709],[141.013160618,37.613420793],[141.013257621,37.613554008],[141.013409899,37.613750266],[141.01357662,37.613961449]]]},"properties":{"field_id":"maff-2026-e3310d24-b4b5-4e35-8203-b54685b2047a","source_polygon_id":"e3310d24-b4b5-4e35-8203-b54685b2047a","field_id_method":"source_id","municipality":"南相馬市","area_ha":0.219265,"source_land_type":100,"declaration_source":"synthetic_demo","is_synthetic_declaration":true,"baseline_year":2024,"target_year":2025,"baseline_status":"review_required","status":"insufficient_observation","baseline_confidence":0.8402,"confidence":null,"reason_codes":["INSUFFICIENT_OPTICAL_OBSERVATIONS","NDVI_HARVEST_DROP"],"baseline_subtype":"mixed_or_unknown","cultivation_subtype":"not_evaluated","subtype_confidence":null,"subtype_reason_codes":[],"change_type":"change_uncertain","change_confidence":null,"change_reason_codes":["OBSERVATION_LIMITS_YEAR_COMPARISON"],"reference_label":null,"evidence_strength":null,"evidence_sources":[],"evidence_dates":[],"review_status":"not_reviewed","polygon_vintage":2026,"valid_s2_count":37,"valid_s1_count":29,"observation_quality":0.9511,"quality_flags":["BOUNDARY_VINTAGE_DIFFERENCE"],"ndvi_max":0.6087484955787659,"ndvi_amplitude":0.5803131405264139,"ndvi_may":null,"ndvi_aug":0.5635987520217896,"vh_may_db":-20.12439727783203,"vh_aug_db":-13.978918075561523,"centroid_lat":37.6136159,"centroid_lon":141.0134978,"declaration_match":"match","declared_crop":"other_crop","declared_status":"planned_fallow","priority_components":{"declaration":0,"status":20,"change":9,"evidence_uncertainty":0.489,"area":5.365},"priority_score":34.85,"auto_candidate":true}},{"type":"Feature","geometry":{"type":"Polygon","coordinates":[[[141.007772673,37.609813743],[141.007886335,37.609663804],[141.007776488,37.609604621],[141.007618819,37.609515776],[141.007592719,37.609512268],[141.007550698,37.609550359],[141.007553391,37.609571052],[141.007592987,37.609679909],[141.007619709,37.609722967],[141.007691501,37.609771227],[141.007772673,37.609813743]]]},"properties":{"field_id":"maff-2026-e348a341-35d0-40fb-8f25-49fbe28af898","source_polygon_id":"e348a341-35d0-40fb-8f25-49fbe28af898","field_id_method":"source_id","municipality":"南相馬市","area_ha":0.052113,"source_land_type":100,"declaration_source":"synthetic_demo","is_synthetic_declaration":true,"baseline_year":2024,"target_year":2025,"baseline_status":"fallow_candidate","status":"review_required","baseline_confidence":0.79,"confidence":0.79,"reason_codes":["NO_SAR_FLOOD_SIGNAL","NDVI_PEAK_LOW","NDVI_AMPLITUDE_LOW","NEAR_THRESHOLD"],"baseline_subtype":"mixed_or_unknown","cultivation_subtype":"mixed_or_unknown","subtype_confidence":null,"subtype_reason_codes":["NO_SAR_FLOOD_SIGNAL"],"change_type":"change_uncertain","change_confidence":0.79,"change_reason_codes":["YEAR_STATUS_COMPARISON","BOUNDARY_VINTAGE_DIFFERENCE"],"reference_label":null,"evidence_strength":null,"evidence_sources":[],"evidence_dates":[],"review_status":"not_reviewed","polygon_vintage":2026,"valid_s2_count":42,"valid_s1_count":29,"observation_quality":0.9838,"quality_flags":["BOUNDARY_VINTAGE_DIFFERENCE","SMALL_FIELD_WARNING","SMALL_FIELD_MIXED_PIXEL"],"ndvi_max":0.4519413411617279,"ndvi_amplitude":0.3142544776201248,"ndvi_may":0.2218912839889526,"ndvi_aug":0.3745532631874084,"vh_may_db":-16.230262756347656,"vh_aug_db":-13.617111206054688,"centroid_lat":37.6096604,"centroid_lon":141.0077053,"declaration_match":"not_comparable","declared_crop":"unknown","declared_status":"unknown","priority_components":{"declaration":20,"status":23,"change":9,"evidence_uncertainty":2.1,"area":3.3212},"priority_score":57.42,"auto_candidate":true}},{"type":"Feature","geometry":{"type":"Polygon","coordinates":[[[141.010566532,37.609689759],[141.010571534,37.609706662],[141.010815768,37.609879404],[141.010829647,37.609858545],[141.010848645,37.609862123],[141.010895399,37.609823983],[141.010911495,37.609793685],[141.01092984,37.609755829],[141.010938716,37.609718067],[141.010952385,37.609684025],[141.01098026,37.609649842],[141.011008282,37.609625075],[141.011041129,37.609605911],[141.01105986,37.609592538],[141.011078472,37.609571633],[141.01107335,37.609547197],[141.011046805,37.60951544],[141.010980043,37.609485968],[141.010963649,37.609497433],[141.010940362,37.609522153],[141.010919323,37.609539315],[141.010829333,37.60953833],[141.010753784,37.609552269],[141.010683327,37.609588762],[141.010638466,37.609596743],[141.010593901,37.609623559],[141.010577746,37.609650091],[141.010566532,37.609689759]]]},"properties":{"field_id":"maff-2026-e388c5e4-767d-48c5-88b7-2ba2635cd966","source_polygon_id":"e388c5e4-767d-48c5-88b7-2ba2635cd966","field_id_method":"source_id","municipality":"南相馬市","area_ha":0.101957,"source_land_type":100,"declaration_source":"synthetic_demo","is_synthetic_declaration":true,"baseline_year":2024,"target_year":2025,"baseline_status":"fallow_candidate","status":"review_required","baseline_confidence":0.99,"confidence":0.5787,"reason_codes":["SIGNAL_CONFLICT","NEAR_THRESHOLD","LOW_CONFIDENCE"],"baseline_subtype":"mixed_or_unknown","cultivation_subtype":"mixed_or_unknown","subtype_confidence":null,"subtype_reason_codes":[],"change_type":"change_uncertain","change_confidence":0.5787,"change_reason_codes":["YEAR_STATUS_COMPARISON","BOUNDARY_VINTAGE_DIFFERENCE"],"reference_label":null,"evidence_strength":null,"evidence_sources":[],"evidence_dates":[],"review_status":"not_reviewed","polygon_vintage":2026,"valid_s2_count":42,"valid_s1_count":29,"observation_quality":0.9668,"quality_flags":["BOUNDARY_VINTAGE_DIFFERENCE"],"ndvi_max":0.5189832448959351,"ndvi_amplitude":0.33629414439201355,"ndvi_may":0.49410970509052277,"ndvi_aug":0.4243873953819275,"vh_may_db":-15.37135887145996,"vh_aug_db":-14.77341079711914,"centroid_lat":37.60967,"centroid_lon":141.010817,"declaration_match":"match","declared_crop":"paddy_rice","declared_status":"planned_cultivation","priority_components":{"declaration":0,"status":23,"change":9,"evidence_uncertainty":4.213,"area":4.3796},"priority_score":40.59,"auto_candidate":true}},{"type":"Feature","geometry":{"type":"Polygon","coordinates":[[[141.004821243,37.616413766],[141.004932579,37.616577461],[141.00534159,37.617069633],[141.005380914,37.617100142],[141.005767997,37.616931894],[141.005791556,37.616905436],[141.005237701,37.616179057],[141.004821243,37.616413766]]]},"properties":{"field_id":"maff-2026-e768b33c-9912-44ae-ace3-8639a4ec5780","source_polygon_id":"e768b33c-9912-44ae-ace3-8639a4ec5780","field_id_method":"source_id","municipality":"南相馬市","area_ha":0.416944,"source_land_type":100,"declaration_source":"synthetic_demo","is_synthetic_declaration":true,"baseline_year":2024,"target_year":2025,"baseline_status":"cultivation_signal","status":"cultivation_signal","baseline_confidence":1.0,"confidence":0.9896,"reason_codes":["NO_SAR_FLOOD_SIGNAL","NDVI_GROWTH_RISE","NDVI_PEAK_REACHED","NDVI_HARVEST_DROP"],"baseline_subtype":"upland_crop_signal","cultivation_subtype":"upland_crop_signal","subtype_confidence":0.9896,"subtype_reason_codes":["NO_SAR_FLOOD_SIGNAL","NDVI_GROWTH_RISE","NDVI_PEAK_REACHED"],"change_type":"stable","change_confidence":0.9896,"change_reason_codes":["YEAR_STATUS_COMPARISON","BOUNDARY_VINTAGE_DIFFERENCE"],"reference_label":null,"evidence_strength":null,"evidence_sources":[],"evidence_dates":[],"review_status":"not_reviewed","polygon_vintage":2026,"valid_s2_count":41,"valid_s1_count":29,"observation_quality":1.0,"quality_flags":["BOUNDARY_VINTAGE_DIFFERENCE"],"ndvi_max":0.6042149066925049,"ndvi_amplitude":0.5428810417652131,"ndvi_may":0.1397860944271087,"ndvi_aug":0.5746949315071106,"vh_may_db":-19.40283966064453,"vh_aug_db":-14.503659725189209,"centroid_lat":37.6166507,"centroid_lon":141.0053033,"declaration_match":"mismatch","declared_crop":"upland_crop","declared_status":"planned_cultivation","priority_components":{"declaration":40,"status":0,"change":0,"evidence_uncertainty":0,"area":6.2409},"priority_score":46.24,"auto_candidate":true}},{"type":"Feature","geometry":{"type":"Polygon","coordinates":[[[141.014688609,37.615206677],[141.014764013,37.615183318],[141.014856019,37.615161677],[141.014962201,37.61513801],[141.01492846,37.615100675],[141.014896817,37.615046367],[141.014771784,37.615075873],[141.014665691,37.61510519],[141.014639708,37.615109217],[141.01466194,37.615167387],[141.014688609,37.615206677]]]},"properties":{"field_id":"maff-2026-ea39609d-890e-4ebd-a274-42cdce4d6e27","source_polygon_id":"ea39609d-890e-4ebd-a274-42cdce4d6e27","field_id_method":"source_id","municipality":"南相馬市","area_ha":0.027575,"source_land_type":200,"declaration_source":"synthetic_demo","is_synthetic_declaration":true,"baseline_year":2024,"target_year":2025,"baseline_status":"insufficient_observation","status":"review_required","baseline_confidence":null,"confidence":0.79,"reason_codes":["NO_SAR_FLOOD_SIGNAL","NDVI_PEAK_LOW","NDVI_AMPLITUDE_LOW","NEAR_THRESHOLD","SMALL_FIELD_SEVERE"],"baseline_subtype":"not_evaluated","cultivation_subtype":"mixed_or_unknown","subtype_confidence":null,"subtype_reason_codes":["NO_SAR_FLOOD_SIGNAL"],"change_type":"change_uncertain","change_confidence":null,"change_reason_codes":["OBSERVATION_LIMITS_YEAR_COMPARISON"],"reference_label":null,"evidence_strength":null,"evidence_sources":[],"evidence_dates":[],"review_status":"not_reviewed","polygon_vintage":2026,"valid_s2_count":40,"valid_s1_count":29,"observation_quality":1.0,"quality_flags":["BOUNDARY_VINTAGE_DIFFERENCE","SMALL_FIELD_SEVERE","SMALL_FIELD_MIXED_PIXEL"],"ndvi_max":0.4367761313915252,"ndvi_amplitude":0.2171108573675155,"ndvi_may":0.23251320421695704,"ndvi_aug":0.3978201746940613,"vh_may_db":-17.924549102783203,"vh_aug_db":-14.675825119018555,"centroid_lat":37.6151252,"centroid_lon":141.0147938,"declaration_match":"mismatch","declared_crop":"paddy_rice","declared_status":"planned_cultivation","priority_components":{"declaration":40,"status":23,"change":9,"evidence_uncertainty":2.1,"area":2.0438},"priority_score":76.14,"auto_candidate":true}},{"type":"Feature","geometry":{"type":"Polygon","coordinates":[[[141.017303664,37.614770063],[141.017329468,37.614754735],[141.017362584,37.614752519],[141.017456755,37.614568862],[141.017529738,37.614392951],[141.017591092,37.614230343],[141.017433978,37.614028487],[141.01729862,37.613854668],[141.017110245,37.613622516],[141.016612274,37.613876151],[141.016777084,37.614081961],[141.017048971,37.614428883],[141.017165852,37.614576047],[141.017303664,37.614770063]]]},"properties":{"field_id":"maff-2026-eb417d3a-9822-4e6f-b488-40e568596f90","source_polygon_id":"eb417d3a-9822-4e6f-b488-40e568596f90","field_id_method":"source_id","municipality":"南相馬市","area_ha":0.528922,"source_land_type":100,"declaration_source":"synthetic_demo","is_synthetic_declaration":true,"baseline_year":2024,"target_year":2025,"baseline_status":"cultivation_signal","status":"review_required","baseline_confidence":0.9439,"confidence":0.8587,"reason_codes":["NO_SAR_FLOOD_SIGNAL","NDVI_GROWTH_RISE","NDVI_PEAK_REACHED","NDVI_HARVEST_DROP","NEAR_THRESHOLD"],"baseline_subtype":"upland_crop_signal","cultivation_subtype":"mixed_or_unknown","subtype_confidence":null,"subtype_reason_codes":["NO_SAR_FLOOD_SIGNAL","NDVI_GROWTH_RISE","NDVI_PEAK_REACHED"],"change_type":"change_uncertain","change_confidence":0.8587,"change_reason_codes":["YEAR_STATUS_COMPARISON","BOUNDARY_VINTAGE_DIFFERENCE"],"reference_label":null,"evidence_strength":null,"evidence_sources":[],"evidence_dates":[],"review_status":"not_reviewed","polygon_vintage":2026,"valid_s2_count":40,"valid_s1_count":29,"observation_quality":0.9885,"quality_flags":["BOUNDARY_VINTAGE_DIFFERENCE"],"ndvi_max":0.559118926525116,"ndvi_amplitude":0.567617510445416,"ndvi_may":0.02115328819490965,"ndvi_aug":0.5321944952011108,"vh_may_db":-21.008358001708984,"vh_aug_db":-15.219318389892578,"centroid_lat":37.6141485,"centroid_lon":141.0171544,"declaration_match":"not_comparable","declared_crop":"unknown","declared_status":"unknown","priority_components":{"declaration":20,"status":23,"change":9,"evidence_uncertainty":1.413,"area":6.8978},"priority_score":60.31,"auto_candidate":true}},{"type":"Feature","geometry":{"type":"Polygon","coordinates":[[[141.014335146,37.61514137],[141.014415453,37.615150294],[141.015456467,37.614861784],[141.015278007,37.614585171],[141.015200675,37.614552454],[141.014177507,37.614835015],[141.014335146,37.61514137]]]},"properties":{"field_id":"maff-2026-eb602ee3-5678-4c2c-977a-bd7144339146","source_polygon_id":"eb602ee3-5678-4c2c-977a-bd7144339146","field_id_method":"source_id","municipality":"南相馬市","area_ha":0.403591,"source_land_type":100,"declaration_source":"synthetic_demo","is_synthetic_declaration":true,"baseline_year":2024,"target_year":2025,"baseline_status":"insufficient_observation","status":"review_required","baseline_confidence":null,"confidence":0.8376,"reason_codes":["NO_SAR_FLOOD_SIGNAL","NDVI_GROWTH_RISE","NDVI_PEAK_REACHED","NDVI_HARVEST_DROP","NEAR_THRESHOLD"],"baseline_subtype":"not_evaluated","cultivation_subtype":"mixed_or_unknown","subtype_confidence":null,"subtype_reason_codes":["NO_SAR_FLOOD_SIGNAL","NDVI_GROWTH_RISE","NDVI_PEAK_REACHED"],"change_type":"change_uncertain","change_confidence":null,"change_reason_codes":["OBSERVATION_LIMITS_YEAR_COMPARISON"],"reference_label":null,"evidence_strength":null,"evidence_sources":[],"evidence_dates":[],"review_status":"not_reviewed","polygon_vintage":2026,"valid_s2_count":40,"valid_s1_count":29,"observation_quality":0.9948,"quality_flags":["BOUNDARY_VINTAGE_DIFFERENCE"],"ndvi_max":0.5624260902404785,"ndvi_amplitude":0.5281726829707624,"ndvi_may":0.08215496316552154,"ndvi_aug":0.5413787364959717,"vh_may_db":-20.09742927551269,"vh_aug_db":-13.598042488098145,"centroid_lat":37.6148523,"centroid_lon":141.0148079,"declaration_match":"mismatch","declared_crop":"paddy_rice","declared_status":"planned_cultivation","priority_components":{"declaration":40,"status":23,"change":9,"evidence_uncertainty":1.624,"area":6.1679},"priority_score":79.79,"auto_candidate":true}},{"type":"Feature","geometry":{"type":"Polygon","coordinates":[[[141.006809263,37.609510957],[141.006874781,37.609561791],[141.006929427,37.609523575],[141.006974684,37.609490475],[141.006958428,37.609460499],[141.006929112,37.609403026],[141.006876181,37.609450015],[141.006809263,37.609510957]]]},"properties":{"field_id":"maff-2026-ebfa3ea7-a0d1-4e61-bf04-3a980acf778e","source_polygon_id":"ebfa3ea7-a0d1-4e61-bf04-3a980acf778e","field_id_method":"source_id","municipality":"南相馬市","area_ha":0.012365,"source_land_type":200,"declaration_source":"synthetic_demo","is_synthetic_declaration":true,"baseline_year":2024,"target_year":2025,"baseline_status":"insufficient_observation","status":"insufficient_observation","baseline_confidence":null,"confidence":null,"reason_codes":["INSUFFICIENT_OPTICAL_OBSERVATIONS"],"baseline_subtype":"not_evaluated","cultivation_subtype":"not_evaluated","subtype_confidence":null,"subtype_reason_codes":[],"change_type":"change_uncertain","change_confidence":null,"change_reason_codes":["OBSERVATION_LIMITS_YEAR_COMPARISON"],"reference_label":null,"evidence_strength":null,"evidence_sources":[],"evidence_dates":[],"review_status":"not_reviewed","polygon_vintage":2026,"valid_s2_count":0,"valid_s1_count":0,"observation_quality":0.0,"quality_flags":["BOUNDARY_VINTAGE_DIFFERENCE","SMALL_FIELD_SEVERE","SMALL_FIELD_MIXED_PIXEL","HARVEST_WINDOW_INCOMPLETE"],"ndvi_max":null,"ndvi_amplitude":null,"ndvi_may":null,"ndvi_aug":null,"vh_may_db":null,"vh_aug_db":null,"centroid_lat":37.6094888,"centroid_lon":141.0068972,"declaration_match":"match","declared_crop":"unknown","declared_status":"unknown","priority_components":{"declaration":0,"status":20,"change":9,"evidence_uncertainty":10.0,"area":0.8394},"priority_score":39.84,"auto_candidate":true}},{"type":"Feature","geometry":{"type":"Polygon","coordinates":[[[141.013714554,37.609266937],[141.013929195,37.60926479],[141.013922585,37.609246019],[141.013912738,37.609222259],[141.013896777,37.609211117],[141.013694742,37.609211882],[141.013714554,37.609266937]]]},"properties":{"field_id":"maff-2026-ec39bd1c-b3a9-4e04-84c0-cc9bda8eadc3","source_polygon_id":"ec39bd1c-b3a9-4e04-84c0-cc9bda8eadc3","field_id_method":"source_id","municipality":"南相馬市","area_ha":0.011384,"source_land_type":100,"declaration_source":"synthetic_demo","is_synthetic_declaration":true,"baseline_year":2024,"target_year":2025,"baseline_status":"insufficient_observation","status":"insufficient_observation","baseline_confidence":null,"confidence":null,"reason_codes":["INSUFFICIENT_OPTICAL_OBSERVATIONS"],"baseline_subtype":"not_evaluated","cultivation_subtype":"not_evaluated","subtype_confidence":null,"subtype_reason_codes":[],"change_type":"change_uncertain","change_confidence":null,"change_reason_codes":["OBSERVATION_LIMITS_YEAR_COMPARISON"],"reference_label":null,"evidence_strength":null,"evidence_sources":[],"evidence_dates":[],"review_status":"not_reviewed","polygon_vintage":2026,"valid_s2_count":0,"valid_s1_count":0,"observation_quality":0.0,"quality_flags":["BOUNDARY_VINTAGE_DIFFERENCE","SMALL_FIELD_SEVERE","SMALL_FIELD_MIXED_PIXEL","HARVEST_WINDOW_INCOMPLETE"],"ndvi_max":null,"ndvi_amplitude":null,"ndvi_may":null,"ndvi_aug":null,"vh_may_db":null,"vh_aug_db":null,"centroid_lat":37.6092388,"centroid_lon":141.0138109,"declaration_match":"match","declared_crop":"unknown","declared_status":"unknown","priority_components":{"declaration":0,"status":20,"change":9,"evidence_uncertainty":10.0,"area":0.6934},"priority_score":39.69,"auto_candidate":true}},{"type":"Feature","geometry":{"type":"Polygon","coordinates":[[[141.015043679,37.616812188],[141.015317832,37.616653438],[141.015341769,37.616616983],[141.014813139,37.615964832],[141.014694484,37.615991092],[141.01442663,37.616105205],[141.014629743,37.616326035],[141.014922951,37.616707537],[141.014987169,37.616782111],[141.015043679,37.616812188]]]},"properties":{"field_id":"maff-2026-ed27ff40-1340-4c6e-9d72-4f2d7bcfd850","source_polygon_id":"ed27ff40-1340-4c6e-9d72-4f2d7bcfd850","field_id_method":"source_id","municipality":"南相馬市","area_ha":0.333137,"source_land_type":100,"declaration_source":"synthetic_demo","is_synthetic_declaration":true,"baseline_year":2024,"target_year":2025,"baseline_status":"cultivation_signal","status":"review_required","baseline_confidence":0.9935,"confidence":0.8283,"reason_codes":["NO_SAR_FLOOD_SIGNAL","NDVI_GROWTH_RISE","NDVI_PEAK_REACHED","NDVI_HARVEST_DROP","NEAR_THRESHOLD"],"baseline_subtype":"upland_crop_signal","cultivation_subtype":"mixed_or_unknown","subtype_confidence":null,"subtype_reason_codes":["NO_SAR_FLOOD_SIGNAL","NDVI_GROWTH_RISE","NDVI_PEAK_REACHED"],"change_type":"change_uncertain","change_confidence":0.8283,"change_reason_codes":["YEAR_STATUS_COMPARISON","BOUNDARY_VINTAGE_DIFFERENCE"],"reference_label":null,"evidence_strength":null,"evidence_sources":[],"evidence_dates":[],"review_status":"not_reviewed","polygon_vintage":2026,"valid_s2_count":38,"valid_s1_count":29,"observation_quality":1.0,"quality_flags":["BOUNDARY_VINTAGE_DIFFERENCE"],"ndvi_max":0.5774961113929749,"ndvi_amplitude":0.5059687122702599,"ndvi_may":0.1006964519619941,"ndvi_aug":0.5455265045166016,"vh_may_db":-21.39068984985352,"vh_aug_db":-13.919795513153076,"centroid_lat":37.6163772,"centroid_lon":141.0149015,"declaration_match":"match","declared_crop":"paddy_rice","declared_status":"planned_cultivation","priority_components":{"declaration":0,"status":23,"change":9,"evidence_uncertainty":1.717,"area":5.7664},"priority_score":39.48,"auto_candidate":true}},{"type":"Feature","geometry":{"type":"Polygon","coordinates":[[[141.01259141,37.615388348],[141.012724498,37.615315353],[141.012522787,37.615091419],[141.01238432,37.615170032],[141.012520252,37.615314569],[141.01259141,37.615388348]]]},"properties":{"field_id":"maff-2026-ed872995-b1da-4f99-88ad-00aca42b12c0","source_polygon_id":"ed872995-b1da-4f99-88ad-00aca42b12c0","field_id_method":"source_id","municipality":"南相馬市","area_ha":0.044694,"source_land_type":200,"declaration_source":"synthetic_demo","is_synthetic_declaration":true,"baseline_year":2024,"target_year":2025,"baseline_status":"review_required","status":"review_required","baseline_confidence":0.79,"confidence":0.79,"reason_codes":["NO_SAR_FLOOD_SIGNAL","NDVI_PEAK_LOW","NDVI_AMPLITUDE_LOW","SMALL_FIELD_SEVERE"],"baseline_subtype":"mixed_or_unknown","cultivation_subtype":"mixed_or_unknown","subtype_confidence":null,"subtype_reason_codes":["NO_SAR_FLOOD_SIGNAL"],"change_type":"change_uncertain","change_confidence":0.79,"change_reason_codes":["YEAR_STATUS_COMPARISON","BOUNDARY_VINTAGE_DIFFERENCE"],"reference_label":null,"evidence_strength":null,"evidence_sources":[],"evidence_dates":[],"review_status":"not_reviewed","polygon_vintage":2026,"valid_s2_count":42,"valid_s1_count":29,"observation_quality":0.958,"quality_flags":["BOUNDARY_VINTAGE_DIFFERENCE","SMALL_FIELD_SEVERE","SMALL_FIELD_MIXED_PIXEL"],"ndvi_max":0.3307465612888336,"ndvi_amplitude":0.18148764967918402,"ndvi_may":0.20559973269700998,"ndvi_aug":0.2547539472579956,"vh_may_db":-17.300880432128906,"vh_aug_db":-16.9198260307312,"centroid_lat":37.6152404,"centroid_lon":141.0125548,"declaration_match":"not_comparable","declared_crop":"unknown","declared_status":"unknown","priority_components":{"declaration":20,"status":23,"change":9,"evidence_uncertainty":2.1,"area":2.8832},"priority_score":56.98,"auto_candidate":true}},{"type":"Feature","geometry":{"type":"Polygon","coordinates":[[[141.004923482,37.617710732],[141.005314572,37.617548227],[141.005058458,37.61740039],[141.004834803,37.617505611],[141.004830044,37.617532438],[141.004875549,37.617626747],[141.004907526,37.61768411],[141.004923482,37.617710732]]]},"properties":{"field_id":"maff-2026-edd5019a-6f1a-4e97-a316-39d8529d50bd","source_polygon_id":"edd5019a-6f1a-4e97-a316-39d8529d50bd","field_id_method":"source_id","municipality":"南相馬市","area_ha":0.077722,"source_land_type":100,"declaration_source":"synthetic_demo","is_synthetic_declaration":true,"baseline_year":2024,"target_year":2025,"baseline_status":"insufficient_observation","status":"insufficient_observation","baseline_confidence":null,"confidence":null,"reason_codes":["INSUFFICIENT_OPTICAL_OBSERVATIONS"],"baseline_subtype":"not_evaluated","cultivation_subtype":"not_evaluated","subtype_confidence":null,"subtype_reason_codes":[],"change_type":"change_uncertain","change_confidence":null,"change_reason_codes":["OBSERVATION_LIMITS_YEAR_COMPARISON"],"reference_label":null,"evidence_strength":null,"evidence_sources":[],"evidence_dates":[],"review_status":"not_reviewed","polygon_vintage":2026,"valid_s2_count":0,"valid_s1_count":0,"observation_quality":0.0,"quality_flags":["BOUNDARY_VINTAGE_DIFFERENCE","SMALL_FIELD_WARNING","SMALL_FIELD_MIXED_PIXEL","HARVEST_WINDOW_INCOMPLETE"],"ndvi_max":null,"ndvi_amplitude":null,"ndvi_may":null,"ndvi_aug":null,"vh_may_db":null,"vh_aug_db":null,"centroid_lat":37.6175492,"centroid_lon":141.0050372,"declaration_match":"match","declared_crop":"paddy_rice","declared_status":"planned_cultivation","priority_components":{"declaration":0,"status":20,"change":9,"evidence_uncertainty":10.0,"area":3.7226},"priority_score":42.72,"auto_candidate":true}},{"type":"Feature","geometry":{"type":"Polygon","coordinates":[[[141.017695741,37.608840803],[141.017589837,37.608881423],[141.017591763,37.609002898],[141.01761428,37.609078959],[141.017674635,37.609301563],[141.017654539,37.609378053],[141.017598618,37.609435123],[141.017339155,37.60964681],[141.017314879,37.609683784],[141.017281026,37.609788666],[141.017247665,37.609924622],[141.017596746,37.60998893],[141.017746339,37.610015683],[141.017881548,37.610031279],[141.017903646,37.610034843],[141.018235255,37.610090553],[141.018399832,37.610118202],[141.018417801,37.61012122],[141.018448258,37.610119317],[141.018459679,37.610100281],[141.01823414,37.609498389],[141.018140306,37.609257257],[141.017960944,37.608796336],[141.017936198,37.608786819],[141.01780906,37.608819887],[141.017695741,37.608840803]]]},"properties":{"field_id":"maff-2026-ee2f4c9c-4a85-49d6-8c01-67921aa4396d","source_polygon_id":"ee2f4c9c-4a85-49d6-8c01-67921aa4396d","field_id_method":"source_id","municipality":"南相馬市","area_ha":0.844546,"source_land_type":100,"declaration_source":"synthetic_demo","is_synthetic_declaration":true,"baseline_year":2024,"target_year":2025,"baseline_status":"review_required","status":"cultivation_signal","baseline_confidence":0.8721,"confidence":0.9489,"reason_codes":["NO_SAR_FLOOD_SIGNAL","NDVI_GROWTH_RISE","NDVI_PEAK_REACHED","NDVI_HARVEST_DROP"],"baseline_subtype":"mixed_or_unknown","cultivation_subtype":"upland_crop_signal","subtype_confidence":0.9489,"subtype_reason_codes":["NO_SAR_FLOOD_SIGNAL","NDVI_GROWTH_RISE","NDVI_PEAK_REACHED"],"change_type":"change_uncertain","change_confidence":0.8721,"change_reason_codes":["YEAR_STATUS_COMPARISON","BOUNDARY_VINTAGE_DIFFERENCE"],"reference_label":null,"evidence_strength":null,"evidence_sources":[],"evidence_dates":[],"review_status":"not_reviewed","polygon_vintage":2026,"valid_s2_count":42,"valid_s1_count":29,"observation_quality":0.9994,"quality_flags":["BOUNDARY_VINTAGE_DIFFERENCE"],"ndvi_max":0.5867745280265808,"ndvi_amplitude":0.5624567754566671,"ndvi_may":0.06076257117092605,"ndvi_aug":0.5592626333236694,"vh_may_db":-20.61920738220215,"vh_aug_db":-15.771953582763672,"centroid_lat":37.6095602,"centroid_lon":141.0178686,"declaration_match":"mismatch","declared_crop":"paddy_rice","declared_status":"planned_cultivation","priority_components":{"declaration":40,"status":0,"change":9,"evidence_uncertainty":0,"area":8.6496},"priority_score":57.65,"auto_candidate":true}},{"type":"Feature","geometry":{"type":"Polygon","coordinates":[[[141.007307669,37.615105527],[141.008080837,37.614722355],[141.008074357,37.614691428],[141.007501282,37.613981938],[141.007471093,37.613967934],[141.006760666,37.614338558],[141.006744579,37.61436375],[141.007265381,37.615084492],[141.007307669,37.615105527]]]},"properties":{"field_id":"maff-2026-ef6536f9-e443-4fa1-8654-f28376af85f5","source_polygon_id":"ef6536f9-e443-4fa1-8654-f28376af85f5","field_id_method":"source_id","municipality":"南相馬市","area_ha":0.801694,"source_land_type":100,"declaration_source":"synthetic_demo","is_synthetic_declaration":true,"baseline_year":2024,"target_year":2025,"baseline_status":"cultivation_signal","status":"cultivation_signal","baseline_confidence":0.9899,"confidence":0.9352,"reason_codes":["NO_SAR_FLOOD_SIGNAL","NDVI_GROWTH_RISE","NDVI_PEAK_REACHED","NDVI_HARVEST_DROP"],"baseline_subtype":"upland_crop_signal","cultivation_subtype":"upland_crop_signal","subtype_confidence":0.9352,"subtype_reason_codes":["NO_SAR_FLOOD_SIGNAL","NDVI_GROWTH_RISE","NDVI_PEAK_REACHED"],"change_type":"stable","change_confidence":0.9352,"change_reason_codes":["YEAR_STATUS_COMPARISON","BOUNDARY_VINTAGE_DIFFERENCE"],"reference_label":null,"evidence_strength":null,"evidence_sources":[],"evidence_dates":[],"review_status":"not_reviewed","polygon_vintage":2026,"valid_s2_count":39,"valid_s1_count":29,"observation_quality":1.0,"quality_flags":["BOUNDARY_VINTAGE_DIFFERENCE"],"ndvi_max":0.5772899389266968,"ndvi_amplitude":0.6061348598450422,"ndvi_may":0.037065532058477346,"ndvi_aug":0.5518646836280823,"vh_may_db":-21.07603073120117,"vh_aug_db":-14.554877281188965,"centroid_lat":37.614539,"centroid_lon":141.0074046,"declaration_match":"match","declared_crop":"paddy_rice","declared_status":"planned_cultivation","priority_components":{"declaration":0,"status":0,"change":0,"evidence_uncertainty":0,"area":8.2482},"priority_score":8.25,"auto_candidate":false}},{"type":"Feature","geometry":{"type":"Polygon","coordinates":[[[141.014707165,37.618975914],[141.01484327,37.618944505],[141.015228743,37.618561412],[141.015295368,37.618506685],[141.015635631,37.618330605],[141.015628492,37.618287775],[141.015411961,37.618128351],[141.015352475,37.61813073],[141.014717159,37.618442439],[141.014671949,37.618475752],[141.014707165,37.618975914]]]},"properties":{"field_id":"maff-2026-f0f3e1cd-359f-4441-94f4-615847b1ed72","source_polygon_id":"f0f3e1cd-359f-4441-94f4-615847b1ed72","field_id_method":"source_id","municipality":"南相馬市","area_ha":0.359065,"source_land_type":100,"declaration_source":"synthetic_demo","is_synthetic_declaration":true,"baseline_year":2024,"target_year":2025,"baseline_status":"review_required","status":"review_required","baseline_confidence":0.8939,"confidence":0.7016,"reason_codes":["SIGNAL_CONFLICT"],"baseline_subtype":"mixed_or_unknown","cultivation_subtype":"mixed_or_unknown","subtype_confidence":null,"subtype_reason_codes":[],"change_type":"change_uncertain","change_confidence":0.7016,"change_reason_codes":["YEAR_STATUS_COMPARISON","BOUNDARY_VINTAGE_DIFFERENCE"],"reference_label":null,"evidence_strength":null,"evidence_sources":[],"evidence_dates":[],"review_status":"not_reviewed","polygon_vintage":2026,"valid_s2_count":44,"valid_s1_count":29,"observation_quality":0.9981,"quality_flags":["BOUNDARY_VINTAGE_DIFFERENCE"],"ndvi_max":0.6046053767204285,"ndvi_amplitude":0.5028414726257324,"ndvi_may":0.15091355890035624,"ndvi_aug":0.2784552872180938,"vh_may_db":-16.590377807617188,"vh_aug_db":-14.425581932067871,"centroid_lat":37.6185034,"centroid_lon":141.0150665,"declaration_match":"match","declared_crop":"paddy_rice","declared_status":"planned_cultivation","priority_components":{"declaration":0,"status":23,"change":9,"evidence_uncertainty":2.984,"area":5.9124},"priority_score":40.9,"auto_candidate":true}},{"type":"Feature","geometry":{"type":"Polygon","coordinates":[[[141.014778427,37.61419241],[141.014875048,37.614163189],[141.014925779,37.614226724],[141.014982391,37.614212972],[141.014898098,37.614123402],[141.014772245,37.613951368],[141.014658826,37.613816881],[141.014634615,37.613783218],[141.014610969,37.613785339],[141.014568444,37.613791415],[141.014545156,37.613816136],[141.014567328,37.613870539],[141.014620724,37.613952884],[141.014669207,37.614023977],[141.014708219,37.614095165],[141.014747262,37.614168236],[141.014778427,37.61419241]]]},"properties":{"field_id":"maff-2026-f1a2724c-77d9-495a-8b36-d85f88f3d894","source_polygon_id":"f1a2724c-77d9-495a-8b36-d85f88f3d894","field_id_method":"source_id","municipality":"南相馬市","area_ha":0.060339,"source_land_type":200,"declaration_source":"synthetic_demo","is_synthetic_declaration":true,"baseline_year":2024,"target_year":2025,"baseline_status":"fallow_candidate","status":"review_required","baseline_confidence":0.79,"confidence":0.6607,"reason_codes":["SIGNAL_CONFLICT","NEAR_THRESHOLD"],"baseline_subtype":"mixed_or_unknown","cultivation_subtype":"mixed_or_unknown","subtype_confidence":null,"subtype_reason_codes":[],"change_type":"change_uncertain","change_confidence":0.6607,"change_reason_codes":["YEAR_STATUS_COMPARISON","BOUNDARY_VINTAGE_DIFFERENCE"],"reference_label":null,"evidence_strength":null,"evidence_sources":[],"evidence_dates":[],"review_status":"not_reviewed","polygon_vintage":2026,"valid_s2_count":43,"valid_s1_count":29,"observation_quality":0.9315,"quality_flags":["BOUNDARY_VINTAGE_DIFFERENCE","SMALL_FIELD_WARNING","SMALL_FIELD_MIXED_PIXEL"],"ndvi_max":0.3859091699123382,"ndvi_amplitude":0.2735398337244987,"ndvi_may":0.14407520741224283,"ndvi_aug":0.229619562625885,"vh_may_db":-20.85773277282715,"vh_aug_db":-15.124645233154297,"centroid_lat":37.6140092,"centroid_lon":141.0147374,"declaration_match":"not_comparable","declared_crop":"unknown","declared_status":"unknown","priority_components":{"declaration":20,"status":23,"change":9,"evidence_uncertainty":3.393,"area":3.4672},"priority_score":58.86,"auto_candidate":true}},{"type":"Feature","geometry":{"type":"Polygon","coordinates":[[[141.010651767,37.613669339],[141.010727273,37.613793946],[141.010761676,37.613810317],[141.010793155,37.613807913],[141.010830514,37.613845149],[141.010885562,37.613838332],[141.010995164,37.613793361],[141.011034423,37.613784612],[141.011084121,37.61377158],[141.011099548,37.613750533],[141.01109134,37.613729722],[141.011141005,37.613714601],[141.0111909,37.613714102],[141.011171726,37.613664149],[141.011168507,37.613626573],[141.011162892,37.613603647],[141.011146972,37.613593358],[141.011115294,37.613583228],[141.011060245,37.613590046],[141.010693488,37.613650118],[141.010641033,37.61365482],[141.010651767,37.613669339]]]},"properties":{"field_id":"maff-2026-f6515484-9be1-4d83-bb75-83e58a27f7ba","source_polygon_id":"f6515484-9be1-4d83-bb75-83e58a27f7ba","field_id_method":"source_id","municipality":"南相馬市","area_ha":0.086186,"source_land_type":200,"declaration_source":"synthetic_demo","is_synthetic_declaration":true,"baseline_year":2024,"target_year":2025,"baseline_status":"review_required","status":"review_required","baseline_confidence":0.79,"confidence":0.7066,"reason_codes":["SIGNAL_CONFLICT","NEAR_THRESHOLD"],"baseline_subtype":"mixed_or_unknown","cultivation_subtype":"mixed_or_unknown","subtype_confidence":null,"subtype_reason_codes":[],"change_type":"change_uncertain","change_confidence":0.7066,"change_reason_codes":["YEAR_STATUS_COMPARISON","BOUNDARY_VINTAGE_DIFFERENCE"],"reference_label":null,"evidence_strength":null,"evidence_sources":[],"evidence_dates":[],"review_status":"not_reviewed","polygon_vintage":2026,"valid_s2_count":41,"valid_s1_count":29,"observation_quality":0.9625,"quality_flags":["BOUNDARY_VINTAGE_DIFFERENCE","SMALL_FIELD_WARNING","SMALL_FIELD_MIXED_PIXEL"],"ndvi_max":0.5371977686882019,"ndvi_amplitude":0.2754527926445008,"ndvi_may":0.4930785298347473,"ndvi_aug":0.3965053856372833,"vh_may_db":-15.038427352905272,"vh_aug_db":-16.159154891967773,"centroid_lat":37.6137052,"centroid_lon":141.010923,"declaration_match":"match","declared_crop":"upland_crop","declared_status":"planned_cultivation","priority_components":{"declaration":0,"status":23,"change":9,"evidence_uncertainty":2.934,"area":3.9416},"priority_score":38.88,"auto_candidate":true}},{"type":"Feature","geometry":{"type":"Polygon","coordinates":[[[141.010481908,37.613160043],[141.010254326,37.61285741],[141.010082556,37.612957322],[141.010064832,37.612999286],[141.009976435,37.61305658],[141.010046094,37.613143637],[141.010126909,37.613105224],[141.01019647,37.613186014],[141.010235248,37.61317776],[141.01027007,37.613257515],[141.010481908,37.613160043]]]},"properties":{"field_id":"maff-2026-f653bfae-5935-4212-952e-9964ee83c4ee","source_polygon_id":"f653bfae-5935-4212-952e-9964ee83c4ee","field_id_method":"source_id","municipality":"南相馬市","area_ha":0.09582,"source_land_type":200,"declaration_source":"synthetic_demo","is_synthetic_declaration":true,"baseline_year":2024,"target_year":2025,"baseline_status":"review_required","status":"review_required","baseline_confidence":0.5853,"confidence":0.79,"reason_codes":["NO_SAR_FLOOD_SIGNAL","NDVI_PEAK_LOW","NDVI_AMPLITUDE_LOW","NEAR_THRESHOLD"],"baseline_subtype":"mixed_or_unknown","cultivation_subtype":"mixed_or_unknown","subtype_confidence":null,"subtype_reason_codes":["NO_SAR_FLOOD_SIGNAL"],"change_type":"change_uncertain","change_confidence":0.5853,"change_reason_codes":["YEAR_STATUS_COMPARISON","BOUNDARY_VINTAGE_DIFFERENCE"],"reference_label":null,"evidence_strength":null,"evidence_sources":[],"evidence_dates":[],"review_status":"not_reviewed","polygon_vintage":2026,"valid_s2_count":38,"valid_s1_count":29,"observation_quality":0.9168,"quality_flags":["BOUNDARY_VINTAGE_DIFFERENCE","SMALL_FIELD_WARNING","SMALL_FIELD_MIXED_PIXEL"],"ndvi_max":0.490996390581131,"ndvi_amplitude":0.3357592672109604,"ndvi_may":0.2370733022689819,"ndvi_aug":0.3070917427539825,"vh_may_db":-17.355819702148438,"vh_aug_db":-12.91493558883667,"centroid_lat":37.6130633,"centroid_lon":141.0102375,"declaration_match":"match","declared_crop":"unknown","declared_status":"unknown","priority_components":{"declaration":0,"status":23,"change":9,"evidence_uncertainty":2.1,"area":4.2701},"priority_score":38.37,"auto_candidate":true}},{"type":"Feature","geometry":{"type":"Polygon","coordinates":[[[141.013713488,37.609647033],[141.013935409,37.609657779],[141.013957384,37.609650026],[141.013964879,37.609624836],[141.013959549,37.609587216],[141.013709753,37.60957926],[141.013712885,37.609608896],[141.013713187,37.609627964],[141.013713488,37.609647033]]]},"properties":{"field_id":"maff-2026-f6f33a2b-00c8-4c53-b562-ee17f5119974","source_polygon_id":"f6f33a2b-00c8-4c53-b562-ee17f5119974","field_id_method":"source_id","municipality":"南相馬市","area_ha":0.01689,"source_land_type":100,"declaration_source":"synthetic_demo","is_synthetic_declaration":true,"baseline_year":2024,"target_year":2025,"baseline_status":"insufficient_observation","status":"insufficient_observation","baseline_confidence":null,"confidence":null,"reason_codes":["INSUFFICIENT_OPTICAL_OBSERVATIONS"],"baseline_subtype":"not_evaluated","cultivation_subtype":"not_evaluated","subtype_confidence":null,"subtype_reason_codes":[],"change_type":"change_uncertain","change_confidence":null,"change_reason_codes":["OBSERVATION_LIMITS_YEAR_COMPARISON"],"reference_label":null,"evidence_strength":null,"evidence_sources":[],"evidence_dates":[],"review_status":"not_reviewed","polygon_vintage":2026,"valid_s2_count":0,"valid_s1_count":0,"observation_quality":0.0,"quality_flags":["BOUNDARY_VINTAGE_DIFFERENCE","SMALL_FIELD_SEVERE","SMALL_FIELD_MIXED_PIXEL","HARVEST_WINDOW_INCOMPLETE"],"ndvi_max":null,"ndvi_amplitude":null,"ndvi_may":null,"ndvi_aug":null,"vh_may_db":null,"vh_aug_db":null,"centroid_lat":37.6096178,"centroid_lon":141.0138374,"declaration_match":"match","declared_crop":"unknown","declared_status":"unknown","priority_components":{"declaration":0,"status":20,"change":9,"evidence_uncertainty":10.0,"area":1.4599},"priority_score":40.46,"auto_candidate":true}},{"type":"Feature","geometry":{"type":"Polygon","coordinates":[[[141.0100224,37.614398529],[141.010147827,37.61435758],[141.010150288,37.614347109],[141.009882249,37.614005041],[141.009770216,37.61406257],[141.0098189,37.614151926],[141.009939477,37.614303245],[141.0100224,37.614398529]]]},"properties":{"field_id":"maff-2026-f85160a5-b398-438d-8a45-a69b105f2961","source_polygon_id":"f85160a5-b398-438d-8a45-a69b105f2961","field_id_method":"source_id","municipality":"南相馬市","area_ha":0.057831,"source_land_type":200,"declaration_source":"synthetic_demo","is_synthetic_declaration":true,"baseline_year":2024,"target_year":2025,"baseline_status":"fallow_candidate","status":"fallow_candidate","baseline_confidence":0.79,"confidence":0.79,"reason_codes":["NO_SAR_FLOOD_SIGNAL","NDVI_PEAK_LOW","NDVI_AMPLITUDE_LOW"],"baseline_subtype":"mixed_or_unknown","cultivation_subtype":"mixed_or_unknown","subtype_confidence":null,"subtype_reason_codes":["NO_SAR_FLOOD_SIGNAL"],"change_type":"stable","change_confidence":0.79,"change_reason_codes":["YEAR_STATUS_COMPARISON","BOUNDARY_VINTAGE_DIFFERENCE"],"reference_label":null,"evidence_strength":null,"evidence_sources":[],"evidence_dates":[],"review_status":"not_reviewed","polygon_vintage":2026,"valid_s2_count":40,"valid_s1_count":29,"observation_quality":1.0,"quality_flags":["BOUNDARY_VINTAGE_DIFFERENCE","SMALL_FIELD_WARNING","SMALL_FIELD_MIXED_PIXEL"],"ndvi_max":0.3099098801612854,"ndvi_amplitude":0.1711212992668152,"ndvi_may":0.152753934264183,"ndvi_aug":0.2625769972801208,"vh_may_db":-17.012313842773438,"vh_aug_db":-16.59538173675537,"centroid_lat":37.6142075,"centroid_lon":141.0099547,"declaration_match":"match","declared_crop":"paddy_rice","declared_status":"planned_cultivation","priority_components":{"declaration":0,"status":25,"change":0,"evidence_uncertainty":7.9,"area":3.4307},"priority_score":36.33,"auto_candidate":true}},{"type":"Feature","geometry":{"type":"Polygon","coordinates":[[[141.013151616,37.614041115],[141.013242095,37.614004923],[141.013385793,37.613938485],[141.013448291,37.61390443],[141.013412338,37.61384536],[141.01307915,37.613406774],[141.012896645,37.613489124],[141.012802879,37.61353986],[141.012799318,37.613567444],[141.01280235,37.613590723],[141.012820165,37.613622332],[141.012975564,37.613833012],[141.013151616,37.614041115]]]},"properties":{"field_id":"maff-2026-f8972b53-b9f8-4d45-aa3c-268a27fe9fda","source_polygon_id":"f8972b53-b9f8-4d45-aa3c-268a27fe9fda","field_id_method":"source_id","municipality":"南相馬市","area_ha":0.204032,"source_land_type":100,"declaration_source":"synthetic_demo","is_synthetic_declaration":true,"baseline_year":2024,"target_year":2025,"baseline_status":"review_required","status":"cultivation_signal","baseline_confidence":0.8619,"confidence":0.9993,"reason_codes":["NO_SAR_FLOOD_SIGNAL","NDVI_GROWTH_RISE","NDVI_PEAK_REACHED","NDVI_HARVEST_DROP"],"baseline_subtype":"mixed_or_unknown","cultivation_subtype":"upland_crop_signal","subtype_confidence":0.9993,"subtype_reason_codes":["NO_SAR_FLOOD_SIGNAL","NDVI_GROWTH_RISE","NDVI_PEAK_REACHED"],"change_type":"change_uncertain","change_confidence":0.8619,"change_reason_codes":["YEAR_STATUS_COMPARISON","BOUNDARY_VINTAGE_DIFFERENCE"],"reference_label":null,"evidence_strength":null,"evidence_sources":[],"evidence_dates":[],"review_status":"not_reviewed","polygon_vintage":2026,"valid_s2_count":38,"valid_s1_count":29,"observation_quality":1.0,"quality_flags":["BOUNDARY_VINTAGE_DIFFERENCE"],"ndvi_max":0.6215235590934753,"ndvi_amplitude":0.6225310142617673,"ndvi_may":0.012378443614579751,"ndvi_aug":0.5852862596511841,"vh_may_db":-20.359691619873047,"vh_aug_db":-12.313781261444092,"centroid_lat":37.6137271,"centroid_lon":141.0131126,"declaration_match":"mismatch","declared_crop":"paddy_rice","declared_status":"planned_cultivation","priority_components":{"declaration":40,"status":0,"change":9,"evidence_uncertainty":0,"area":5.292},"priority_score":54.29,"auto_candidate":true}},{"type":"Feature","geometry":{"type":"Polygon","coordinates":[[[141.017482064,37.610915112],[141.017613544,37.610977417],[141.017825441,37.611067379],[141.017856476,37.61103358],[141.017870436,37.610984885],[141.01789223,37.610899275],[141.017874359,37.610834155],[141.017829451,37.610789398],[141.017678062,37.610931562],[141.017594824,37.610858727],[141.017482064,37.610915112]]]},"properties":{"field_id":"maff-2026-f9b675e0-86e2-4661-8103-99b7de25bfc8","source_polygon_id":"f9b675e0-86e2-4661-8103-99b7de25bfc8","field_id_method":"source_id","municipality":"南相馬市","area_ha":0.050477,"source_land_type":200,"declaration_source":"synthetic_demo","is_synthetic_declaration":true,"baseline_year":2024,"target_year":2025,"baseline_status":"fallow_candidate","status":"review_required","baseline_confidence":0.79,"confidence":0.79,"reason_codes":["NO_SAR_FLOOD_SIGNAL","NDVI_PEAK_LOW","NDVI_AMPLITUDE_LOW","NEAR_THRESHOLD"],"baseline_subtype":"mixed_or_unknown","cultivation_subtype":"mixed_or_unknown","subtype_confidence":null,"subtype_reason_codes":["NO_SAR_FLOOD_SIGNAL"],"change_type":"change_uncertain","change_confidence":0.79,"change_reason_codes":["YEAR_STATUS_COMPARISON","BOUNDARY_VINTAGE_DIFFERENCE"],"reference_label":null,"evidence_strength":null,"evidence_sources":[],"evidence_dates":[],"review_status":"not_reviewed","polygon_vintage":2026,"valid_s2_count":42,"valid_s1_count":29,"observation_quality":1.0,"quality_flags":["BOUNDARY_VINTAGE_DIFFERENCE","SMALL_FIELD_WARNING","SMALL_FIELD_MIXED_PIXEL"],"ndvi_max":0.4398968815803528,"ndvi_amplitude":0.28932006657123566,"ndvi_may":0.24915209412574763,"ndvi_aug":0.2317795306444168,"vh_may_db":-17.586200714111328,"vh_aug_db":-14.908031463623047,"centroid_lat":37.610935,"centroid_lon":141.0177412,"declaration_match":"match","declared_crop":"unknown","declared_status":"unknown","priority_components":{"declaration":0,"status":23,"change":9,"evidence_uncertainty":2.1,"area":3.2482},"priority_score":37.35,"auto_candidate":true}},{"type":"Feature","geometry":{"type":"Polygon","coordinates":[[[141.004348711,37.616544441],[141.005172152,37.616126756],[141.004612757,37.615389591],[141.003847748,37.615784976],[141.003875108,37.61582205],[141.003826612,37.615855961],[141.004033936,37.616124125],[141.004298729,37.616483651],[141.004348711,37.616544441]]]},"properties":{"field_id":"maff-2026-fa1efca1-763e-4e32-9733-185f238df930","source_polygon_id":"fa1efca1-763e-4e32-9733-185f238df930","field_id_method":"source_id","municipality":"南相馬市","area_ha":0.816473,"source_land_type":100,"declaration_source":"synthetic_demo","is_synthetic_declaration":true,"baseline_year":2024,"target_year":2025,"baseline_status":"insufficient_observation","status":"insufficient_observation","baseline_confidence":null,"confidence":null,"reason_codes":["INSUFFICIENT_OPTICAL_OBSERVATIONS"],"baseline_subtype":"not_evaluated","cultivation_subtype":"not_evaluated","subtype_confidence":null,"subtype_reason_codes":[],"change_type":"change_uncertain","change_confidence":null,"change_reason_codes":["OBSERVATION_LIMITS_YEAR_COMPARISON"],"reference_label":null,"evidence_strength":null,"evidence_sources":[],"evidence_dates":[],"review_status":"not_reviewed","polygon_vintage":2026,"valid_s2_count":0,"valid_s1_count":0,"observation_quality":0.0,"quality_flags":["BOUNDARY_VINTAGE_DIFFERENCE","HARVEST_WINDOW_INCOMPLETE"],"ndvi_max":null,"ndvi_amplitude":null,"ndvi_may":null,"ndvi_aug":null,"vh_may_db":null,"vh_aug_db":null,"centroid_lat":37.6159688,"centroid_lon":141.0044851,"declaration_match":"not_comparable","declared_crop":"unknown","declared_status":"unknown","priority_components":{"declaration":20,"status":20,"change":9,"evidence_uncertainty":10.0,"area":8.4672},"priority_score":67.47,"auto_candidate":true}},{"type":"Feature","geometry":{"type":"Polygon","coordinates":[[[141.011113594,37.612896098],[141.0120166,37.612478503],[141.01135273,37.611629035],[141.010506831,37.61209303],[141.010488986,37.61213586],[141.011113594,37.612896098]]]},"properties":{"field_id":"maff-2026-fa45edba-4ddd-4e4c-848c-0a1fb5c6308c","source_polygon_id":"fa45edba-4ddd-4e4c-848c-0a1fb5c6308c","field_id_method":"source_id","municipality":"南相馬市","area_ha":1.001433,"source_land_type":100,"declaration_source":"synthetic_demo","is_synthetic_declaration":true,"baseline_year":2024,"target_year":2025,"baseline_status":"review_required","status":"cultivation_signal","baseline_confidence":0.7651,"confidence":0.9986,"reason_codes":["NO_SAR_FLOOD_SIGNAL","NDVI_GROWTH_RISE","NDVI_PEAK_REACHED","NDVI_HARVEST_DROP"],"baseline_subtype":"mixed_or_unknown","cultivation_subtype":"upland_crop_signal","subtype_confidence":0.9986,"subtype_reason_codes":["NO_SAR_FLOOD_SIGNAL","NDVI_GROWTH_RISE","NDVI_PEAK_REACHED"],"change_type":"change_uncertain","change_confidence":0.7651,"change_reason_codes":["YEAR_STATUS_COMPARISON","BOUNDARY_VINTAGE_DIFFERENCE"],"reference_label":null,"evidence_strength":null,"evidence_sources":[],"evidence_dates":[],"review_status":"not_reviewed","polygon_vintage":2026,"valid_s2_count":42,"valid_s1_count":29,"observation_quality":1.0,"quality_flags":["BOUNDARY_VINTAGE_DIFFERENCE"],"ndvi_max":0.6143909692764282,"ndvi_amplitude":0.5812326669692993,"ndvi_may":0.08483865112066265,"ndvi_aug":0.598861813545227,"vh_may_db":-21.28515625,"vh_aug_db":-14.02837085723877,"centroid_lat":37.612275,"centroid_lon":141.0112423,"declaration_match":"match","declared_crop":"other_crop","declared_status":"planned_fallow","priority_components":{"declaration":0,"status":0,"change":9,"evidence_uncertainty":0,"area":9.3796},"priority_score":18.38,"auto_candidate":true}},{"type":"Feature","geometry":{"type":"Polygon","coordinates":[[[141.009912094,37.612973647],[141.010039617,37.612899249],[141.01007182,37.612942804],[141.010238339,37.612842944],[141.010003858,37.61263008],[141.009874268,37.612740019],[141.009784029,37.612680327],[141.009732397,37.612737254],[141.009761613,37.612757857],[141.00978607,37.612809847],[141.009786465,37.612834914],[141.009816141,37.612884763],[141.009856256,37.612930328],[141.009912094,37.612973647]]]},"properties":{"field_id":"maff-2026-fbeeb618-75fa-497e-af08-08fe34dae7c4","source_polygon_id":"fbeeb618-75fa-497e-af08-08fe34dae7c4","field_id_method":"source_id","municipality":"南相馬市","area_ha":0.090102,"source_land_type":200,"declaration_source":"synthetic_demo","is_synthetic_declaration":true,"baseline_year":2024,"target_year":2025,"baseline_status":"fallow_candidate","status":"fallow_candidate","baseline_confidence":0.79,"confidence":0.79,"reason_codes":["NO_SAR_FLOOD_SIGNAL","NDVI_PEAK_LOW","NDVI_AMPLITUDE_LOW"],"baseline_subtype":"mixed_or_unknown","cultivation_subtype":"mixed_or_unknown","subtype_confidence":null,"subtype_reason_codes":["NO_SAR_FLOOD_SIGNAL"],"change_type":"stable","change_confidence":0.79,"change_reason_codes":["YEAR_STATUS_COMPARISON","BOUNDARY_VINTAGE_DIFFERENCE"],"reference_label":null,"evidence_strength":null,"evidence_sources":[],"evidence_dates":[],"review_status":"not_reviewed","polygon_vintage":2026,"valid_s2_count":39,"valid_s1_count":29,"observation_quality":0.9542,"quality_flags":["BOUNDARY_VINTAGE_DIFFERENCE","SMALL_FIELD_WARNING","SMALL_FIELD_MIXED_PIXEL"],"ndvi_max":0.4904171228408813,"ndvi_amplitude":0.3225172907114029,"ndvi_may":0.27593136578798294,"ndvi_aug":0.4139589071273803,"vh_may_db":-17.716629028320312,"vh_aug_db":-17.029705047607422,"centroid_lat":37.6128086,"centroid_lon":141.0099766,"declaration_match":"match","declared_crop":"paddy_rice","declared_status":"planned_cultivation","priority_components":{"declaration":0,"status":25,"change":0,"evidence_uncertainty":7.9,"area":4.0511},"priority_score":36.95,"auto_candidate":true}},{"type":"Feature","geometry":{"type":"Polygon","coordinates":[[[141.011613261,37.611884354],[141.011730194,37.612035646],[141.011920683,37.612271464],[141.012080657,37.612468562],[141.013013914,37.612009972],[141.012849464,37.611803457],[141.01254564,37.611428343],[141.011613261,37.611884354]]]},"properties":{"field_id":"maff-2026-fc94d9aa-1563-4ff1-b582-ec2ac05993de","source_polygon_id":"fc94d9aa-1563-4ff1-b582-ec2ac05993de","field_id_method":"source_id","municipality":"南相馬市","area_ha":0.7437,"source_land_type":100,"declaration_source":"synthetic_demo","is_synthetic_declaration":true,"baseline_year":2024,"target_year":2025,"baseline_status":"review_required","status":"review_required","baseline_confidence":0.6949,"confidence":0.8392,"reason_codes":["NO_SAR_FLOOD_SIGNAL","NDVI_GROWTH_RISE","NDVI_PEAK_REACHED","NDVI_HARVEST_DROP","NEAR_THRESHOLD"],"baseline_subtype":"mixed_or_unknown","cultivation_subtype":"mixed_or_unknown","subtype_confidence":null,"subtype_reason_codes":["NO_SAR_FLOOD_SIGNAL","NDVI_GROWTH_RISE","NDVI_PEAK_REACHED"],"change_type":"change_uncertain","change_confidence":0.6949,"change_reason_codes":["YEAR_STATUS_COMPARISON","BOUNDARY_VINTAGE_DIFFERENCE"],"reference_label":null,"evidence_strength":null,"evidence_sources":[],"evidence_dates":[],"review_status":"not_reviewed","polygon_vintage":2026,"valid_s2_count":41,"valid_s1_count":29,"observation_quality":1.0,"quality_flags":["BOUNDARY_VINTAGE_DIFFERENCE"],"ndvi_max":0.5877664089202881,"ndvi_amplitude":0.6162925586104393,"ndvi_may":0.1050329953432083,"ndvi_aug":0.5706488490104675,"vh_may_db":-21.85118103027344,"vh_aug_db":-14.960877895355225,"centroid_lat":37.6119482,"centroid_lon":141.0123127,"declaration_match":"match","declared_crop":"paddy_rice","declared_status":"planned_cultivation","priority_components":{"declaration":0,"status":23,"change":9,"evidence_uncertainty":1.608,"area":7.8832},"priority_score":41.49,"auto_candidate":true}},{"type":"Feature","geometry":{"type":"Polygon","coordinates":[[[141.010084569,37.615691841],[141.010117655,37.615687744],[141.010282049,37.61560134],[141.010100831,37.615371461],[141.009818158,37.615014506],[141.009726536,37.615060627],[141.009646751,37.615106629],[141.009635329,37.615133114],[141.009691207,37.615222971],[141.009923003,37.615506972],[141.010038992,37.615654623],[141.010084569,37.615691841]]]},"properties":{"field_id":"maff-2026-fdb493c7-9267-40b9-836f-8908a0eb82a6","source_polygon_id":"fdb493c7-9267-40b9-836f-8908a0eb82a6","field_id_method":"source_id","municipality":"南相馬市","area_ha":0.163711,"source_land_type":100,"declaration_source":"synthetic_demo","is_synthetic_declaration":true,"baseline_year":2024,"target_year":2025,"baseline_status":"review_required","status":"review_required","baseline_confidence":0.7925,"confidence":0.6101,"reason_codes":["SIGNAL_CONFLICT","NEAR_THRESHOLD"],"baseline_subtype":"mixed_or_unknown","cultivation_subtype":"mixed_or_unknown","subtype_confidence":null,"subtype_reason_codes":[],"change_type":"change_uncertain","change_confidence":0.6101,"change_reason_codes":["YEAR_STATUS_COMPARISON","BOUNDARY_VINTAGE_DIFFERENCE"],"reference_label":null,"evidence_strength":null,"evidence_sources":[],"evidence_dates":[],"review_status":"not_reviewed","polygon_vintage":2026,"valid_s2_count":41,"valid_s1_count":29,"observation_quality":1.0,"quality_flags":["BOUNDARY_VINTAGE_DIFFERENCE"],"ndvi_max":0.4885404706001282,"ndvi_amplitude":0.3983286991715432,"ndvi_may":0.15445023030042643,"ndvi_aug":0.4639632105827331,"vh_may_db":-15.16396713256836,"vh_aug_db":-13.507451057434082,"centroid_lat":37.6153597,"centroid_lon":141.0099489,"declaration_match":"mismatch","declared_crop":"upland_crop","declared_status":"planned_cultivation","priority_components":{"declaration":40,"status":23,"change":9,"evidence_uncertainty":3.899,"area":5.0},"priority_score":80.9,"auto_candidate":true}}]}